Area,ISO 3 code,Year,Area type,Electricity source,Is aggregated source,Generation (TWh),Generation YoY change (TWh),Generation YoY change (%),Share of generation (%),Share of generation YoY change (% points),Capacity (GW),Emissions (MtCO2e),Emissions YoY change (MtCO2e),Emissions YoY change (%),Share of emissions (%),Emissions intensity (gCO2e/kWh),Continent,Ember region,EU member,OECD member,G20 member,G7 member,ASEAN member
Angola,AGO,2000,Country or economy,Solar,False,0.0,,,0.0,,0.0,0.0,,,0.0,,Africa,Africa,False,False,False,False,False
Angola,AGO,2000,Country or economy,Wind,False,0.0,,,0.0,,0.0,0.0,,,0.0,,Africa,Africa,False,False,False,False,False
Angola,AGO,2000,Country or economy,Hydro,False,0.91,,,63.194,,0.24,0.022,,,5.94,24.176,Africa,Africa,False,False,False,False,False
Angola,AGO,2000,Country or economy,Bioenergy,False,0.0,,,0.0,,0.0,0.0,,,0.0,,Africa,Africa,False,False,False,False,False
Angola,AGO,2000,Country or economy,Other renewables,False,0.0,,,0.0,,0.0,0.0,,,0.0,,Africa,Africa,False,False,False,False,False
Angola,AGO,2000,Country or economy,Nuclear,False,0.0,,,0.0,,0.0,0.0,,,0.0,,Africa,Africa,False,False,False,False,False
Angola,AGO,2000,Country or economy,Coal,False,0.0,,,0.0,,,0.0,,,0.0,,Africa,Africa,False,False,False,False,False
Angola,AGO,2000,Country or economy,Gas,False,0.0,,,0.0,,0.0,0.0,,,0.0,,Africa,Africa,False,False,False,False,False
Angola,AGO,2000,Country or economy,Other fossil,False,0.53,,,36.806,,0.15,0.349,,,94.232,658.491,Africa,Africa,False,False,False,False,False
Angola,AGO,2000,Country or economy,Net imports,False,0.0,,,0.0,,,0.0,,,0.0,,Africa,Africa,False,False,False,False,False
Angola,AGO,2000,Country or economy,Wind and solar,True,0.0,,,0.0,,0.0,0.0,,,0.0,,Africa,Africa,False,False,False,False,False
Angola,AGO,2000,Country or economy,"Hydro, bioenergy and other renewables",True,0.91,,,63.194,,0.24,0.022,,,5.94,24.176,Africa,Africa,False,False,False,False,False
Angola,AGO,2000,Country or economy,Renewables,True,0.91,,,63.194,,0.24,0.022,,,5.94,24.176,Africa,Africa,False,False,False,False,False
Angola,AGO,2000,Country or economy,Clean,True,0.91,,,63.194,,0.24,0.022,,,5.94,24.176,Africa,Africa,False,False,False,False,False
Angola,AGO,2000,Country or economy,Fossil,True,0.53,,,36.806,,0.15,0.349,,,94.232,658.491,Africa,Africa,False,False,False,False,False
Angola,AGO,2000,Country or economy,Total generation,True,1.44,,,100.0,,0.39,0.37,,,99.902,256.944,Africa,Africa,False,False,False,False,False
Angola,AGO,2000,Country or economy,Demand,True,1.44,,,100.0,,,,,,,,Africa,Africa,False,False,False,False,False
Angola,AGO,2001,Country or economy,Solar,False,0.0,0.0,,0.0,0.0,0.0,0.0,0.0,,0.0,,Africa,Africa,False,False,False,False,False
Angola,AGO,2001,Country or economy,Wind,False,0.0,0.0,,0.0,0.0,0.0,0.0,0.0,,0.0,,Africa,Africa,False,False,False,False,False
Angola,AGO,2001,Country or economy,Hydro,False,1.02,0.11,12.088,62.195,-0.999,0.24,0.024,0.002,9.091,5.553,23.529,Africa,Africa,False,False,False,False,False
Angola,AGO,2001,Country or economy,Bioenergy,False,0.0,0.0,,0.0,0.0,0.0,0.0,0.0,,0.0,,Africa,Africa,False,False,False,False,False
Angola,AGO,2001,Country or economy,Other renewables,False,0.0,0.0,,0.0,0.0,0.0,0.0,0.0,,0.0,,Africa,Africa,False,False,False,False,False
Angola,AGO,2001,Country or economy,Nuclear,False,0.0,0.0,,0.0,0.0,0.0,0.0,0.0,,0.0,,Africa,Africa,False,False,False,False,False
Angola,AGO,2001,Country or economy,Coal,False,0.0,0.0,,0.0,0.0,,0.0,0.0,,0.0,,Africa,Africa,False,False,False,False,False
Angola,AGO,2001,Country or economy,Gas,False,0.0,0.0,,0.0,0.0,0.0,0.0,0.0,,0.0,,Africa,Africa,False,False,False,False,False
Angola,AGO,2001,Country or economy,Other fossil,False,0.62,0.09,16.981,37.805,0.999,0.2,0.408,0.059,16.905,94.402,658.065,Africa,Africa,False,False,False,False,False
Angola,AGO,2001,Country or economy,Net imports,False,0.0,0.0,,0.0,0.0,,0.0,0.0,,0.0,,Africa,Africa,False,False,False,False,False
Angola,AGO,2001,Country or economy,Wind and solar,True,0.0,0.0,,0.0,0.0,0.0,0.0,0.0,,0.0,,Africa,Africa,False,False,False,False,False
Angola,AGO,2001,Country or economy,"Hydro, bioenergy and other renewables",True,1.02,0.11,12.088,62.195,-0.999,0.24,0.024,0.002,9.091,5.553,23.529,Africa,Africa,False,False,False,False,False
Angola,AGO,2001,Country or economy,Renewables,True,1.02,0.11,12.088,62.195,-0.999,0.24,0.024,0.002,9.091,5.553,23.529,Africa,Africa,False,False,False,False,False
Angola,AGO,2001,Country or economy,Clean,True,1.02,0.11,12.088,62.195,-0.999,0.24,0.024,0.002,9.091,5.553,23.529,Africa,Africa,False,False,False,False,False
Angola,AGO,2001,Country or economy,Fossil,True,0.62,0.09,16.981,37.805,0.999,0.2,0.408,0.059,16.905,94.402,658.065,Africa,Africa,False,False,False,False,False
Angola,AGO,2001,Country or economy,Total generation,True,1.64,0.2,13.889,100.0,0.0,0.44,0.432,0.062,16.757,99.955,263.415,Africa,Africa,False,False,False,False,False
Angola,AGO,2001,Country or economy,Demand,True,1.64,0.2,13.889,100.0,0.0,,,,,,,Africa,Africa,False,False,False,False,False
Angola,AGO,2002,Country or economy,Solar,False,0.0,0.0,,0.0,0.0,0.0,0.0,0.0,,0.0,,Africa,Africa,False,False,False,False,False
Angola,AGO,2002,Country or economy,Wind,False,0.0,0.0,,0.0,0.0,0.0,0.0,0.0,,0.0,,Africa,Africa,False,False,False,False,False
Angola,AGO,2002,Country or economy,Hydro,False,1.14,0.12,11.765,64.773,2.578,0.24,0.027,0.003,12.5,6.206,23.684,Africa,Africa,False,False,False,False,False
Angola,AGO,2002,Country or economy,Bioenergy,False,0.0,0.0,,0.0,0.0,0.0,0.0,0.0,,0.0,,Africa,Africa,False,False,False,False,False
Angola,AGO,2002,Country or economy,Other renewables,False,0.0,0.0,,0.0,0.0,0.0,0.0,0.0,,0.0,,Africa,Africa,False,False,False,False,False
Angola,AGO,2002,Country or economy,Nuclear,False,0.0,0.0,,0.0,0.0,0.0,0.0,0.0,,0.0,,Africa,Africa,False,False,False,False,False
Angola,AGO,2002,Country or economy,Coal,False,0.0,0.0,,0.0,0.0,,0.0,0.0,,0.0,,Africa,Africa,False,False,False,False,False
Angola,AGO,2002,Country or economy,Gas,False,0.0,0.0,,0.0,0.0,0.0,0.0,0.0,,0.0,,Africa,Africa,False,False,False,False,False
Angola,AGO,2002,Country or economy,Other fossil,False,0.62,0.0,0.0,35.227,-2.578,0.2,0.408,0.0,0.0,93.783,658.065,Africa,Africa,False,False,False,False,False
Angola,AGO,2002,Country or economy,Net imports,False,0.0,0.0,,0.0,0.0,,0.0,0.0,,0.0,,Africa,Africa,False,False,False,False,False
Angola,AGO,2002,Country or economy,Wind and solar,True,0.0,0.0,,0.0,0.0,0.0,0.0,0.0,,0.0,,Africa,Africa,False,False,False,False,False
Angola,AGO,2002,Country or economy,"Hydro, bioenergy and other renewables",True,1.14,0.12,11.765,64.773,2.578,0.24,0.027,0.003,12.5,6.206,23.684,Africa,Africa,False,False,False,False,False
Angola,AGO,2002,Country or economy,Renewables,True,1.14,0.12,11.765,64.773,2.578,0.24,0.027,0.003,12.5,6.206,23.684,Africa,Africa,False,False,False,False,False
Angola,AGO,2002,Country or economy,Clean,True,1.14,0.12,11.765,64.773,2.578,0.24,0.027,0.003,12.5,6.206,23.684,Africa,Africa,False,False,False,False,False
Angola,AGO,2002,Country or economy,Fossil,True,0.62,0.0,0.0,35.227,-2.578,0.2,0.408,0.0,0.0,93.783,658.065,Africa,Africa,False,False,False,False,False
Angola,AGO,2002,Country or economy,Total generation,True,1.76,0.12,7.317,100.0,0.0,0.44,0.435,0.003,0.694,99.989,247.159,Africa,Africa,False,False,False,False,False
Angola,AGO,2002,Country or economy,Demand,True,1.76,0.12,7.317,100.0,0.0,,,,,,,Africa,Africa,False,False,False,False,False
Angola,AGO,2003,Country or economy,Solar,False,0.0,0.0,,0.0,0.0,0.0,0.0,0.0,,0.0,,Africa,Africa,False,False,False,False,False
Angola,AGO,2003,Country or economy,Wind,False,0.0,0.0,,0.0,0.0,0.0,0.0,0.0,,0.0,,Africa,Africa,False,False,False,False,False
Angola,AGO,2003,Country or economy,Hydro,False,1.24,0.1,8.772,62.312,-2.461,0.24,0.029,0.002,7.407,5.545,23.387,Africa,Africa,False,False,False,False,False
Angola,AGO,2003,Country or economy,Bioenergy,False,0.0,0.0,,0.0,0.0,0.0,0.0,0.0,,0.0,,Africa,Africa,False,False,False,False,False
Angola,AGO,2003,Country or economy,Other renewables,False,0.0,0.0,,0.0,0.0,0.0,0.0,0.0,,0.0,,Africa,Africa,False,False,False,False,False
Angola,AGO,2003,Country or economy,Nuclear,False,0.0,0.0,,0.0,0.0,0.0,0.0,0.0,,0.0,,Africa,Africa,False,False,False,False,False
Angola,AGO,2003,Country or economy,Coal,False,0.0,0.0,,0.0,0.0,,0.0,0.0,,0.0,,Africa,Africa,False,False,False,False,False
Angola,AGO,2003,Country or economy,Gas,False,0.0,0.0,,0.0,0.0,0.0,0.0,0.0,,0.0,,Africa,Africa,False,False,False,False,False
Angola,AGO,2003,Country or economy,Other fossil,False,0.75,0.13,20.968,37.688,2.461,0.2,0.494,0.086,21.078,94.462,658.667,Africa,Africa,False,False,False,False,False
Angola,AGO,2003,Country or economy,Net imports,False,0.0,0.0,,0.0,0.0,,0.0,0.0,,0.0,,Africa,Africa,False,False,False,False,False
Angola,AGO,2003,Country or economy,Wind and solar,True,0.0,0.0,,0.0,0.0,0.0,0.0,0.0,,0.0,,Africa,Africa,False,False,False,False,False
Angola,AGO,2003,Country or economy,"Hydro, bioenergy and other renewables",True,1.24,0.1,8.772,62.312,-2.461,0.24,0.029,0.002,7.407,5.545,23.387,Africa,Africa,False,False,False,False,False
Angola,AGO,2003,Country or economy,Renewables,True,1.24,0.1,8.772,62.312,-2.461,0.24,0.029,0.002,7.407,5.545,23.387,Africa,Africa,False,False,False,False,False
Angola,AGO,2003,Country or economy,Clean,True,1.24,0.1,8.772,62.312,-2.461,0.24,0.029,0.002,7.407,5.545,23.387,Africa,Africa,False,False,False,False,False
Angola,AGO,2003,Country or economy,Fossil,True,0.75,0.13,20.968,37.688,2.461,0.2,0.494,0.086,21.078,94.462,658.667,Africa,Africa,False,False,False,False,False
Angola,AGO,2003,Country or economy,Total generation,True,1.99,0.23,13.068,100.0,0.0,0.44,0.523,0.088,20.23,100.007,262.814,Africa,Africa,False,False,False,False,False
Angola,AGO,2003,Country or economy,Demand,True,1.99,0.23,13.068,100.0,0.0,,,,,,,Africa,Africa,False,False,False,False,False
Angola,AGO,2004,Country or economy,Solar,False,0.0,0.0,,0.0,0.0,0.0,0.0,0.0,,0.0,,Africa,Africa,False,False,False,False,False
Angola,AGO,2004,Country or economy,Wind,False,0.0,0.0,,0.0,0.0,0.0,0.0,0.0,,0.0,,Africa,Africa,False,False,False,False,False
Angola,AGO,2004,Country or economy,Hydro,False,1.75,0.51,41.129,78.125,15.813,0.5,0.042,0.013,44.828,11.538,24.0,Africa,Africa,False,False,False,False,False
Angola,AGO,2004,Country or economy,Bioenergy,False,0.0,0.0,,0.0,0.0,0.0,0.0,0.0,,0.0,,Africa,Africa,False,False,False,False,False
Angola,AGO,2004,Country or economy,Other renewables,False,0.0,0.0,,0.0,0.0,0.0,0.0,0.0,,0.0,,Africa,Africa,False,False,False,False,False
Angola,AGO,2004,Country or economy,Nuclear,False,0.0,0.0,,0.0,0.0,0.0,0.0,0.0,,0.0,,Africa,Africa,False,False,False,False,False
Angola,AGO,2004,Country or economy,Coal,False,0.0,0.0,,0.0,0.0,,0.0,0.0,,0.0,,Africa,Africa,False,False,False,False,False
Angola,AGO,2004,Country or economy,Gas,False,0.0,0.0,,0.0,0.0,0.0,0.0,0.0,,0.0,,Africa,Africa,False,False,False,False,False
Angola,AGO,2004,Country or economy,Other fossil,False,0.49,-0.26,-34.667,21.875,-15.813,0.2,0.322,-0.172,-34.818,88.462,657.143,Africa,Africa,False,False,False,False,False
Angola,AGO,2004,Country or economy,Net imports,False,0.0,0.0,,0.0,0.0,,0.0,0.0,,0.0,,Africa,Africa,False,False,False,False,False
Angola,AGO,2004,Country or economy,Wind and solar,True,0.0,0.0,,0.0,0.0,0.0,0.0,0.0,,0.0,,Africa,Africa,False,False,False,False,False
Angola,AGO,2004,Country or economy,"Hydro, bioenergy and other renewables",True,1.75,0.51,41.129,78.125,15.813,0.5,0.042,0.013,44.828,11.538,24.0,Africa,Africa,False,False,False,False,False
Angola,AGO,2004,Country or economy,Renewables,True,1.75,0.51,41.129,78.125,15.813,0.5,0.042,0.013,44.828,11.538,24.0,Africa,Africa,False,False,False,False,False
Angola,AGO,2004,Country or economy,Clean,True,1.75,0.51,41.129,78.125,15.813,0.5,0.042,0.013,44.828,11.538,24.0,Africa,Africa,False,False,False,False,False
Angola,AGO,2004,Country or economy,Fossil,True,0.49,-0.26,-34.667,21.875,-15.813,0.2,0.322,-0.172,-34.818,88.462,657.143,Africa,Africa,False,False,False,False,False
Angola,AGO,2004,Country or economy,Total generation,True,2.24,0.25,12.563,100.0,0.0,0.7,0.364,-0.159,-30.402,100.0,162.5,Africa,Africa,False,False,False,False,False
Angola,AGO,2004,Country or economy,Demand,True,2.24,0.25,12.563,100.0,0.0,,,,,,,Africa,Africa,False,False,False,False,False
Angola,AGO,2005,Country or economy,Solar,False,0.0,0.0,,0.0,0.0,0.0,0.0,0.0,,0.0,,Africa,Africa,False,False,False,False,False
Angola,AGO,2005,Country or economy,Wind,False,0.0,0.0,,0.0,0.0,0.0,0.0,0.0,,0.0,,Africa,Africa,False,False,False,False,False
Angola,AGO,2005,Country or economy,Hydro,False,2.22,0.47,26.857,84.411,6.286,0.5,0.053,0.011,26.19,16.433,23.874,Africa,Africa,False,False,False,False,False
Angola,AGO,2005,Country or economy,Bioenergy,False,0.0,0.0,,0.0,0.0,0.0,0.0,0.0,,0.0,,Africa,Africa,False,False,False,False,False
Angola,AGO,2005,Country or economy,Other renewables,False,0.0,0.0,,0.0,0.0,0.0,0.0,0.0,,0.0,,Africa,Africa,False,False,False,False,False
Angola,AGO,2005,Country or economy,Nuclear,False,0.0,0.0,,0.0,0.0,0.0,0.0,0.0,,0.0,,Africa,Africa,False,False,False,False,False
Angola,AGO,2005,Country or economy,Coal,False,0.0,0.0,,0.0,0.0,,0.0,0.0,,0.0,,Africa,Africa,False,False,False,False,False
Angola,AGO,2005,Country or economy,Gas,False,0.0,0.0,,0.0,0.0,0.0,0.0,0.0,,0.0,,Africa,Africa,False,False,False,False,False
Angola,AGO,2005,Country or economy,Other fossil,False,0.41,-0.08,-16.327,15.589,-6.286,0.2,0.27,-0.052,-16.149,83.714,658.537,Africa,Africa,False,False,False,False,False
Angola,AGO,2005,Country or economy,Net imports,False,0.0,0.0,,0.0,0.0,,0.0,0.0,,0.0,,Africa,Africa,False,False,False,False,False
Angola,AGO,2005,Country or economy,Wind and solar,True,0.0,0.0,,0.0,0.0,0.0,0.0,0.0,,0.0,,Africa,Africa,False,False,False,False,False
Angola,AGO,2005,Country or economy,"Hydro, bioenergy and other renewables",True,2.22,0.47,26.857,84.411,6.286,0.5,0.053,0.011,26.19,16.433,23.874,Africa,Africa,False,False,False,False,False
Angola,AGO,2005,Country or economy,Renewables,True,2.22,0.47,26.857,84.411,6.286,0.5,0.053,0.011,26.19,16.433,23.874,Africa,Africa,False,False,False,False,False
Angola,AGO,2005,Country or economy,Clean,True,2.22,0.47,26.857,84.411,6.286,0.5,0.053,0.011,26.19,16.433,23.874,Africa,Africa,False,False,False,False,False
Angola,AGO,2005,Country or economy,Fossil,True,0.41,-0.08,-16.327,15.589,-6.286,0.2,0.27,-0.052,-16.149,83.714,658.537,Africa,Africa,False,False,False,False,False
Angola,AGO,2005,Country or economy,Total generation,True,2.63,0.39,17.411,100.0,0.0,0.7,0.323,-0.041,-11.264,100.147,122.814,Africa,Africa,False,False,False,False,False
Angola,AGO,2005,Country or economy,Demand,True,2.63,0.39,17.411,100.0,0.0,,,,,,,Africa,Africa,False,False,False,False,False
Angola,AGO,2006,Country or economy,Solar,False,0.0,0.0,,0.0,0.0,0.0,0.0,0.0,,0.0,,Africa,Africa,False,False,False,False,False
Angola,AGO,2006,Country or economy,Wind,False,0.0,0.0,,0.0,0.0,0.0,0.0,0.0,,0.0,,Africa,Africa,False,False,False,False,False
Angola,AGO,2006,Country or economy,Hydro,False,2.54,0.32,14.414,85.235,0.824,0.5,0.06,0.007,13.208,17.149,23.622,Africa,Africa,False,False,False,False,False
Angola,AGO,2006,Country or economy,Bioenergy,False,0.0,0.0,,0.0,0.0,0.0,0.0,0.0,,0.0,,Africa,Africa,False,False,False,False,False
Angola,AGO,2006,Country or economy,Other renewables,False,0.0,0.0,,0.0,0.0,0.0,0.0,0.0,,0.0,,Africa,Africa,False,False,False,False,False
Angola,AGO,2006,Country or economy,Nuclear,False,0.0,0.0,,0.0,0.0,0.0,0.0,0.0,,0.0,,Africa,Africa,False,False,False,False,False
Angola,AGO,2006,Country or economy,Coal,False,0.0,0.0,,0.0,0.0,,0.0,0.0,,0.0,,Africa,Africa,False,False,False,False,False
Angola,AGO,2006,Country or economy,Gas,False,0.0,0.0,,0.0,0.0,0.0,0.0,0.0,,0.0,,Africa,Africa,False,False,False,False,False
Angola,AGO,2006,Country or economy,Other fossil,False,0.44,0.03,7.317,14.765,-0.824,0.2,0.29,0.02,7.407,82.888,659.091,Africa,Africa,False,False,False,False,False
Angola,AGO,2006,Country or economy,Net imports,False,0.0,0.0,,0.0,0.0,,0.0,0.0,,0.0,,Africa,Africa,False,False,False,False,False
Angola,AGO,2006,Country or economy,Wind and solar,True,0.0,0.0,,0.0,0.0,0.0,0.0,0.0,,0.0,,Africa,Africa,False,False,False,False,False
Angola,AGO,2006,Country or economy,"Hydro, bioenergy and other renewables",True,2.54,0.32,14.414,85.235,0.824,0.5,0.06,0.007,13.208,17.149,23.622,Africa,Africa,False,False,False,False,False
Angola,AGO,2006,Country or economy,Renewables,True,2.54,0.32,14.414,85.235,0.824,0.5,0.06,0.007,13.208,17.149,23.622,Africa,Africa,False,False,False,False,False
Angola,AGO,2006,Country or economy,Clean,True,2.54,0.32,14.414,85.235,0.824,0.5,0.06,0.007,13.208,17.149,23.622,Africa,Africa,False,False,False,False,False
Angola,AGO,2006,Country or economy,Fossil,True,0.44,0.03,7.317,14.765,-0.824,0.2,0.29,0.02,7.407,82.888,659.091,Africa,Africa,False,False,False,False,False
Angola,AGO,2006,Country or economy,Total generation,True,2.98,0.35,13.308,100.0,0.0,0.7,0.35,0.027,8.359,100.037,117.45,Africa,Africa,False,False,False,False,False
Angola,AGO,2006,Country or economy,Demand,True,2.98,0.35,13.308,100.0,0.0,,,,,,,Africa,Africa,False,False,False,False,False
Angola,AGO,2007,Country or economy,Solar,False,0.0,0.0,,0.0,0.0,0.0,0.0,0.0,,0.0,,Africa,Africa,False,False,False,False,False
Angola,AGO,2007,Country or economy,Wind,False,0.0,0.0,,0.0,0.0,0.0,0.0,0.0,,0.0,,Africa,Africa,False,False,False,False,False
Angola,AGO,2007,Country or economy,Hydro,False,2.49,-0.05,-1.969,76.852,-8.383,0.76,0.059,-0.001,-1.667,10.676,23.695,Africa,Africa,False,False,False,False,False
Angola,AGO,2007,Country or economy,Bioenergy,False,0.0,0.0,,0.0,0.0,0.0,0.0,0.0,,0.0,,Africa,Africa,False,False,False,False,False
Angola,AGO,2007,Country or economy,Other renewables,False,0.0,0.0,,0.0,0.0,0.0,0.0,0.0,,0.0,,Africa,Africa,False,False,False,False,False
Angola,AGO,2007,Country or economy,Nuclear,False,0.0,0.0,,0.0,0.0,0.0,0.0,0.0,,0.0,,Africa,Africa,False,False,False,False,False
Angola,AGO,2007,Country or economy,Coal,False,0.0,0.0,,0.0,0.0,,0.0,0.0,,0.0,,Africa,Africa,False,False,False,False,False
Angola,AGO,2007,Country or economy,Gas,False,0.0,0.0,,0.0,0.0,0.0,0.0,0.0,,0.0,,Africa,Africa,False,False,False,False,False
Angola,AGO,2007,Country or economy,Other fossil,False,0.75,0.31,70.455,23.148,8.383,0.23,0.494,0.204,70.345,89.385,658.667,Africa,Africa,False,False,False,False,False
Angola,AGO,2007,Country or economy,Net imports,False,0.0,0.0,,0.0,0.0,,0.0,0.0,,0.0,,Africa,Africa,False,False,False,False,False
Angola,AGO,2007,Country or economy,Wind and solar,True,0.0,0.0,,0.0,0.0,0.0,0.0,0.0,,0.0,,Africa,Africa,False,False,False,False,False
Angola,AGO,2007,Country or economy,"Hydro, bioenergy and other renewables",True,2.49,-0.05,-1.969,76.852,-8.383,0.76,0.059,-0.001,-1.667,10.676,23.695,Africa,Africa,False,False,False,False,False
Angola,AGO,2007,Country or economy,Renewables,True,2.49,-0.05,-1.969,76.852,-8.383,0.76,0.059,-0.001,-1.667,10.676,23.695,Africa,Africa,False,False,False,False,False
Angola,AGO,2007,Country or economy,Clean,True,2.49,-0.05,-1.969,76.852,-8.383,0.76,0.059,-0.001,-1.667,10.676,23.695,Africa,Africa,False,False,False,False,False
Angola,AGO,2007,Country or economy,Fossil,True,0.75,0.31,70.455,23.148,8.383,0.23,0.494,0.204,70.345,89.385,658.667,Africa,Africa,False,False,False,False,False
Angola,AGO,2007,Country or economy,Total generation,True,3.24,0.26,8.725,100.0,0.0,0.99,0.553,0.203,58.0,100.061,170.679,Africa,Africa,False,False,False,False,False
Angola,AGO,2007,Country or economy,Demand,True,3.24,0.26,8.725,100.0,0.0,,,,,,,Africa,Africa,False,False,False,False,False
Angola,AGO,2008,Country or economy,Solar,False,0.0,0.0,,0.0,0.0,0.0,0.0,0.0,,0.0,,Africa,Africa,False,False,False,False,False
Angola,AGO,2008,Country or economy,Wind,False,0.0,0.0,,0.0,0.0,0.0,0.0,0.0,,0.0,,Africa,Africa,False,False,False,False,False
Angola,AGO,2008,Country or economy,Hydro,False,3.15,0.66,26.506,77.778,0.926,0.79,0.075,0.016,27.119,11.244,23.81,Africa,Africa,False,False,False,False,False
Angola,AGO,2008,Country or economy,Bioenergy,False,0.0,0.0,,0.0,0.0,0.0,0.0,0.0,,0.0,,Africa,Africa,False,False,False,False,False
Angola,AGO,2008,Country or economy,Other renewables,False,0.0,0.0,,0.0,0.0,0.0,0.0,0.0,,0.0,,Africa,Africa,False,False,False,False,False
Angola,AGO,2008,Country or economy,Nuclear,False,0.0,0.0,,0.0,0.0,0.0,0.0,0.0,,0.0,,Africa,Africa,False,False,False,False,False
Angola,AGO,2008,Country or economy,Coal,False,0.0,0.0,,0.0,0.0,,0.0,0.0,,0.0,,Africa,Africa,False,False,False,False,False
Angola,AGO,2008,Country or economy,Gas,False,0.0,0.0,,0.0,0.0,0.0,0.0,0.0,,0.0,,Africa,Africa,False,False,False,False,False
Angola,AGO,2008,Country or economy,Other fossil,False,0.9,0.15,20.0,22.222,-0.926,0.23,0.592,0.098,19.838,88.75,657.778,Africa,Africa,False,False,False,False,False
Angola,AGO,2008,Country or economy,Net imports,False,0.0,0.0,,0.0,0.0,,0.0,0.0,,0.0,,Africa,Africa,False,False,False,False,False
Angola,AGO,2008,Country or economy,Wind and solar,True,0.0,0.0,,0.0,0.0,0.0,0.0,0.0,,0.0,,Africa,Africa,False,False,False,False,False
Angola,AGO,2008,Country or economy,"Hydro, bioenergy and other renewables",True,3.15,0.66,26.506,77.778,0.926,0.79,0.075,0.016,27.119,11.244,23.81,Africa,Africa,False,False,False,False,False
Angola,AGO,2008,Country or economy,Renewables,True,3.15,0.66,26.506,77.778,0.926,0.79,0.075,0.016,27.119,11.244,23.81,Africa,Africa,False,False,False,False,False
Angola,AGO,2008,Country or economy,Clean,True,3.15,0.66,26.506,77.778,0.926,0.79,0.075,0.016,27.119,11.244,23.81,Africa,Africa,False,False,False,False,False
Angola,AGO,2008,Country or economy,Fossil,True,0.9,0.15,20.0,22.222,-0.926,0.23,0.592,0.098,19.838,88.75,657.778,Africa,Africa,False,False,False,False,False
Angola,AGO,2008,Country or economy,Total generation,True,4.05,0.81,25.0,100.0,0.0,1.02,0.667,0.114,20.615,99.993,164.691,Africa,Africa,False,False,False,False,False
Angola,AGO,2008,Country or economy,Demand,True,4.05,0.81,25.0,100.0,0.0,,,,,,,Africa,Africa,False,False,False,False,False
Angola,AGO,2009,Country or economy,Solar,False,0.0,0.0,,0.0,0.0,0.0,0.0,0.0,,0.0,,Africa,Africa,False,False,False,False,False
Angola,AGO,2009,Country or economy,Wind,False,0.0,0.0,,0.0,0.0,0.0,0.0,0.0,,0.0,,Africa,Africa,False,False,False,False,False
Angola,AGO,2009,Country or economy,Hydro,False,3.27,0.12,3.81,66.599,-11.179,0.79,0.078,0.003,4.0,6.743,23.853,Africa,Africa,False,False,False,False,False
Angola,AGO,2009,Country or economy,Bioenergy,False,0.0,0.0,,0.0,0.0,0.0,0.0,0.0,,0.0,,Africa,Africa,False,False,False,False,False
Angola,AGO,2009,Country or economy,Other renewables,False,0.0,0.0,,0.0,0.0,0.0,0.0,0.0,,0.0,,Africa,Africa,False,False,False,False,False
Angola,AGO,2009,Country or economy,Nuclear,False,0.0,0.0,,0.0,0.0,0.0,0.0,0.0,,0.0,,Africa,Africa,False,False,False,False,False
Angola,AGO,2009,Country or economy,Coal,False,0.0,0.0,,0.0,0.0,,0.0,0.0,,0.0,,Africa,Africa,False,False,False,False,False
Angola,AGO,2009,Country or economy,Gas,False,0.0,0.0,,0.0,0.0,0.0,0.0,0.0,,0.0,,Africa,Africa,False,False,False,False,False
Angola,AGO,2009,Country or economy,Other fossil,False,1.64,0.74,82.222,33.401,11.179,0.23,1.079,0.487,82.264,93.273,657.927,Africa,Africa,False,False,False,False,False
Angola,AGO,2009,Country or economy,Net imports,False,0.0,0.0,,0.0,0.0,,0.0,0.0,,0.0,,Africa,Africa,False,False,False,False,False
Angola,AGO,2009,Country or economy,Wind and solar,True,0.0,0.0,,0.0,0.0,0.0,0.0,0.0,,0.0,,Africa,Africa,False,False,False,False,False
Angola,AGO,2009,Country or economy,"Hydro, bioenergy and other renewables",True,3.27,0.12,3.81,66.599,-11.179,0.79,0.078,0.003,4.0,6.743,23.853,Africa,Africa,False,False,False,False,False
Angola,AGO,2009,Country or economy,Renewables,True,3.27,0.12,3.81,66.599,-11.179,0.79,0.078,0.003,4.0,6.743,23.853,Africa,Africa,False,False,False,False,False
Angola,AGO,2009,Country or economy,Clean,True,3.27,0.12,3.81,66.599,-11.179,0.79,0.078,0.003,4.0,6.743,23.853,Africa,Africa,False,False,False,False,False
Angola,AGO,2009,Country or economy,Fossil,True,1.64,0.74,82.222,33.401,11.179,0.23,1.079,0.487,82.264,93.273,657.927,Africa,Africa,False,False,False,False,False
Angola,AGO,2009,Country or economy,Total generation,True,4.91,0.86,21.235,100.0,0.0,1.02,1.157,0.49,73.463,100.016,235.642,Africa,Africa,False,False,False,False,False
Angola,AGO,2009,Country or economy,Demand,True,4.91,0.86,21.235,100.0,0.0,,,,,,,Africa,Africa,False,False,False,False,False
Angola,AGO,2010,Country or economy,Solar,False,0.01,0.01,,0.183,0.183,0.0,0.0,0.0,,0.0,0.0,Africa,Africa,False,False,False,False,False
Angola,AGO,2010,Country or economy,Wind,False,0.0,0.0,,0.0,0.0,0.0,0.0,0.0,,0.0,,Africa,Africa,False,False,False,False,False
Angola,AGO,2010,Country or economy,Hydro,False,3.7,0.43,13.15,67.766,1.167,0.79,0.088,0.01,12.821,7.097,23.784,Africa,Africa,False,False,False,False,False
Angola,AGO,2010,Country or economy,Bioenergy,False,0.0,0.0,,0.0,0.0,0.0,0.0,0.0,,0.0,,Africa,Africa,False,False,False,False,False
Angola,AGO,2010,Country or economy,Other renewables,False,0.0,0.0,,0.0,0.0,0.0,0.0,0.0,,0.0,,Africa,Africa,False,False,False,False,False
Angola,AGO,2010,Country or economy,Nuclear,False,0.0,0.0,,0.0,0.0,0.0,0.0,0.0,,0.0,,Africa,Africa,False,False,False,False,False
Angola,AGO,2010,Country or economy,Coal,False,0.0,0.0,,0.0,0.0,,0.0,0.0,,0.0,,Africa,Africa,False,False,False,False,False
Angola,AGO,2010,Country or economy,Gas,False,0.0,0.0,,0.0,0.0,0.0,0.0,0.0,,0.0,,Africa,Africa,False,False,False,False,False
Angola,AGO,2010,Country or economy,Other fossil,False,1.75,0.11,6.707,32.051,-1.35,0.39,1.152,0.073,6.766,92.912,658.286,Africa,Africa,False,False,False,False,False
Angola,AGO,2010,Country or economy,Net imports,False,0.0,0.0,,0.0,0.0,,0.0,0.0,,0.0,,Africa,Africa,False,False,False,False,False
Angola,AGO,2010,Country or economy,Wind and solar,True,0.01,0.01,,0.183,0.183,0.0,0.0,0.0,,0.0,0.0,Africa,Africa,False,False,False,False,False
Angola,AGO,2010,Country or economy,"Hydro, bioenergy and other renewables",True,3.7,0.43,13.15,67.766,1.167,0.79,0.088,0.01,12.821,7.097,23.784,Africa,Africa,False,False,False,False,False
Angola,AGO,2010,Country or economy,Renewables,True,3.71,0.44,13.456,67.949,1.35,0.79,0.088,0.01,12.821,7.097,23.72,Africa,Africa,False,False,False,False,False
Angola,AGO,2010,Country or economy,Clean,True,3.71,0.44,13.456,67.949,1.35,0.79,0.088,0.01,12.821,7.097,23.72,Africa,Africa,False,False,False,False,False
Angola,AGO,2010,Country or economy,Fossil,True,1.75,0.11,6.707,32.051,-1.35,0.39,1.152,0.073,6.766,92.912,658.286,Africa,Africa,False,False,False,False,False
Angola,AGO,2010,Country or economy,Total generation,True,5.46,0.55,11.202,100.0,0.0,1.1800000000000002,1.24,0.083,7.174,100.009,227.106,Africa,Africa,False,False,False,False,False
Angola,AGO,2010,Country or economy,Demand,True,5.46,0.55,11.202,100.0,0.0,,,,,,,Africa,Africa,False,False,False,False,False
Angola,AGO,2011,Country or economy,Solar,False,0.01,0.0,0.0,0.177,-0.006,0.0,0.0,0.0,,0.0,0.0,Africa,Africa,False,False,False,False,False
Angola,AGO,2011,Country or economy,Wind,False,0.0,0.0,,0.0,0.0,0.0,0.0,0.0,,0.0,,Africa,Africa,False,False,False,False,False
Angola,AGO,2011,Country or economy,Hydro,False,4.01,0.31,8.378,70.848,3.082,0.79,0.095,0.007,7.955,8.086,23.691,Africa,Africa,False,False,False,False,False
Angola,AGO,2011,Country or economy,Bioenergy,False,0.0,0.0,,0.0,0.0,0.0,0.0,0.0,,0.0,,Africa,Africa,False,False,False,False,False
Angola,AGO,2011,Country or economy,Other renewables,False,0.0,0.0,,0.0,0.0,0.0,0.0,0.0,,0.0,,Africa,Africa,False,False,False,False,False
Angola,AGO,2011,Country or economy,Nuclear,False,0.0,0.0,,0.0,0.0,0.0,0.0,0.0,,0.0,,Africa,Africa,False,False,False,False,False
Angola,AGO,2011,Country or economy,Coal,False,0.0,0.0,,0.0,0.0,,0.0,0.0,,0.0,,Africa,Africa,False,False,False,False,False
Angola,AGO,2011,Country or economy,Gas,False,0.0,0.0,,0.0,0.0,0.0,0.0,0.0,,0.0,,Africa,Africa,False,False,False,False,False
Angola,AGO,2011,Country or economy,Other fossil,False,1.64,-0.11,-6.286,28.975,-3.076,0.54,1.079,-0.073,-6.337,91.84,657.927,Africa,Africa,False,False,False,False,False
Angola,AGO,2011,Country or economy,Net imports,False,0.0,0.0,,0.0,0.0,,0.0,0.0,,0.0,,Africa,Africa,False,False,False,False,False
Angola,AGO,2011,Country or economy,Wind and solar,True,0.01,0.0,0.0,0.177,-0.006,0.0,0.0,0.0,,0.0,0.0,Africa,Africa,False,False,False,False,False
Angola,AGO,2011,Country or economy,"Hydro, bioenergy and other renewables",True,4.01,0.31,8.378,70.848,3.082,0.79,0.095,0.007,7.955,8.086,23.691,Africa,Africa,False,False,False,False,False
Angola,AGO,2011,Country or economy,Renewables,True,4.02,0.31,8.356,71.025,3.076,0.79,0.096,0.008,9.091,8.171,23.881,Africa,Africa,False,False,False,False,False
Angola,AGO,2011,Country or economy,Clean,True,4.02,0.31,8.356,71.025,3.076,0.79,0.096,0.008,9.091,8.171,23.881,Africa,Africa,False,False,False,False,False
Angola,AGO,2011,Country or economy,Fossil,True,1.64,-0.11,-6.286,28.975,-3.076,0.54,1.079,-0.073,-6.337,91.84,657.927,Africa,Africa,False,False,False,False,False
Angola,AGO,2011,Country or economy,Total generation,True,5.66,0.2,3.663,100.0,0.0,1.33,1.175,-0.065,-5.242,100.011,207.597,Africa,Africa,False,False,False,False,False
Angola,AGO,2011,Country or economy,Demand,True,5.66,0.2,3.663,100.0,0.0,,,,,,,Africa,Africa,False,False,False,False,False
Angola,AGO,2012,Country or economy,Solar,False,0.01,0.0,0.0,0.13,-0.047,0.0,0.0,0.0,,0.0,0.0,Africa,Africa,False,False,False,False,False
Angola,AGO,2012,Country or economy,Wind,False,0.0,0.0,,0.0,0.0,0.0,0.0,0.0,,0.0,,Africa,Africa,False,False,False,False,False
Angola,AGO,2012,Country or economy,Hydro,False,5.47,1.46,36.409,70.855,0.007,0.87,0.13,0.035,36.842,8.103,23.766,Africa,Africa,False,False,False,False,False
Angola,AGO,2012,Country or economy,Bioenergy,False,0.0,0.0,,0.0,0.0,0.0,0.0,0.0,,0.0,,Africa,Africa,False,False,False,False,False
Angola,AGO,2012,Country or economy,Other renewables,False,0.0,0.0,,0.0,0.0,0.0,0.0,0.0,,0.0,,Africa,Africa,False,False,False,False,False
Angola,AGO,2012,Country or economy,Nuclear,False,0.0,0.0,,0.0,0.0,0.0,0.0,0.0,,0.0,,Africa,Africa,False,False,False,False,False
Angola,AGO,2012,Country or economy,Coal,False,0.0,0.0,,0.0,0.0,,0.0,0.0,,0.0,,Africa,Africa,False,False,False,False,False
Angola,AGO,2012,Country or economy,Gas,False,0.0,0.0,,0.0,0.0,0.0,0.0,0.0,,0.0,,Africa,Africa,False,False,False,False,False
Angola,AGO,2012,Country or economy,Other fossil,False,2.24,0.6,36.585,29.016,0.041,0.83,1.474,0.395,36.608,91.875,658.036,Africa,Africa,False,False,False,False,False
Angola,AGO,2012,Country or economy,Net imports,False,0.0,0.0,,0.0,0.0,,0.0,0.0,,0.0,,Africa,Africa,False,False,False,False,False
Angola,AGO,2012,Country or economy,Wind and solar,True,0.01,0.0,0.0,0.13,-0.047,0.0,0.0,0.0,,0.0,0.0,Africa,Africa,False,False,False,False,False
Angola,AGO,2012,Country or economy,"Hydro, bioenergy and other renewables",True,5.47,1.46,36.409,70.855,0.007,0.87,0.13,0.035,36.842,8.103,23.766,Africa,Africa,False,False,False,False,False
Angola,AGO,2012,Country or economy,Renewables,True,5.48,1.46,36.318,70.984,-0.041,0.87,0.13,0.034,35.417,8.103,23.723,Africa,Africa,False,False,False,False,False
Angola,AGO,2012,Country or economy,Clean,True,5.48,1.46,36.318,70.984,-0.041,0.87,0.13,0.034,35.417,8.103,23.723,Africa,Africa,False,False,False,False,False
Angola,AGO,2012,Country or economy,Fossil,True,2.24,0.6,36.585,29.016,0.041,0.83,1.474,0.395,36.608,91.875,658.036,Africa,Africa,False,False,False,False,False
Angola,AGO,2012,Country or economy,Total generation,True,7.72,2.06,36.396,100.0,0.0,1.7,1.604,0.429,36.511,99.977,207.772,Africa,Africa,False,False,False,False,False
Angola,AGO,2012,Country or economy,Demand,True,7.72,2.06,36.396,100.0,0.0,,,,,,,Africa,Africa,False,False,False,False,False
Angola,AGO,2013,Country or economy,Solar,False,0.01,0.0,0.0,0.123,-0.007,0.0,0.0,0.0,,0.0,0.0,Africa,Africa,False,False,False,False,False
Angola,AGO,2013,Country or economy,Wind,False,0.0,0.0,,0.0,0.0,0.0,0.0,0.0,,0.0,,Africa,Africa,False,False,False,False,False
Angola,AGO,2013,Country or economy,Hydro,False,4.72,-0.75,-13.711,57.914,-12.941,0.95,0.112,-0.018,-13.846,4.74,23.729,Africa,Africa,False,False,False,False,False
Angola,AGO,2013,Country or economy,Bioenergy,False,0.0,0.0,,0.0,0.0,0.0,0.0,0.0,,0.0,,Africa,Africa,False,False,False,False,False
Angola,AGO,2013,Country or economy,Other renewables,False,0.0,0.0,,0.0,0.0,0.0,0.0,0.0,,0.0,,Africa,Africa,False,False,False,False,False
Angola,AGO,2013,Country or economy,Nuclear,False,0.0,0.0,,0.0,0.0,0.0,0.0,0.0,,0.0,,Africa,Africa,False,False,False,False,False
Angola,AGO,2013,Country or economy,Coal,False,0.0,0.0,,0.0,0.0,,0.0,0.0,,0.0,,Africa,Africa,False,False,False,False,False
Angola,AGO,2013,Country or economy,Gas,False,0.0,0.0,,0.0,0.0,0.0,0.0,0.0,,0.0,,Africa,Africa,False,False,False,False,False
Angola,AGO,2013,Country or economy,Other fossil,False,3.42,1.18,52.679,41.963,12.947,1.2,2.25,0.776,52.646,95.219,657.895,Africa,Africa,False,False,False,False,False
Angola,AGO,2013,Country or economy,Net imports,False,0.0,0.0,,0.0,0.0,,0.0,0.0,,0.0,,Africa,Africa,False,False,False,False,False
Angola,AGO,2013,Country or economy,Wind and solar,True,0.01,0.0,0.0,0.123,-0.007,0.0,0.0,0.0,,0.0,0.0,Africa,Africa,False,False,False,False,False
Angola,AGO,2013,Country or economy,"Hydro, bioenergy and other renewables",True,4.72,-0.75,-13.711,57.914,-12.941,0.95,0.112,-0.018,-13.846,4.74,23.729,Africa,Africa,False,False,False,False,False
Angola,AGO,2013,Country or economy,Renewables,True,4.73,-0.75,-13.686,58.037,-12.947,0.95,0.113,-0.017,-13.077,4.782,23.89,Africa,Africa,False,False,False,False,False
Angola,AGO,2013,Country or economy,Clean,True,4.73,-0.75,-13.686,58.037,-12.947,0.95,0.113,-0.017,-13.077,4.782,23.89,Africa,Africa,False,False,False,False,False
Angola,AGO,2013,Country or economy,Fossil,True,3.42,1.18,52.679,41.963,12.947,1.2,2.25,0.776,52.646,95.219,657.895,Africa,Africa,False,False,False,False,False
Angola,AGO,2013,Country or economy,Total generation,True,8.15,0.43,5.57,100.0,0.0,2.15,2.363,0.759,47.319,100.001,289.939,Africa,Africa,False,False,False,False,False
Angola,AGO,2013,Country or economy,Demand,True,8.15,0.43,5.57,100.0,0.0,,,,,,,Africa,Africa,False,False,False,False,False
Angola,AGO,2014,Country or economy,Solar,False,0.02,0.01,100.0,0.209,0.086,0.0,0.001,0.001,,0.032,50.0,Africa,Africa,False,False,False,False,False
Angola,AGO,2014,Country or economy,Wind,False,0.0,0.0,,0.0,0.0,0.0,0.0,0.0,,0.0,,Africa,Africa,False,False,False,False,False
Angola,AGO,2014,Country or economy,Hydro,False,4.99,0.27,5.72,52.197,-5.717,0.97,0.119,0.007,6.25,3.844,23.848,Africa,Africa,False,False,False,False,False
Angola,AGO,2014,Country or economy,Bioenergy,False,0.04,0.04,,0.418,0.418,0.05,0.009,0.009,,0.291,225.0,Africa,Africa,False,False,False,False,False
Angola,AGO,2014,Country or economy,Other renewables,False,0.0,0.0,,0.0,0.0,0.0,0.0,0.0,,0.0,,Africa,Africa,False,False,False,False,False
Angola,AGO,2014,Country or economy,Nuclear,False,0.0,0.0,,0.0,0.0,0.0,0.0,0.0,,0.0,,Africa,Africa,False,False,False,False,False
Angola,AGO,2014,Country or economy,Coal,False,0.0,0.0,,0.0,0.0,,0.0,0.0,,0.0,,Africa,Africa,False,False,False,False,False
Angola,AGO,2014,Country or economy,Gas,False,0.0,0.0,,0.0,0.0,0.0,0.0,0.0,,0.0,,Africa,Africa,False,False,False,False,False
Angola,AGO,2014,Country or economy,Other fossil,False,4.51,1.09,31.871,47.176,5.213,1.32,2.968,0.718,31.911,95.874,658.093,Africa,Africa,False,False,False,False,False
Angola,AGO,2014,Country or economy,Net imports,False,0.0,0.0,,0.0,0.0,,0.0,0.0,,0.0,,Africa,Africa,False,False,False,False,False
Angola,AGO,2014,Country or economy,Wind and solar,True,0.02,0.01,100.0,0.209,0.086,0.0,0.001,0.001,,0.032,50.0,Africa,Africa,False,False,False,False,False
Angola,AGO,2014,Country or economy,"Hydro, bioenergy and other renewables",True,5.03,0.31,6.568,52.615,-5.299,1.02,0.127,0.015,13.393,4.102,25.249,Africa,Africa,False,False,False,False,False
Angola,AGO,2014,Country or economy,Renewables,True,5.05,0.32,6.765,52.824,-5.213,1.02,0.128,0.015,13.274,4.135,25.347,Africa,Africa,False,False,False,False,False
Angola,AGO,2014,Country or economy,Clean,True,5.05,0.32,6.765,52.824,-5.213,1.02,0.128,0.015,13.274,4.135,25.347,Africa,Africa,False,False,False,False,False
Angola,AGO,2014,Country or economy,Fossil,True,4.51,1.09,31.871,47.176,5.213,1.32,2.968,0.718,31.911,95.874,658.093,Africa,Africa,False,False,False,False,False
Angola,AGO,2014,Country or economy,Total generation,True,9.56,1.41,17.301,100.0,0.0,2.34,3.096,0.733,31.02,100.008,323.849,Africa,Africa,False,False,False,False,False
Angola,AGO,2014,Country or economy,Demand,True,9.56,1.41,17.301,100.0,0.0,,,,,,,Africa,Africa,False,False,False,False,False
Angola,AGO,2015,Country or economy,Solar,False,0.02,0.0,0.0,0.204,-0.005,0.0,0.001,0.0,0.0,0.033,50.0,Africa,Africa,False,False,False,False,False
Angola,AGO,2015,Country or economy,Wind,False,0.0,0.0,,0.0,0.0,0.0,0.0,0.0,,0.0,,Africa,Africa,False,False,False,False,False
Angola,AGO,2015,Country or economy,Hydro,False,5.28,0.29,5.812,53.988,1.791,0.97,0.125,0.006,5.042,4.09,23.674,Africa,Africa,False,False,False,False,False
Angola,AGO,2015,Country or economy,Bioenergy,False,0.04,0.0,0.0,0.409,-0.009,0.05,0.009,0.0,0.0,0.294,225.0,Africa,Africa,False,False,False,False,False
Angola,AGO,2015,Country or economy,Other renewables,False,0.0,0.0,,0.0,0.0,0.0,0.0,0.0,,0.0,,Africa,Africa,False,False,False,False,False
Angola,AGO,2015,Country or economy,Nuclear,False,0.0,0.0,,0.0,0.0,0.0,0.0,0.0,,0.0,,Africa,Africa,False,False,False,False,False
Angola,AGO,2015,Country or economy,Coal,False,0.0,0.0,,0.0,0.0,,0.0,0.0,,0.0,,Africa,Africa,False,False,False,False,False
Angola,AGO,2015,Country or economy,Gas,False,0.0,0.0,,0.0,0.0,0.0,0.0,0.0,,0.0,,Africa,Africa,False,False,False,False,False
Angola,AGO,2015,Country or economy,Other fossil,False,4.44,-0.07,-1.552,45.399,-1.777,1.38,2.922,-0.046,-1.55,95.597,658.108,Africa,Africa,False,False,False,False,False
Angola,AGO,2015,Country or economy,Net imports,False,0.0,0.0,,0.0,0.0,,0.0,0.0,,0.0,,Africa,Africa,False,False,False,False,False
Angola,AGO,2015,Country or economy,Wind and solar,True,0.02,0.0,0.0,0.204,-0.005,0.0,0.001,0.0,0.0,0.033,50.0,Africa,Africa,False,False,False,False,False
Angola,AGO,2015,Country or economy,"Hydro, bioenergy and other renewables",True,5.32,0.29,5.765,54.397,1.782,1.02,0.134,0.007,5.512,4.384,25.188,Africa,Africa,False,False,False,False,False
Angola,AGO,2015,Country or economy,Renewables,True,5.34,0.29,5.743,54.601,1.777,1.02,0.135,0.007,5.469,4.417,25.281,Africa,Africa,False,False,False,False,False
Angola,AGO,2015,Country or economy,Clean,True,5.34,0.29,5.743,54.601,1.777,1.02,0.135,0.007,5.469,4.417,25.281,Africa,Africa,False,False,False,False,False
Angola,AGO,2015,Country or economy,Fossil,True,4.44,-0.07,-1.552,45.399,-1.777,1.38,2.922,-0.046,-1.55,95.597,658.108,Africa,Africa,False,False,False,False,False
Angola,AGO,2015,Country or economy,Total generation,True,9.78,0.22,2.301,100.0,0.0,2.4,3.057,-0.039,-1.26,100.014,312.577,Africa,Africa,False,False,False,False,False
Angola,AGO,2015,Country or economy,Demand,True,9.78,0.22,2.301,100.0,0.0,,,,,,,Africa,Africa,False,False,False,False,False
Angola,AGO,2016,Country or economy,Solar,False,0.02,0.0,0.0,0.182,-0.022,0.0,0.001,0.0,0.0,0.032,50.0,Africa,Africa,False,False,False,False,False
Angola,AGO,2016,Country or economy,Wind,False,0.0,0.0,,0.0,0.0,0.0,0.0,0.0,,0.0,,Africa,Africa,False,False,False,False,False
Angola,AGO,2016,Country or economy,Hydro,False,6.36,1.08,20.455,57.923,3.935,1.7,0.151,0.026,20.8,4.783,23.742,Africa,Africa,False,False,False,False,False
Angola,AGO,2016,Country or economy,Bioenergy,False,0.05,0.01,25.0,0.455,0.046,0.05,0.011,0.002,22.222,0.348,220.0,Africa,Africa,False,False,False,False,False
Angola,AGO,2016,Country or economy,Other renewables,False,0.0,0.0,,0.0,0.0,0.0,0.0,0.0,,0.0,,Africa,Africa,False,False,False,False,False
Angola,AGO,2016,Country or economy,Nuclear,False,0.0,0.0,,0.0,0.0,0.0,0.0,0.0,,0.0,,Africa,Africa,False,False,False,False,False
Angola,AGO,2016,Country or economy,Coal,False,0.0,0.0,,0.0,0.0,,0.0,0.0,,0.0,,Africa,Africa,False,False,False,False,False
Angola,AGO,2016,Country or economy,Gas,False,0.0,0.0,,0.0,0.0,0.0,0.0,0.0,,0.0,,Africa,Africa,False,False,False,False,False
Angola,AGO,2016,Country or economy,Other fossil,False,4.55,0.11,2.477,41.439,-3.96,1.38,2.994,0.072,2.464,94.844,658.022,Africa,Africa,False,False,False,False,False
Angola,AGO,2016,Country or economy,Net imports,False,0.0,0.0,,0.0,0.0,,0.0,0.0,,0.0,,Africa,Africa,False,False,False,False,False
Angola,AGO,2016,Country or economy,Wind and solar,True,0.02,0.0,0.0,0.182,-0.022,0.0,0.001,0.0,0.0,0.032,50.0,Africa,Africa,False,False,False,False,False
Angola,AGO,2016,Country or economy,"Hydro, bioenergy and other renewables",True,6.41,1.09,20.489,58.379,3.982,1.75,0.162,0.028,20.896,5.132,25.273,Africa,Africa,False,False,False,False,False
Angola,AGO,2016,Country or economy,Renewables,True,6.43,1.09,20.412,58.561,3.96,1.75,0.163,0.028,20.741,5.163,25.35,Africa,Africa,False,False,False,False,False
Angola,AGO,2016,Country or economy,Clean,True,6.43,1.09,20.412,58.561,3.96,1.75,0.163,0.028,20.741,5.163,25.35,Africa,Africa,False,False,False,False,False
Angola,AGO,2016,Country or economy,Fossil,True,4.55,0.11,2.477,41.439,-3.96,1.38,2.994,0.072,2.464,94.844,658.022,Africa,Africa,False,False,False,False,False
Angola,AGO,2016,Country or economy,Total generation,True,10.98,1.2,12.27,100.0,0.0,3.13,3.157,0.1,3.271,100.007,287.523,Africa,Africa,False,False,False,False,False
Angola,AGO,2016,Country or economy,Demand,True,10.98,1.2,12.27,100.0,0.0,,,,,,,Africa,Africa,False,False,False,False,False
Angola,AGO,2017,Country or economy,Solar,False,0.02,0.0,0.0,0.185,0.003,0.0,0.001,0.0,0.0,0.045,50.0,Africa,Africa,False,False,False,False,False
Angola,AGO,2017,Country or economy,Wind,False,0.0,0.0,,0.0,0.0,0.0,0.0,0.0,,0.0,,Africa,Africa,False,False,False,False,False
Angola,AGO,2017,Country or economy,Hydro,False,7.65,1.29,20.283,70.768,12.845,2.39,0.182,0.031,20.53,8.184,23.791,Africa,Africa,False,False,False,False,False
Angola,AGO,2017,Country or economy,Bioenergy,False,0.05,0.0,0.0,0.463,0.008,0.05,0.011,0.0,0.0,0.495,220.0,Africa,Africa,False,False,False,False,False
Angola,AGO,2017,Country or economy,Other renewables,False,0.0,0.0,,0.0,0.0,0.0,0.0,0.0,,0.0,,Africa,Africa,False,False,False,False,False
Angola,AGO,2017,Country or economy,Nuclear,False,0.0,0.0,,0.0,0.0,0.0,0.0,0.0,,0.0,,Africa,Africa,False,False,False,False,False
Angola,AGO,2017,Country or economy,Coal,False,0.0,0.0,,0.0,0.0,,0.0,0.0,,0.0,,Africa,Africa,False,False,False,False,False
Angola,AGO,2017,Country or economy,Gas,False,0.04,0.04,,0.37,0.37,0.72,0.023,0.023,,1.034,575.0,Africa,Africa,False,False,False,False,False
Angola,AGO,2017,Country or economy,Other fossil,False,3.05,-1.5,-32.967,28.215,-13.224,1.62,2.007,-0.987,-32.966,90.254,658.033,Africa,Africa,False,False,False,False,False
Angola,AGO,2017,Country or economy,Net imports,False,0.0,0.0,,0.0,0.0,,0.0,0.0,,0.0,,Africa,Africa,False,False,False,False,False
Angola,AGO,2017,Country or economy,Wind and solar,True,0.02,0.0,0.0,0.185,0.003,0.0,0.001,0.0,0.0,0.045,50.0,Africa,Africa,False,False,False,False,False
Angola,AGO,2017,Country or economy,"Hydro, bioenergy and other renewables",True,7.7,1.29,20.125,71.23,12.851,2.44,0.193,0.031,19.136,8.679,25.065,Africa,Africa,False,False,False,False,False
Angola,AGO,2017,Country or economy,Renewables,True,7.72,1.29,20.062,71.415,12.854,2.44,0.194,0.031,19.018,8.724,25.13,Africa,Africa,False,False,False,False,False
Angola,AGO,2017,Country or economy,Clean,True,7.72,1.29,20.062,71.415,12.854,2.44,0.194,0.031,19.018,8.724,25.13,Africa,Africa,False,False,False,False,False
Angola,AGO,2017,Country or economy,Fossil,True,3.09,-1.46,-32.088,28.585,-12.854,2.34,2.03,-0.964,-32.198,91.288,656.958,Africa,Africa,False,False,False,False,False
Angola,AGO,2017,Country or economy,Total generation,True,10.81,-0.17,-1.548,100.0,0.0,4.78,2.224,-0.933,-29.553,100.013,205.735,Africa,Africa,False,False,False,False,False
Angola,AGO,2017,Country or economy,Demand,True,10.81,-0.17,-1.548,100.0,0.0,,,,,,,Africa,Africa,False,False,False,False,False
Angola,AGO,2018,Country or economy,Solar,False,0.02,0.0,0.0,0.152,-0.033,0.0,0.001,0.0,0.0,0.049,50.0,Africa,Africa,False,False,False,False,False
Angola,AGO,2018,Country or economy,Wind,False,0.0,0.0,,0.0,0.0,0.0,0.0,0.0,,0.0,,Africa,Africa,False,False,False,False,False
Angola,AGO,2018,Country or economy,Hydro,False,10.37,2.72,35.556,78.919,8.151,3.06,0.246,0.064,35.165,12.126,23.722,Africa,Africa,False,False,False,False,False
Angola,AGO,2018,Country or economy,Bioenergy,False,0.05,0.0,0.0,0.381,-0.082,0.05,0.011,0.0,0.0,0.542,220.0,Africa,Africa,False,False,False,False,False
Angola,AGO,2018,Country or economy,Other renewables,False,0.0,0.0,,0.0,0.0,0.0,0.0,0.0,,0.0,,Africa,Africa,False,False,False,False,False
Angola,AGO,2018,Country or economy,Nuclear,False,0.0,0.0,,0.0,0.0,0.0,0.0,0.0,,0.0,,Africa,Africa,False,False,False,False,False
Angola,AGO,2018,Country or economy,Coal,False,0.0,0.0,,0.0,0.0,,0.0,0.0,,0.0,,Africa,Africa,False,False,False,False,False
Angola,AGO,2018,Country or economy,Gas,False,0.08,0.04,100.0,0.609,0.239,0.72,0.047,0.024,104.348,2.317,587.5,Africa,Africa,False,False,False,False,False
Angola,AGO,2018,Country or economy,Other fossil,False,2.62,-0.43,-14.098,19.939,-8.276,1.62,1.724,-0.283,-14.101,84.98,658.015,Africa,Africa,False,False,False,False,False
Angola,AGO,2018,Country or economy,Net imports,False,0.0,0.0,,0.0,0.0,,0.0,0.0,,0.0,,Africa,Africa,False,False,False,False,False
Angola,AGO,2018,Country or economy,Wind and solar,True,0.02,0.0,0.0,0.152,-0.033,0.0,0.001,0.0,0.0,0.049,50.0,Africa,Africa,False,False,False,False,False
Angola,AGO,2018,Country or economy,"Hydro, bioenergy and other renewables",True,10.42,2.72,35.325,79.3,8.07,3.11,0.257,0.064,33.161,12.668,24.664,Africa,Africa,False,False,False,False,False
Angola,AGO,2018,Country or economy,Renewables,True,10.44,2.72,35.233,79.452,8.037,3.11,0.258,0.064,32.99,12.717,24.713,Africa,Africa,False,False,False,False,False
Angola,AGO,2018,Country or economy,Clean,True,10.44,2.72,35.233,79.452,8.037,3.11,0.258,0.064,32.99,12.717,24.713,Africa,Africa,False,False,False,False,False
Angola,AGO,2018,Country or economy,Fossil,True,2.7,-0.39,-12.621,20.548,-8.037,2.34,1.771,-0.259,-12.759,87.297,655.926,Africa,Africa,False,False,False,False,False
Angola,AGO,2018,Country or economy,Total generation,True,13.14,2.33,21.554,100.0,0.0,5.45,2.029,-0.195,-8.768,100.015,154.414,Africa,Africa,False,False,False,False,False
Angola,AGO,2018,Country or economy,Demand,True,13.14,2.33,21.554,100.0,0.0,,,,,,,Africa,Africa,False,False,False,False,False
Angola,AGO,2019,Country or economy,Solar,False,0.02,0.0,0.0,0.126,-0.026,0.0,0.001,0.0,0.0,0.034,50.0,Africa,Africa,False,False,False,False,False
Angola,AGO,2019,Country or economy,Wind,False,0.0,0.0,,0.0,0.0,0.0,0.0,0.0,,0.0,,Africa,Africa,False,False,False,False,False
Angola,AGO,2019,Country or economy,Hydro,False,11.51,1.14,10.993,72.756,-6.163,3.4,0.273,0.027,10.976,9.251,23.719,Africa,Africa,False,False,False,False,False
Angola,AGO,2019,Country or economy,Bioenergy,False,0.05,0.0,0.0,0.316,-0.065,0.05,0.011,0.0,0.0,0.373,220.0,Africa,Africa,False,False,False,False,False
Angola,AGO,2019,Country or economy,Other renewables,False,0.0,0.0,,0.0,0.0,0.0,0.0,0.0,,0.0,,Africa,Africa,False,False,False,False,False
Angola,AGO,2019,Country or economy,Nuclear,False,0.0,0.0,,0.0,0.0,0.0,0.0,0.0,,0.0,,Africa,Africa,False,False,False,False,False
Angola,AGO,2019,Country or economy,Coal,False,0.0,0.0,,0.0,0.0,,0.0,0.0,,0.0,,Africa,Africa,False,False,False,False,False
Angola,AGO,2019,Country or economy,Gas,False,1.64,1.56,1950.0,10.367,9.758,0.72,0.955,0.908,1931.915,32.36,582.317,Africa,Africa,False,False,False,False,False
Angola,AGO,2019,Country or economy,Other fossil,False,2.6,-0.02,-0.763,16.435,-3.504,1.64,1.711,-0.013,-0.754,57.978,658.077,Africa,Africa,False,False,False,False,False
Angola,AGO,2019,Country or economy,Net imports,False,0.0,0.0,,0.0,0.0,,0.0,0.0,,0.0,,Africa,Africa,False,False,False,False,False
Angola,AGO,2019,Country or economy,Wind and solar,True,0.02,0.0,0.0,0.126,-0.026,0.0,0.001,0.0,0.0,0.034,50.0,Africa,Africa,False,False,False,False,False
Angola,AGO,2019,Country or economy,"Hydro, bioenergy and other renewables",True,11.56,1.14,10.94,73.072,-6.228,3.45,0.284,0.027,10.506,9.623,24.567,Africa,Africa,False,False,False,False,False
Angola,AGO,2019,Country or economy,Renewables,True,11.58,1.14,10.92,73.198,-6.254,3.45,0.285,0.027,10.465,9.657,24.611,Africa,Africa,False,False,False,False,False
Angola,AGO,2019,Country or economy,Clean,True,11.58,1.14,10.92,73.198,-6.254,3.45,0.285,0.027,10.465,9.657,24.611,Africa,Africa,False,False,False,False,False
Angola,AGO,2019,Country or economy,Fossil,True,4.24,1.54,57.037,26.802,6.254,2.36,2.666,0.895,50.536,90.338,628.774,Africa,Africa,False,False,False,False,False
Angola,AGO,2019,Country or economy,Total generation,True,15.82,2.68,20.396,100.0,0.0,5.81,2.951,0.922,45.441,99.995,186.536,Africa,Africa,False,False,False,False,False
Angola,AGO,2019,Country or economy,Demand,True,15.82,2.68,20.396,100.0,0.0,,,,,,,Africa,Africa,False,False,False,False,False
Angola,AGO,2020,Country or economy,Solar,False,0.02,0.0,0.0,0.119,-0.007,0.0,0.001,0.0,0.0,0.035,50.0,Africa,Africa,False,False,False,False,False
Angola,AGO,2020,Country or economy,Wind,False,0.0,0.0,,0.0,0.0,0.0,0.0,0.0,,0.0,,Africa,Africa,False,False,False,False,False
Angola,AGO,2020,Country or economy,Hydro,False,12.64,1.13,9.818,75.193,2.437,3.73,0.3,0.027,9.89,10.398,23.734,Africa,Africa,False,False,False,False,False
Angola,AGO,2020,Country or economy,Bioenergy,False,0.05,0.0,0.0,0.297,-0.019,0.05,0.011,0.0,0.0,0.381,220.0,Africa,Africa,False,False,False,False,False
Angola,AGO,2020,Country or economy,Other renewables,False,0.0,0.0,,0.0,0.0,0.0,0.0,0.0,,0.0,,Africa,Africa,False,False,False,False,False
Angola,AGO,2020,Country or economy,Nuclear,False,0.0,0.0,,0.0,0.0,0.0,0.0,0.0,,0.0,,Africa,Africa,False,False,False,False,False
Angola,AGO,2020,Country or economy,Coal,False,0.0,0.0,,0.0,0.0,,0.0,0.0,,0.0,,Africa,Africa,False,False,False,False,False
Angola,AGO,2020,Country or economy,Gas,False,1.65,0.01,0.61,9.816,-0.551,0.72,0.961,0.006,0.628,33.309,582.424,Africa,Africa,False,False,False,False,False
Angola,AGO,2020,Country or economy,Other fossil,False,2.45,-0.15,-5.769,14.575,-1.86,1.64,1.612,-0.099,-5.786,55.873,657.959,Africa,Africa,False,False,False,False,False
Angola,AGO,2020,Country or economy,Net imports,False,0.0,0.0,,0.0,0.0,,0.0,0.0,,0.0,,Africa,Africa,False,False,False,False,False
Angola,AGO,2020,Country or economy,Wind and solar,True,0.02,0.0,0.0,0.119,-0.007,0.0,0.001,0.0,0.0,0.035,50.0,Africa,Africa,False,False,False,False,False
Angola,AGO,2020,Country or economy,"Hydro, bioenergy and other renewables",True,12.69,1.13,9.775,75.491,2.419,3.78,0.311,0.027,9.507,10.779,24.507,Africa,Africa,False,False,False,False,False
Angola,AGO,2020,Country or economy,Renewables,True,12.71,1.13,9.758,75.61,2.412,3.78,0.312,0.027,9.474,10.814,24.548,Africa,Africa,False,False,False,False,False
Angola,AGO,2020,Country or economy,Clean,True,12.71,1.13,9.758,75.61,2.412,3.78,0.312,0.027,9.474,10.814,24.548,Africa,Africa,False,False,False,False,False
Angola,AGO,2020,Country or economy,Fossil,True,4.1,-0.14,-3.302,24.39,-2.412,2.36,2.573,-0.093,-3.488,89.182,627.561,Africa,Africa,False,False,False,False,False
Angola,AGO,2020,Country or economy,Total generation,True,16.81,0.99,6.258,100.0,0.0,6.14,2.885,-0.066,-2.237,99.996,171.624,Africa,Africa,False,False,False,False,False
Angola,AGO,2020,Country or economy,Demand,True,16.81,0.99,6.258,100.0,0.0,,,,,,,Africa,Africa,False,False,False,False,False
Angola,AGO,2021,Country or economy,Solar,False,0.02,0.0,0.0,0.119,0.0,0.0,0.001,0.0,0.0,0.034,50.0,Africa,Africa,False,False,False,False,False
Angola,AGO,2021,Country or economy,Wind,False,0.0,0.0,,0.0,0.0,0.0,0.0,0.0,,0.0,,Africa,Africa,False,False,False,False,False
Angola,AGO,2021,Country or economy,Hydro,False,12.64,0.0,0.0,75.015,-0.178,3.73,0.3,0.0,0.0,10.307,23.734,Africa,Africa,False,False,False,False,False
Angola,AGO,2021,Country or economy,Bioenergy,False,0.05,0.0,0.0,0.297,0.0,0.05,0.011,0.0,0.0,0.378,220.0,Africa,Africa,False,False,False,False,False
Angola,AGO,2021,Country or economy,Other renewables,False,0.0,0.0,,0.0,0.0,0.0,0.0,0.0,,0.0,,Africa,Africa,False,False,False,False,False
Angola,AGO,2021,Country or economy,Nuclear,False,0.0,0.0,,0.0,0.0,0.0,0.0,0.0,,0.0,,Africa,Africa,False,False,False,False,False
Angola,AGO,2021,Country or economy,Coal,False,0.0,0.0,,0.0,0.0,,0.0,0.0,,0.0,,Africa,Africa,False,False,False,False,False
Angola,AGO,2021,Country or economy,Gas,False,1.66,0.01,0.606,9.852,0.036,0.72,0.967,0.006,0.624,33.223,582.53,Africa,Africa,False,False,False,False,False
Angola,AGO,2021,Country or economy,Other fossil,False,2.48,0.03,1.224,14.718,0.143,1.64,1.632,0.02,1.241,56.07,658.065,Africa,Africa,False,False,False,False,False
Angola,AGO,2021,Country or economy,Net imports,False,0.0,0.0,,0.0,0.0,,0.0,0.0,,0.0,,Africa,Africa,False,False,False,False,False
Angola,AGO,2021,Country or economy,Wind and solar,True,0.02,0.0,0.0,0.119,0.0,0.0,0.001,0.0,0.0,0.034,50.0,Africa,Africa,False,False,False,False,False
Angola,AGO,2021,Country or economy,"Hydro, bioenergy and other renewables",True,12.69,0.0,0.0,75.312,-0.179,3.78,0.311,0.0,0.0,10.685,24.507,Africa,Africa,False,False,False,False,False
Angola,AGO,2021,Country or economy,Renewables,True,12.71,0.0,0.0,75.43,-0.18,3.78,0.312,0.0,0.0,10.719,24.548,Africa,Africa,False,False,False,False,False
Angola,AGO,2021,Country or economy,Clean,True,12.71,0.0,0.0,75.43,-0.18,3.78,0.312,0.0,0.0,10.719,24.548,Africa,Africa,False,False,False,False,False
Angola,AGO,2021,Country or economy,Fossil,True,4.14,0.04,0.976,24.57,0.18,2.36,2.599,0.026,1.01,89.292,627.778,Africa,Africa,False,False,False,False,False
Angola,AGO,2021,Country or economy,Total generation,True,16.85,0.04,0.238,100.0,0.0,6.14,2.911,0.026,0.901,100.011,172.76,Africa,Africa,False,False,False,False,False
Angola,AGO,2021,Country or economy,Demand,True,16.85,0.04,0.238,100.0,0.0,,,,,,,Africa,Africa,False,False,False,False,False
Angola,AGO,2022,Country or economy,Solar,False,0.39,0.37,1850.0,2.253,2.134,0.29,0.019,0.018,1800.0,0.636,48.718,Africa,Africa,False,False,False,False,False
Angola,AGO,2022,Country or economy,Wind,False,0.0,0.0,,0.0,0.0,0.0,0.0,0.0,,0.0,,Africa,Africa,False,False,False,False,False
Angola,AGO,2022,Country or economy,Hydro,False,12.64,0.0,0.0,73.021,-1.994,3.73,0.3,0.0,0.0,10.044,23.734,Africa,Africa,False,False,False,False,False
Angola,AGO,2022,Country or economy,Bioenergy,False,0.05,0.0,0.0,0.289,-0.008,0.05,0.011,0.0,0.0,0.368,220.0,Africa,Africa,False,False,False,False,False
Angola,AGO,2022,Country or economy,Other renewables,False,0.0,0.0,,0.0,0.0,0.0,0.0,0.0,,0.0,,Africa,Africa,False,False,False,False,False
Angola,AGO,2022,Country or economy,Nuclear,False,0.0,0.0,,0.0,0.0,0.0,0.0,0.0,,0.0,,Africa,Africa,False,False,False,False,False
Angola,AGO,2022,Country or economy,Coal,False,0.0,0.0,,0.0,0.0,,0.0,0.0,,0.0,,Africa,Africa,False,False,False,False,False
Angola,AGO,2022,Country or economy,Gas,False,1.67,0.01,0.602,9.648,-0.204,0.72,0.973,0.006,0.62,32.578,582.635,Africa,Africa,False,False,False,False,False
Angola,AGO,2022,Country or economy,Other fossil,False,2.56,0.08,3.226,14.789,0.071,1.64,1.684,0.052,3.186,56.383,657.812,Africa,Africa,False,False,False,False,False
Angola,AGO,2022,Country or economy,Net imports,False,0.0,0.0,,0.0,0.0,,0.0,0.0,,0.0,,Africa,Africa,False,False,False,False,False
Angola,AGO,2022,Country or economy,Wind and solar,True,0.39,0.37,1850.0,2.253,2.134,0.29,0.019,0.018,1800.0,0.636,48.718,Africa,Africa,False,False,False,False,False
Angola,AGO,2022,Country or economy,"Hydro, bioenergy and other renewables",True,12.69,0.0,0.0,73.31,-2.002,3.78,0.311,0.0,0.0,10.413,24.507,Africa,Africa,False,False,False,False,False
Angola,AGO,2022,Country or economy,Renewables,True,13.08,0.37,2.911,75.563,0.133,4.069999999999999,0.33,0.018,5.769,11.049,25.229,Africa,Africa,False,False,False,False,False
Angola,AGO,2022,Country or economy,Clean,True,13.08,0.37,2.911,75.563,0.133,4.069999999999999,0.33,0.018,5.769,11.049,25.229,Africa,Africa,False,False,False,False,False
Angola,AGO,2022,Country or economy,Fossil,True,4.23,0.09,2.174,24.437,-0.133,2.36,2.657,0.058,2.232,88.961,628.132,Africa,Africa,False,False,False,False,False
Angola,AGO,2022,Country or economy,Total generation,True,17.31,0.46,2.73,100.0,0.0,6.43,2.987,0.076,2.611,100.009,172.559,Africa,Africa,False,False,False,False,False
Angola,AGO,2022,Country or economy,Demand,True,17.31,0.46,2.73,100.0,0.0,,,,,,,Africa,Africa,False,False,False,False,False
Angola,AGO,2023,Country or economy,Solar,False,0.39,0.0,0.0,2.476,0.223,0.31,0.019,0.0,0.0,0.659,48.718,Africa,Africa,False,False,False,False,False
Angola,AGO,2023,Country or economy,Wind,False,0.0,0.0,,0.0,0.0,0.0,0.0,0.0,,0.0,,Africa,Africa,False,False,False,False,False
Angola,AGO,2023,Country or economy,Hydro,False,11.22,-1.42,-11.234,71.238,-1.783,3.73,0.267,-0.033,-11.0,9.264,23.797,Africa,Africa,False,False,False,False,False
Angola,AGO,2023,Country or economy,Bioenergy,False,0.05,0.0,0.0,0.317,0.028,0.05,0.011,0.0,0.0,0.382,220.0,Africa,Africa,False,False,False,False,False
Angola,AGO,2023,Country or economy,Other renewables,False,0.0,0.0,,0.0,0.0,0.0,0.0,0.0,,0.0,,Africa,Africa,False,False,False,False,False
Angola,AGO,2023,Country or economy,Nuclear,False,0.0,0.0,,0.0,0.0,0.0,0.0,0.0,,0.0,,Africa,Africa,False,False,False,False,False
Angola,AGO,2023,Country or economy,Coal,False,0.0,0.0,,0.0,0.0,,0.0,0.0,,0.0,,Africa,Africa,False,False,False,False,False
Angola,AGO,2023,Country or economy,Gas,False,1.39,-0.28,-16.766,8.825,-0.823,0.72,0.81,-0.163,-16.752,28.105,582.734,Africa,Africa,False,False,False,False,False
Angola,AGO,2023,Country or economy,Other fossil,False,2.7,0.14,5.469,17.143,2.354,1.64,1.777,0.093,5.523,61.658,658.148,Africa,Africa,False,False,False,False,False
Angola,AGO,2023,Country or economy,Net imports,False,0.0,0.0,,0.0,0.0,,0.0,0.0,,0.0,,Africa,Africa,False,False,False,False,False
Angola,AGO,2023,Country or economy,Wind and solar,True,0.39,0.0,0.0,2.476,0.223,0.31,0.019,0.0,0.0,0.659,48.718,Africa,Africa,False,False,False,False,False
Angola,AGO,2023,Country or economy,"Hydro, bioenergy and other renewables",True,11.27,-1.42,-11.19,71.556,-1.754,3.78,0.277,-0.034,-10.932,9.611,24.579,Africa,Africa,False,False,False,False,False
Angola,AGO,2023,Country or economy,Renewables,True,11.66,-1.42,-10.856,74.032,-1.531,4.09,0.296,-0.034,-10.303,10.271,25.386,Africa,Africa,False,False,False,False,False
Angola,AGO,2023,Country or economy,Clean,True,11.66,-1.42,-10.856,74.032,-1.531,4.09,0.296,-0.034,-10.303,10.271,25.386,Africa,Africa,False,False,False,False,False
Angola,AGO,2023,Country or economy,Fossil,True,4.09,-0.14,-3.31,25.968,1.531,2.36,2.586,-0.071,-2.672,89.728,632.274,Africa,Africa,False,False,False,False,False
Angola,AGO,2023,Country or economy,Total generation,True,15.75,-1.56,-9.012,100.0,0.0,6.449999999999999,2.882,-0.105,-3.515,99.999,182.984,Africa,Africa,False,False,False,False,False
Angola,AGO,2023,Country or economy,Demand,True,15.75,-1.56,-9.012,100.0,0.0,,,,,,,Africa,Africa,False,False,False,False,False
Angola,AGO,2024,Country or economy,Solar,False,0.44,0.05,12.821,2.822,0.346,0.36,0.021,0.002,10.526,0.728,47.727,Africa,Africa,False,False,False,False,False
Angola,AGO,2024,Country or economy,Wind,False,0.0,0.0,,0.0,0.0,0.0,0.0,0.0,,0.0,,Africa,Africa,False,False,False,False,False
Angola,AGO,2024,Country or economy,Hydro,False,11.0,-0.22,-1.961,70.558,-0.68,3.73,0.261,-0.006,-2.247,9.047,23.727,Africa,Africa,False,False,False,False,False
Angola,AGO,2024,Country or economy,Bioenergy,False,0.05,0.0,0.0,0.321,0.004,0.05,0.011,0.0,0.0,0.381,220.0,Africa,Africa,False,False,False,False,False
Angola,AGO,2024,Country or economy,Other renewables,False,0.0,0.0,,0.0,0.0,0.0,0.0,0.0,,0.0,,Africa,Africa,False,False,False,False,False
Angola,AGO,2024,Country or economy,Nuclear,False,0.0,0.0,,0.0,0.0,0.0,0.0,0.0,,0.0,,Africa,Africa,False,False,False,False,False
Angola,AGO,2024,Country or economy,Coal,False,0.0,0.0,,0.0,0.0,,0.0,0.0,,0.0,,Africa,Africa,False,False,False,False,False
Angola,AGO,2024,Country or economy,Gas,False,1.4,0.01,0.719,8.98,0.155,0.72,0.815,0.005,0.617,28.25,582.143,Africa,Africa,False,False,False,False,False
Angola,AGO,2024,Country or economy,Other fossil,False,2.7,0.0,0.0,17.319,0.176,1.64,1.777,0.0,0.0,61.594,658.148,Africa,Africa,False,False,False,False,False
Angola,AGO,2024,Country or economy,Net imports,False,0.0,0.0,,0.0,0.0,,0.0,0.0,,0.0,,Africa,Africa,False,False,False,False,False
Angola,AGO,2024,Country or economy,Wind and solar,True,0.44,0.05,12.821,2.822,0.346,0.36,0.021,0.002,10.526,0.728,47.727,Africa,Africa,False,False,False,False,False
Angola,AGO,2024,Country or economy,"Hydro, bioenergy and other renewables",True,11.05,-0.22,-1.952,70.879,-0.677,3.78,0.272,-0.005,-1.805,9.428,24.615,Africa,Africa,False,False,False,False,False
Angola,AGO,2024,Country or economy,Renewables,True,11.49,-0.17,-1.458,73.701,-0.331,4.14,0.293,-0.003,-1.014,10.156,25.5,Africa,Africa,False,False,False,False,False
Angola,AGO,2024,Country or economy,Clean,True,11.49,-0.17,-1.458,73.701,-0.331,4.14,0.293,-0.003,-1.014,10.156,25.5,Africa,Africa,False,False,False,False,False
Angola,AGO,2024,Country or economy,Fossil,True,4.1,0.01,0.244,26.299,0.331,2.36,2.592,0.006,0.232,89.844,632.195,Africa,Africa,False,False,False,False,False
Angola,AGO,2024,Country or economy,Total generation,True,15.59,-0.16,-1.016,100.0,0.0,6.5,2.885,0.003,0.104,100.0,185.055,Africa,Africa,False,False,False,False,False
Angola,AGO,2024,Country or economy,Demand,True,15.59,-0.16,-1.016,100.0,0.0,,,,,,,Africa,Africa,False,False,False,False,False
Burundi,BDI,2000,Country or economy,Solar,False,0.0,,,0.0,,0.0,0.0,,,0.0,,Africa,Africa,False,False,False,False,False
Burundi,BDI,2000,Country or economy,Wind,False,0.0,,,0.0,,0.0,0.0,,,0.0,,Africa,Africa,False,False,False,False,False
Burundi,BDI,2000,Country or economy,Hydro,False,0.1,,,100.0,,0.05,0.002,,,84.175,20.0,Africa,Africa,False,False,False,False,False
Burundi,BDI,2000,Country or economy,Bioenergy,False,0.0,,,0.0,,0.0,0.0,,,0.0,,Africa,Africa,False,False,False,False,False
Burundi,BDI,2000,Country or economy,Other renewables,False,0.0,,,0.0,,0.0,0.0,,,0.0,,Africa,Africa,False,False,False,False,False
Burundi,BDI,2000,Country or economy,Nuclear,False,0.0,,,0.0,,0.0,0.0,,,0.0,,Africa,Africa,False,False,False,False,False
Burundi,BDI,2000,Country or economy,Coal,False,0.0,,,0.0,,,0.0,,,0.0,,Africa,Africa,False,False,False,False,False
Burundi,BDI,2000,Country or economy,Gas,False,0.0,,,0.0,,,0.0,,,0.0,,Africa,Africa,False,False,False,False,False
Burundi,BDI,2000,Country or economy,Other fossil,False,0.0,,,0.0,,0.01,0.0,,,0.0,,Africa,Africa,False,False,False,False,False
Burundi,BDI,2000,Country or economy,Net imports,False,0.03,,,30.0,,,0.0,,,0.0,0.0,Africa,Africa,False,False,False,False,False
Burundi,BDI,2000,Country or economy,Wind and solar,True,0.0,,,0.0,,0.0,0.0,,,0.0,,Africa,Africa,False,False,False,False,False
Burundi,BDI,2000,Country or economy,"Hydro, bioenergy and other renewables",True,0.1,,,100.0,,0.05,0.002,,,84.175,20.0,Africa,Africa,False,False,False,False,False
Burundi,BDI,2000,Country or economy,Renewables,True,0.1,,,100.0,,0.05,0.002,,,84.175,20.0,Africa,Africa,False,False,False,False,False
Burundi,BDI,2000,Country or economy,Clean,True,0.1,,,100.0,,0.05,0.002,,,84.175,20.0,Africa,Africa,False,False,False,False,False
Burundi,BDI,2000,Country or economy,Fossil,True,0.0,,,0.0,,0.01,0.0,,,0.0,,Africa,Africa,False,False,False,False,False
Burundi,BDI,2000,Country or economy,Total generation,True,0.1,,,100.0,,0.06,0.002,,,84.175,20.0,Africa,Africa,False,False,False,False,False
Burundi,BDI,2000,Country or economy,Demand,True,0.13,,,130.0,,,,,,,,Africa,Africa,False,False,False,False,False
Burundi,BDI,2001,Country or economy,Solar,False,0.0,0.0,,0.0,0.0,0.0,0.0,0.0,,0.0,,Africa,Africa,False,False,False,False,False
Burundi,BDI,2001,Country or economy,Wind,False,0.0,0.0,,0.0,0.0,0.0,0.0,0.0,,0.0,,Africa,Africa,False,False,False,False,False
Burundi,BDI,2001,Country or economy,Hydro,False,0.11,0.01,10.0,100.0,0.0,0.05,0.003,0.001,50.0,114.784,27.273,Africa,Africa,False,False,False,False,False
Burundi,BDI,2001,Country or economy,Bioenergy,False,0.0,0.0,,0.0,0.0,0.0,0.0,0.0,,0.0,,Africa,Africa,False,False,False,False,False
Burundi,BDI,2001,Country or economy,Other renewables,False,0.0,0.0,,0.0,0.0,0.0,0.0,0.0,,0.0,,Africa,Africa,False,False,False,False,False
Burundi,BDI,2001,Country or economy,Nuclear,False,0.0,0.0,,0.0,0.0,0.0,0.0,0.0,,0.0,,Africa,Africa,False,False,False,False,False
Burundi,BDI,2001,Country or economy,Coal,False,0.0,0.0,,0.0,0.0,,0.0,0.0,,0.0,,Africa,Africa,False,False,False,False,False
Burundi,BDI,2001,Country or economy,Gas,False,0.0,0.0,,0.0,0.0,,0.0,0.0,,0.0,,Africa,Africa,False,False,False,False,False
Burundi,BDI,2001,Country or economy,Other fossil,False,0.0,0.0,,0.0,0.0,0.01,0.0,0.0,,0.0,,Africa,Africa,False,False,False,False,False
Burundi,BDI,2001,Country or economy,Net imports,False,0.04,0.01,33.333,36.364,6.364,,0.0,0.0,,0.0,0.0,Africa,Africa,False,False,False,False,False
Burundi,BDI,2001,Country or economy,Wind and solar,True,0.0,0.0,,0.0,0.0,0.0,0.0,0.0,,0.0,,Africa,Africa,False,False,False,False,False
Burundi,BDI,2001,Country or economy,"Hydro, bioenergy and other renewables",True,0.11,0.01,10.0,100.0,0.0,0.05,0.003,0.001,50.0,114.784,27.273,Africa,Africa,False,False,False,False,False
Burundi,BDI,2001,Country or economy,Renewables,True,0.11,0.01,10.0,100.0,0.0,0.05,0.003,0.001,50.0,114.784,27.273,Africa,Africa,False,False,False,False,False
Burundi,BDI,2001,Country or economy,Clean,True,0.11,0.01,10.0,100.0,0.0,0.05,0.003,0.001,50.0,114.784,27.273,Africa,Africa,False,False,False,False,False
Burundi,BDI,2001,Country or economy,Fossil,True,0.0,0.0,,0.0,0.0,0.01,0.0,0.0,,0.0,,Africa,Africa,False,False,False,False,False
Burundi,BDI,2001,Country or economy,Total generation,True,0.11,0.01,10.0,100.0,0.0,0.06,0.003,0.001,50.0,114.784,27.273,Africa,Africa,False,False,False,False,False
Burundi,BDI,2001,Country or economy,Demand,True,0.15,0.02,15.385,136.364,6.364,,,,,,,Africa,Africa,False,False,False,False,False
Burundi,BDI,2002,Country or economy,Solar,False,0.0,0.0,,0.0,0.0,0.0,0.0,0.0,,0.0,,Africa,Africa,False,False,False,False,False
Burundi,BDI,2002,Country or economy,Wind,False,0.0,0.0,,0.0,0.0,0.0,0.0,0.0,,0.0,,Africa,Africa,False,False,False,False,False
Burundi,BDI,2002,Country or economy,Hydro,False,0.13,0.02,18.182,100.0,0.0,0.05,0.003,0.0,0.0,97.125,23.077,Africa,Africa,False,False,False,False,False
Burundi,BDI,2002,Country or economy,Bioenergy,False,0.0,0.0,,0.0,0.0,0.0,0.0,0.0,,0.0,,Africa,Africa,False,False,False,False,False
Burundi,BDI,2002,Country or economy,Other renewables,False,0.0,0.0,,0.0,0.0,0.0,0.0,0.0,,0.0,,Africa,Africa,False,False,False,False,False
Burundi,BDI,2002,Country or economy,Nuclear,False,0.0,0.0,,0.0,0.0,0.0,0.0,0.0,,0.0,,Africa,Africa,False,False,False,False,False
Burundi,BDI,2002,Country or economy,Coal,False,0.0,0.0,,0.0,0.0,,0.0,0.0,,0.0,,Africa,Africa,False,False,False,False,False
Burundi,BDI,2002,Country or economy,Gas,False,0.0,0.0,,0.0,0.0,,0.0,0.0,,0.0,,Africa,Africa,False,False,False,False,False
Burundi,BDI,2002,Country or economy,Other fossil,False,0.0,0.0,,0.0,0.0,0.01,0.0,0.0,,0.0,,Africa,Africa,False,False,False,False,False
Burundi,BDI,2002,Country or economy,Net imports,False,0.04,0.0,0.0,30.769,-5.595,,0.0,0.0,,0.0,0.0,Africa,Africa,False,False,False,False,False
Burundi,BDI,2002,Country or economy,Wind and solar,True,0.0,0.0,,0.0,0.0,0.0,0.0,0.0,,0.0,,Africa,Africa,False,False,False,False,False
Burundi,BDI,2002,Country or economy,"Hydro, bioenergy and other renewables",True,0.13,0.02,18.182,100.0,0.0,0.05,0.003,0.0,0.0,97.125,23.077,Africa,Africa,False,False,False,False,False
Burundi,BDI,2002,Country or economy,Renewables,True,0.13,0.02,18.182,100.0,0.0,0.05,0.003,0.0,0.0,97.125,23.077,Africa,Africa,False,False,False,False,False
Burundi,BDI,2002,Country or economy,Clean,True,0.13,0.02,18.182,100.0,0.0,0.05,0.003,0.0,0.0,97.125,23.077,Africa,Africa,False,False,False,False,False
Burundi,BDI,2002,Country or economy,Fossil,True,0.0,0.0,,0.0,0.0,0.01,0.0,0.0,,0.0,,Africa,Africa,False,False,False,False,False
Burundi,BDI,2002,Country or economy,Total generation,True,0.13,0.02,18.182,100.0,0.0,0.06,0.003,0.0,0.0,97.125,23.077,Africa,Africa,False,False,False,False,False
Burundi,BDI,2002,Country or economy,Demand,True,0.17,0.02,13.333,130.769,-5.595,,,,,,,Africa,Africa,False,False,False,False,False
Burundi,BDI,2003,Country or economy,Solar,False,0.0,0.0,,0.0,0.0,0.0,0.0,0.0,,0.0,,Africa,Africa,False,False,False,False,False
Burundi,BDI,2003,Country or economy,Wind,False,0.0,0.0,,0.0,0.0,0.0,0.0,0.0,,0.0,,Africa,Africa,False,False,False,False,False
Burundi,BDI,2003,Country or economy,Hydro,False,0.1,-0.03,-23.077,100.0,0.0,0.05,0.002,-0.001,-33.333,84.175,20.0,Africa,Africa,False,False,False,False,False
Burundi,BDI,2003,Country or economy,Bioenergy,False,0.0,0.0,,0.0,0.0,0.0,0.0,0.0,,0.0,,Africa,Africa,False,False,False,False,False
Burundi,BDI,2003,Country or economy,Other renewables,False,0.0,0.0,,0.0,0.0,0.0,0.0,0.0,,0.0,,Africa,Africa,False,False,False,False,False
Burundi,BDI,2003,Country or economy,Nuclear,False,0.0,0.0,,0.0,0.0,0.0,0.0,0.0,,0.0,,Africa,Africa,False,False,False,False,False
Burundi,BDI,2003,Country or economy,Coal,False,0.0,0.0,,0.0,0.0,,0.0,0.0,,0.0,,Africa,Africa,False,False,False,False,False
Burundi,BDI,2003,Country or economy,Gas,False,0.0,0.0,,0.0,0.0,,0.0,0.0,,0.0,,Africa,Africa,False,False,False,False,False
Burundi,BDI,2003,Country or economy,Other fossil,False,0.0,0.0,,0.0,0.0,0.01,0.0,0.0,,0.0,,Africa,Africa,False,False,False,False,False
Burundi,BDI,2003,Country or economy,Net imports,False,0.05,0.01,25.0,50.0,19.231,,0.0,0.0,,0.0,0.0,Africa,Africa,False,False,False,False,False
Burundi,BDI,2003,Country or economy,Wind and solar,True,0.0,0.0,,0.0,0.0,0.0,0.0,0.0,,0.0,,Africa,Africa,False,False,False,False,False
Burundi,BDI,2003,Country or economy,"Hydro, bioenergy and other renewables",True,0.1,-0.03,-23.077,100.0,0.0,0.05,0.002,-0.001,-33.333,84.175,20.0,Africa,Africa,False,False,False,False,False
Burundi,BDI,2003,Country or economy,Renewables,True,0.1,-0.03,-23.077,100.0,0.0,0.05,0.002,-0.001,-33.333,84.175,20.0,Africa,Africa,False,False,False,False,False
Burundi,BDI,2003,Country or economy,Clean,True,0.1,-0.03,-23.077,100.0,0.0,0.05,0.002,-0.001,-33.333,84.175,20.0,Africa,Africa,False,False,False,False,False
Burundi,BDI,2003,Country or economy,Fossil,True,0.0,0.0,,0.0,0.0,0.01,0.0,0.0,,0.0,,Africa,Africa,False,False,False,False,False
Burundi,BDI,2003,Country or economy,Total generation,True,0.1,-0.03,-23.077,100.0,0.0,0.06,0.002,-0.001,-33.333,84.175,20.0,Africa,Africa,False,False,False,False,False
Burundi,BDI,2003,Country or economy,Demand,True,0.15,-0.02,-11.765,150.0,19.231,,,,,,,Africa,Africa,False,False,False,False,False
Burundi,BDI,2004,Country or economy,Solar,False,0.0,0.0,,0.0,0.0,0.0,0.0,0.0,,0.0,,Africa,Africa,False,False,False,False,False
Burundi,BDI,2004,Country or economy,Wind,False,0.0,0.0,,0.0,0.0,0.0,0.0,0.0,,0.0,,Africa,Africa,False,False,False,False,False
Burundi,BDI,2004,Country or economy,Hydro,False,0.09,-0.01,-10.0,100.0,0.0,0.05,0.002,0.0,0.0,93.528,22.222,Africa,Africa,False,False,False,False,False
Burundi,BDI,2004,Country or economy,Bioenergy,False,0.0,0.0,,0.0,0.0,0.0,0.0,0.0,,0.0,,Africa,Africa,False,False,False,False,False
Burundi,BDI,2004,Country or economy,Other renewables,False,0.0,0.0,,0.0,0.0,0.0,0.0,0.0,,0.0,,Africa,Africa,False,False,False,False,False
Burundi,BDI,2004,Country or economy,Nuclear,False,0.0,0.0,,0.0,0.0,0.0,0.0,0.0,,0.0,,Africa,Africa,False,False,False,False,False
Burundi,BDI,2004,Country or economy,Coal,False,0.0,0.0,,0.0,0.0,,0.0,0.0,,0.0,,Africa,Africa,False,False,False,False,False
Burundi,BDI,2004,Country or economy,Gas,False,0.0,0.0,,0.0,0.0,,0.0,0.0,,0.0,,Africa,Africa,False,False,False,False,False
Burundi,BDI,2004,Country or economy,Other fossil,False,0.0,0.0,,0.0,0.0,0.01,0.0,0.0,,0.0,,Africa,Africa,False,False,False,False,False
Burundi,BDI,2004,Country or economy,Net imports,False,0.06,0.01,20.0,66.667,16.667,,0.0,0.0,,0.0,0.0,Africa,Africa,False,False,False,False,False
Burundi,BDI,2004,Country or economy,Wind and solar,True,0.0,0.0,,0.0,0.0,0.0,0.0,0.0,,0.0,,Africa,Africa,False,False,False,False,False
Burundi,BDI,2004,Country or economy,"Hydro, bioenergy and other renewables",True,0.09,-0.01,-10.0,100.0,0.0,0.05,0.002,0.0,0.0,93.528,22.222,Africa,Africa,False,False,False,False,False
Burundi,BDI,2004,Country or economy,Renewables,True,0.09,-0.01,-10.0,100.0,0.0,0.05,0.002,0.0,0.0,93.528,22.222,Africa,Africa,False,False,False,False,False
Burundi,BDI,2004,Country or economy,Clean,True,0.09,-0.01,-10.0,100.0,0.0,0.05,0.002,0.0,0.0,93.528,22.222,Africa,Africa,False,False,False,False,False
Burundi,BDI,2004,Country or economy,Fossil,True,0.0,0.0,,0.0,0.0,0.01,0.0,0.0,,0.0,,Africa,Africa,False,False,False,False,False
Burundi,BDI,2004,Country or economy,Total generation,True,0.09,-0.01,-10.0,100.0,0.0,0.06,0.002,0.0,0.0,93.528,22.222,Africa,Africa,False,False,False,False,False
Burundi,BDI,2004,Country or economy,Demand,True,0.15,0.0,0.0,166.667,16.667,,,,,,,Africa,Africa,False,False,False,False,False
Burundi,BDI,2005,Country or economy,Solar,False,0.0,0.0,,0.0,0.0,0.0,0.0,0.0,,0.0,,Africa,Africa,False,False,False,False,False
Burundi,BDI,2005,Country or economy,Wind,False,0.0,0.0,,0.0,0.0,0.0,0.0,0.0,,0.0,,Africa,Africa,False,False,False,False,False
Burundi,BDI,2005,Country or economy,Hydro,False,0.09,0.0,0.0,100.0,0.0,0.05,0.002,0.0,0.0,93.528,22.222,Africa,Africa,False,False,False,False,False
Burundi,BDI,2005,Country or economy,Bioenergy,False,0.0,0.0,,0.0,0.0,0.0,0.0,0.0,,0.0,,Africa,Africa,False,False,False,False,False
Burundi,BDI,2005,Country or economy,Other renewables,False,0.0,0.0,,0.0,0.0,0.0,0.0,0.0,,0.0,,Africa,Africa,False,False,False,False,False
Burundi,BDI,2005,Country or economy,Nuclear,False,0.0,0.0,,0.0,0.0,0.0,0.0,0.0,,0.0,,Africa,Africa,False,False,False,False,False
Burundi,BDI,2005,Country or economy,Coal,False,0.0,0.0,,0.0,0.0,,0.0,0.0,,0.0,,Africa,Africa,False,False,False,False,False
Burundi,BDI,2005,Country or economy,Gas,False,0.0,0.0,,0.0,0.0,,0.0,0.0,,0.0,,Africa,Africa,False,False,False,False,False
Burundi,BDI,2005,Country or economy,Other fossil,False,0.0,0.0,,0.0,0.0,0.01,0.0,0.0,,0.0,,Africa,Africa,False,False,False,False,False
Burundi,BDI,2005,Country or economy,Net imports,False,0.07,0.01,16.667,77.778,11.111,,0.0,0.0,,0.0,0.0,Africa,Africa,False,False,False,False,False
Burundi,BDI,2005,Country or economy,Wind and solar,True,0.0,0.0,,0.0,0.0,0.0,0.0,0.0,,0.0,,Africa,Africa,False,False,False,False,False
Burundi,BDI,2005,Country or economy,"Hydro, bioenergy and other renewables",True,0.09,0.0,0.0,100.0,0.0,0.05,0.002,0.0,0.0,93.528,22.222,Africa,Africa,False,False,False,False,False
Burundi,BDI,2005,Country or economy,Renewables,True,0.09,0.0,0.0,100.0,0.0,0.05,0.002,0.0,0.0,93.528,22.222,Africa,Africa,False,False,False,False,False
Burundi,BDI,2005,Country or economy,Clean,True,0.09,0.0,0.0,100.0,0.0,0.05,0.002,0.0,0.0,93.528,22.222,Africa,Africa,False,False,False,False,False
Burundi,BDI,2005,Country or economy,Fossil,True,0.0,0.0,,0.0,0.0,0.01,0.0,0.0,,0.0,,Africa,Africa,False,False,False,False,False
Burundi,BDI,2005,Country or economy,Total generation,True,0.09,0.0,0.0,100.0,0.0,0.06,0.002,0.0,0.0,93.528,22.222,Africa,Africa,False,False,False,False,False
Burundi,BDI,2005,Country or economy,Demand,True,0.16,0.01,6.667,177.778,11.111,,,,,,,Africa,Africa,False,False,False,False,False
Burundi,BDI,2006,Country or economy,Solar,False,0.0,0.0,,0.0,0.0,0.0,0.0,0.0,,0.0,,Africa,Africa,False,False,False,False,False
Burundi,BDI,2006,Country or economy,Wind,False,0.0,0.0,,0.0,0.0,0.0,0.0,0.0,,0.0,,Africa,Africa,False,False,False,False,False
Burundi,BDI,2006,Country or economy,Hydro,False,0.09,0.0,0.0,100.0,0.0,0.05,0.002,0.0,0.0,93.528,22.222,Africa,Africa,False,False,False,False,False
Burundi,BDI,2006,Country or economy,Bioenergy,False,0.0,0.0,,0.0,0.0,0.0,0.0,0.0,,0.0,,Africa,Africa,False,False,False,False,False
Burundi,BDI,2006,Country or economy,Other renewables,False,0.0,0.0,,0.0,0.0,0.0,0.0,0.0,,0.0,,Africa,Africa,False,False,False,False,False
Burundi,BDI,2006,Country or economy,Nuclear,False,0.0,0.0,,0.0,0.0,0.0,0.0,0.0,,0.0,,Africa,Africa,False,False,False,False,False
Burundi,BDI,2006,Country or economy,Coal,False,0.0,0.0,,0.0,0.0,,0.0,0.0,,0.0,,Africa,Africa,False,False,False,False,False
Burundi,BDI,2006,Country or economy,Gas,False,0.0,0.0,,0.0,0.0,,0.0,0.0,,0.0,,Africa,Africa,False,False,False,False,False
Burundi,BDI,2006,Country or economy,Other fossil,False,0.0,0.0,,0.0,0.0,0.01,0.0,0.0,,0.0,,Africa,Africa,False,False,False,False,False
Burundi,BDI,2006,Country or economy,Net imports,False,0.08,0.01,14.286,88.889,11.111,,0.0,0.0,,0.0,0.0,Africa,Africa,False,False,False,False,False
Burundi,BDI,2006,Country or economy,Wind and solar,True,0.0,0.0,,0.0,0.0,0.0,0.0,0.0,,0.0,,Africa,Africa,False,False,False,False,False
Burundi,BDI,2006,Country or economy,"Hydro, bioenergy and other renewables",True,0.09,0.0,0.0,100.0,0.0,0.05,0.002,0.0,0.0,93.528,22.222,Africa,Africa,False,False,False,False,False
Burundi,BDI,2006,Country or economy,Renewables,True,0.09,0.0,0.0,100.0,0.0,0.05,0.002,0.0,0.0,93.528,22.222,Africa,Africa,False,False,False,False,False
Burundi,BDI,2006,Country or economy,Clean,True,0.09,0.0,0.0,100.0,0.0,0.05,0.002,0.0,0.0,93.528,22.222,Africa,Africa,False,False,False,False,False
Burundi,BDI,2006,Country or economy,Fossil,True,0.0,0.0,,0.0,0.0,0.01,0.0,0.0,,0.0,,Africa,Africa,False,False,False,False,False
Burundi,BDI,2006,Country or economy,Total generation,True,0.09,0.0,0.0,100.0,0.0,0.06,0.002,0.0,0.0,93.528,22.222,Africa,Africa,False,False,False,False,False
Burundi,BDI,2006,Country or economy,Demand,True,0.17,0.01,6.25,188.889,11.111,,,,,,,Africa,Africa,False,False,False,False,False
Burundi,BDI,2007,Country or economy,Solar,False,0.0,0.0,,0.0,0.0,0.0,0.0,0.0,,0.0,,Africa,Africa,False,False,False,False,False
Burundi,BDI,2007,Country or economy,Wind,False,0.0,0.0,,0.0,0.0,0.0,0.0,0.0,,0.0,,Africa,Africa,False,False,False,False,False
Burundi,BDI,2007,Country or economy,Hydro,False,0.12,0.03,33.333,100.0,0.0,0.05,0.003,0.001,50.0,105.219,25.0,Africa,Africa,False,False,False,False,False
Burundi,BDI,2007,Country or economy,Bioenergy,False,0.0,0.0,,0.0,0.0,0.0,0.0,0.0,,0.0,,Africa,Africa,False,False,False,False,False
Burundi,BDI,2007,Country or economy,Other renewables,False,0.0,0.0,,0.0,0.0,0.0,0.0,0.0,,0.0,,Africa,Africa,False,False,False,False,False
Burundi,BDI,2007,Country or economy,Nuclear,False,0.0,0.0,,0.0,0.0,0.0,0.0,0.0,,0.0,,Africa,Africa,False,False,False,False,False
Burundi,BDI,2007,Country or economy,Coal,False,0.0,0.0,,0.0,0.0,,0.0,0.0,,0.0,,Africa,Africa,False,False,False,False,False
Burundi,BDI,2007,Country or economy,Gas,False,0.0,0.0,,0.0,0.0,,0.0,0.0,,0.0,,Africa,Africa,False,False,False,False,False
Burundi,BDI,2007,Country or economy,Other fossil,False,0.0,0.0,,0.0,0.0,0.01,0.0,0.0,,0.0,,Africa,Africa,False,False,False,False,False
Burundi,BDI,2007,Country or economy,Net imports,False,0.08,0.0,0.0,66.667,-22.222,,0.0,0.0,,0.0,0.0,Africa,Africa,False,False,False,False,False
Burundi,BDI,2007,Country or economy,Wind and solar,True,0.0,0.0,,0.0,0.0,0.0,0.0,0.0,,0.0,,Africa,Africa,False,False,False,False,False
Burundi,BDI,2007,Country or economy,"Hydro, bioenergy and other renewables",True,0.12,0.03,33.333,100.0,0.0,0.05,0.003,0.001,50.0,105.219,25.0,Africa,Africa,False,False,False,False,False
Burundi,BDI,2007,Country or economy,Renewables,True,0.12,0.03,33.333,100.0,0.0,0.05,0.003,0.001,50.0,105.219,25.0,Africa,Africa,False,False,False,False,False
Burundi,BDI,2007,Country or economy,Clean,True,0.12,0.03,33.333,100.0,0.0,0.05,0.003,0.001,50.0,105.219,25.0,Africa,Africa,False,False,False,False,False
Burundi,BDI,2007,Country or economy,Fossil,True,0.0,0.0,,0.0,0.0,0.01,0.0,0.0,,0.0,,Africa,Africa,False,False,False,False,False
Burundi,BDI,2007,Country or economy,Total generation,True,0.12,0.03,33.333,100.0,0.0,0.06,0.003,0.001,50.0,105.219,25.0,Africa,Africa,False,False,False,False,False
Burundi,BDI,2007,Country or economy,Demand,True,0.2,0.03,17.647,166.667,-22.222,,,,,,,Africa,Africa,False,False,False,False,False
Burundi,BDI,2008,Country or economy,Solar,False,0.0,0.0,,0.0,0.0,0.0,0.0,0.0,,0.0,,Africa,Africa,False,False,False,False,False
Burundi,BDI,2008,Country or economy,Wind,False,0.0,0.0,,0.0,0.0,0.0,0.0,0.0,,0.0,,Africa,Africa,False,False,False,False,False
Burundi,BDI,2008,Country or economy,Hydro,False,0.11,-0.01,-8.333,100.0,0.0,0.05,0.003,0.0,0.0,114.784,27.273,Africa,Africa,False,False,False,False,False
Burundi,BDI,2008,Country or economy,Bioenergy,False,0.0,0.0,,0.0,0.0,0.0,0.0,0.0,,0.0,,Africa,Africa,False,False,False,False,False
Burundi,BDI,2008,Country or economy,Other renewables,False,0.0,0.0,,0.0,0.0,0.0,0.0,0.0,,0.0,,Africa,Africa,False,False,False,False,False
Burundi,BDI,2008,Country or economy,Nuclear,False,0.0,0.0,,0.0,0.0,0.0,0.0,0.0,,0.0,,Africa,Africa,False,False,False,False,False
Burundi,BDI,2008,Country or economy,Coal,False,0.0,0.0,,0.0,0.0,,0.0,0.0,,0.0,,Africa,Africa,False,False,False,False,False
Burundi,BDI,2008,Country or economy,Gas,False,0.0,0.0,,0.0,0.0,,0.0,0.0,,0.0,,Africa,Africa,False,False,False,False,False
Burundi,BDI,2008,Country or economy,Other fossil,False,0.0,0.0,,0.0,0.0,0.01,0.0,0.0,,0.0,,Africa,Africa,False,False,False,False,False
Burundi,BDI,2008,Country or economy,Net imports,False,0.08,0.0,0.0,72.727,6.06,,0.0,0.0,,0.0,0.0,Africa,Africa,False,False,False,False,False
Burundi,BDI,2008,Country or economy,Wind and solar,True,0.0,0.0,,0.0,0.0,0.0,0.0,0.0,,0.0,,Africa,Africa,False,False,False,False,False
Burundi,BDI,2008,Country or economy,"Hydro, bioenergy and other renewables",True,0.11,-0.01,-8.333,100.0,0.0,0.05,0.003,0.0,0.0,114.784,27.273,Africa,Africa,False,False,False,False,False
Burundi,BDI,2008,Country or economy,Renewables,True,0.11,-0.01,-8.333,100.0,0.0,0.05,0.003,0.0,0.0,114.784,27.273,Africa,Africa,False,False,False,False,False
Burundi,BDI,2008,Country or economy,Clean,True,0.11,-0.01,-8.333,100.0,0.0,0.05,0.003,0.0,0.0,114.784,27.273,Africa,Africa,False,False,False,False,False
Burundi,BDI,2008,Country or economy,Fossil,True,0.0,0.0,,0.0,0.0,0.01,0.0,0.0,,0.0,,Africa,Africa,False,False,False,False,False
Burundi,BDI,2008,Country or economy,Total generation,True,0.11,-0.01,-8.333,100.0,0.0,0.06,0.003,0.0,0.0,114.784,27.273,Africa,Africa,False,False,False,False,False
Burundi,BDI,2008,Country or economy,Demand,True,0.19,-0.01,-5.0,172.727,6.06,,,,,,,Africa,Africa,False,False,False,False,False
Burundi,BDI,2009,Country or economy,Solar,False,0.0,0.0,,0.0,0.0,0.0,0.0,0.0,,0.0,,Africa,Africa,False,False,False,False,False
Burundi,BDI,2009,Country or economy,Wind,False,0.0,0.0,,0.0,0.0,0.0,0.0,0.0,,0.0,,Africa,Africa,False,False,False,False,False
Burundi,BDI,2009,Country or economy,Hydro,False,0.12,0.01,9.091,100.0,0.0,0.05,0.003,0.0,0.0,105.219,25.0,Africa,Africa,False,False,False,False,False
Burundi,BDI,2009,Country or economy,Bioenergy,False,0.0,0.0,,0.0,0.0,0.0,0.0,0.0,,0.0,,Africa,Africa,False,False,False,False,False
Burundi,BDI,2009,Country or economy,Other renewables,False,0.0,0.0,,0.0,0.0,0.0,0.0,0.0,,0.0,,Africa,Africa,False,False,False,False,False
Burundi,BDI,2009,Country or economy,Nuclear,False,0.0,0.0,,0.0,0.0,0.0,0.0,0.0,,0.0,,Africa,Africa,False,False,False,False,False
Burundi,BDI,2009,Country or economy,Coal,False,0.0,0.0,,0.0,0.0,,0.0,0.0,,0.0,,Africa,Africa,False,False,False,False,False
Burundi,BDI,2009,Country or economy,Gas,False,0.0,0.0,,0.0,0.0,,0.0,0.0,,0.0,,Africa,Africa,False,False,False,False,False
Burundi,BDI,2009,Country or economy,Other fossil,False,0.0,0.0,,0.0,0.0,0.01,0.0,0.0,,0.0,,Africa,Africa,False,False,False,False,False
Burundi,BDI,2009,Country or economy,Net imports,False,0.09,0.01,12.5,75.0,2.273,,0.0,0.0,,0.0,0.0,Africa,Africa,False,False,False,False,False
Burundi,BDI,2009,Country or economy,Wind and solar,True,0.0,0.0,,0.0,0.0,0.0,0.0,0.0,,0.0,,Africa,Africa,False,False,False,False,False
Burundi,BDI,2009,Country or economy,"Hydro, bioenergy and other renewables",True,0.12,0.01,9.091,100.0,0.0,0.05,0.003,0.0,0.0,105.219,25.0,Africa,Africa,False,False,False,False,False
Burundi,BDI,2009,Country or economy,Renewables,True,0.12,0.01,9.091,100.0,0.0,0.05,0.003,0.0,0.0,105.219,25.0,Africa,Africa,False,False,False,False,False
Burundi,BDI,2009,Country or economy,Clean,True,0.12,0.01,9.091,100.0,0.0,0.05,0.003,0.0,0.0,105.219,25.0,Africa,Africa,False,False,False,False,False
Burundi,BDI,2009,Country or economy,Fossil,True,0.0,0.0,,0.0,0.0,0.01,0.0,0.0,,0.0,,Africa,Africa,False,False,False,False,False
Burundi,BDI,2009,Country or economy,Total generation,True,0.12,0.01,9.091,100.0,0.0,0.06,0.003,0.0,0.0,105.219,25.0,Africa,Africa,False,False,False,False,False
Burundi,BDI,2009,Country or economy,Demand,True,0.21,0.02,10.526,175.0,2.273,,,,,,,Africa,Africa,False,False,False,False,False
Burundi,BDI,2010,Country or economy,Solar,False,0.0,0.0,,0.0,0.0,0.0,0.0,0.0,,0.0,,Africa,Africa,False,False,False,False,False
Burundi,BDI,2010,Country or economy,Wind,False,0.0,0.0,,0.0,0.0,0.0,0.0,0.0,,0.0,,Africa,Africa,False,False,False,False,False
Burundi,BDI,2010,Country or economy,Hydro,False,0.14,0.02,16.667,87.5,-12.5,0.05,0.003,0.0,0.0,18.197,21.429,Africa,Africa,False,False,False,False,False
Burundi,BDI,2010,Country or economy,Bioenergy,False,0.0,0.0,,0.0,0.0,0.0,0.0,0.0,,0.0,,Africa,Africa,False,False,False,False,False
Burundi,BDI,2010,Country or economy,Other renewables,False,0.0,0.0,,0.0,0.0,0.0,0.0,0.0,,0.0,,Africa,Africa,False,False,False,False,False
Burundi,BDI,2010,Country or economy,Nuclear,False,0.0,0.0,,0.0,0.0,0.0,0.0,0.0,,0.0,,Africa,Africa,False,False,False,False,False
Burundi,BDI,2010,Country or economy,Coal,False,0.0,0.0,,0.0,0.0,,0.0,0.0,,0.0,,Africa,Africa,False,False,False,False,False
Burundi,BDI,2010,Country or economy,Gas,False,0.0,0.0,,0.0,0.0,,0.0,0.0,,0.0,,Africa,Africa,False,False,False,False,False
Burundi,BDI,2010,Country or economy,Other fossil,False,0.02,0.02,,12.5,12.5,0.01,0.013,0.013,,78.853,650.0,Africa,Africa,False,False,False,False,False
Burundi,BDI,2010,Country or economy,Net imports,False,0.1,0.01,11.111,62.5,-12.5,,0.0,0.0,,0.0,0.0,Africa,Africa,False,False,False,False,False
Burundi,BDI,2010,Country or economy,Wind and solar,True,0.0,0.0,,0.0,0.0,0.0,0.0,0.0,,0.0,,Africa,Africa,False,False,False,False,False
Burundi,BDI,2010,Country or economy,"Hydro, bioenergy and other renewables",True,0.14,0.02,16.667,87.5,-12.5,0.05,0.003,0.0,0.0,18.197,21.429,Africa,Africa,False,False,False,False,False
Burundi,BDI,2010,Country or economy,Renewables,True,0.14,0.02,16.667,87.5,-12.5,0.05,0.003,0.0,0.0,18.197,21.429,Africa,Africa,False,False,False,False,False
Burundi,BDI,2010,Country or economy,Clean,True,0.14,0.02,16.667,87.5,-12.5,0.05,0.003,0.0,0.0,18.197,21.429,Africa,Africa,False,False,False,False,False
Burundi,BDI,2010,Country or economy,Fossil,True,0.02,0.02,,12.5,12.5,0.01,0.013,0.013,,78.853,650.0,Africa,Africa,False,False,False,False,False
Burundi,BDI,2010,Country or economy,Total generation,True,0.16,0.04,33.333,100.0,0.0,0.06,0.016,0.013,433.333,97.05,100.0,Africa,Africa,False,False,False,False,False
Burundi,BDI,2010,Country or economy,Demand,True,0.26,0.05,23.81,162.5,-12.5,,,,,,,Africa,Africa,False,False,False,False,False
Burundi,BDI,2011,Country or economy,Solar,False,0.0,0.0,,0.0,0.0,0.0,0.0,0.0,,0.0,,Africa,Africa,False,False,False,False,False
Burundi,BDI,2011,Country or economy,Wind,False,0.0,0.0,,0.0,0.0,0.0,0.0,0.0,,0.0,,Africa,Africa,False,False,False,False,False
Burundi,BDI,2011,Country or economy,Hydro,False,0.13,-0.01,-7.143,86.667,-0.833,0.05,0.003,0.0,0.0,25.358,23.077,Africa,Africa,False,False,False,False,False
Burundi,BDI,2011,Country or economy,Bioenergy,False,0.01,0.01,,6.667,6.667,0.0,0.002,0.002,,16.905,200.0,Africa,Africa,False,False,False,False,False
Burundi,BDI,2011,Country or economy,Other renewables,False,0.0,0.0,,0.0,0.0,0.0,0.0,0.0,,0.0,,Africa,Africa,False,False,False,False,False
Burundi,BDI,2011,Country or economy,Nuclear,False,0.0,0.0,,0.0,0.0,0.0,0.0,0.0,,0.0,,Africa,Africa,False,False,False,False,False
Burundi,BDI,2011,Country or economy,Coal,False,0.0,0.0,,0.0,0.0,,0.0,0.0,,0.0,,Africa,Africa,False,False,False,False,False
Burundi,BDI,2011,Country or economy,Gas,False,0.0,0.0,,0.0,0.0,,0.0,0.0,,0.0,,Africa,Africa,False,False,False,False,False
Burundi,BDI,2011,Country or economy,Other fossil,False,0.01,-0.01,-50.0,6.667,-5.833,0.02,0.007,-0.006,-46.154,59.168,700.0,Africa,Africa,False,False,False,False,False
Burundi,BDI,2011,Country or economy,Net imports,False,0.1,0.0,0.0,66.667,4.167,,0.0,0.0,,0.0,0.0,Africa,Africa,False,False,False,False,False
Burundi,BDI,2011,Country or economy,Wind and solar,True,0.0,0.0,,0.0,0.0,0.0,0.0,0.0,,0.0,,Africa,Africa,False,False,False,False,False
Burundi,BDI,2011,Country or economy,"Hydro, bioenergy and other renewables",True,0.14,0.0,0.0,93.333,5.833,0.05,0.005,0.002,66.667,42.263,35.714,Africa,Africa,False,False,False,False,False
Burundi,BDI,2011,Country or economy,Renewables,True,0.14,0.0,0.0,93.333,5.833,0.05,0.005,0.002,66.667,42.263,35.714,Africa,Africa,False,False,False,False,False
Burundi,BDI,2011,Country or economy,Clean,True,0.14,0.0,0.0,93.333,5.833,0.05,0.005,0.002,66.667,42.263,35.714,Africa,Africa,False,False,False,False,False
Burundi,BDI,2011,Country or economy,Fossil,True,0.01,-0.01,-50.0,6.667,-5.833,0.02,0.007,-0.006,-46.154,59.168,700.0,Africa,Africa,False,False,False,False,False
Burundi,BDI,2011,Country or economy,Total generation,True,0.15,-0.01,-6.25,100.0,0.0,0.07,0.012,-0.004,-25.0,101.43,80.0,Africa,Africa,False,False,False,False,False
Burundi,BDI,2011,Country or economy,Demand,True,0.25,-0.01,-3.846,166.667,4.167,,,,,,,Africa,Africa,False,False,False,False,False
Burundi,BDI,2012,Country or economy,Solar,False,0.0,0.0,,0.0,0.0,0.0,0.0,0.0,,0.0,,Africa,Africa,False,False,False,False,False
Burundi,BDI,2012,Country or economy,Wind,False,0.0,0.0,,0.0,0.0,0.0,0.0,0.0,,0.0,,Africa,Africa,False,False,False,False,False
Burundi,BDI,2012,Country or economy,Hydro,False,0.14,0.01,7.692,93.333,6.666,0.05,0.003,0.0,0.0,54.661,21.429,Africa,Africa,False,False,False,False,False
Burundi,BDI,2012,Country or economy,Bioenergy,False,0.01,0.0,0.0,6.667,0.0,0.0,0.002,0.0,0.0,36.44,200.0,Africa,Africa,False,False,False,False,False
Burundi,BDI,2012,Country or economy,Other renewables,False,0.0,0.0,,0.0,0.0,0.0,0.0,0.0,,0.0,,Africa,Africa,False,False,False,False,False
Burundi,BDI,2012,Country or economy,Nuclear,False,0.0,0.0,,0.0,0.0,0.0,0.0,0.0,,0.0,,Africa,Africa,False,False,False,False,False
Burundi,BDI,2012,Country or economy,Coal,False,0.0,0.0,,0.0,0.0,,0.0,0.0,,0.0,,Africa,Africa,False,False,False,False,False
Burundi,BDI,2012,Country or economy,Gas,False,0.0,0.0,,0.0,0.0,,0.0,0.0,,0.0,,Africa,Africa,False,False,False,False,False
Burundi,BDI,2012,Country or economy,Other fossil,False,0.0,-0.01,-100.0,0.0,-6.667,0.02,0.0,-0.007,-100.0,0.0,,Africa,Africa,False,False,False,False,False
Burundi,BDI,2012,Country or economy,Net imports,False,0.1,0.0,0.0,66.667,0.0,,0.0,0.0,,0.0,0.0,Africa,Africa,False,False,False,False,False
Burundi,BDI,2012,Country or economy,Wind and solar,True,0.0,0.0,,0.0,0.0,0.0,0.0,0.0,,0.0,,Africa,Africa,False,False,False,False,False
Burundi,BDI,2012,Country or economy,"Hydro, bioenergy and other renewables",True,0.15,0.01,7.143,100.0,6.667,0.05,0.005,0.0,0.0,91.101,33.333,Africa,Africa,False,False,False,False,False
Burundi,BDI,2012,Country or economy,Renewables,True,0.15,0.01,7.143,100.0,6.667,0.05,0.005,0.0,0.0,91.101,33.333,Africa,Africa,False,False,False,False,False
Burundi,BDI,2012,Country or economy,Clean,True,0.15,0.01,7.143,100.0,6.667,0.05,0.005,0.0,0.0,91.101,33.333,Africa,Africa,False,False,False,False,False
Burundi,BDI,2012,Country or economy,Fossil,True,0.0,-0.01,-100.0,0.0,-6.667,0.02,0.0,-0.007,-100.0,0.0,,Africa,Africa,False,False,False,False,False
Burundi,BDI,2012,Country or economy,Total generation,True,0.15,0.0,0.0,100.0,0.0,0.07,0.005,-0.007,-58.333,91.101,33.333,Africa,Africa,False,False,False,False,False
Burundi,BDI,2012,Country or economy,Demand,True,0.25,0.0,0.0,166.667,0.0,,,,,,,Africa,Africa,False,False,False,False,False
Burundi,BDI,2013,Country or economy,Solar,False,0.0,0.0,,0.0,0.0,0.0,0.0,0.0,,0.0,,Africa,Africa,False,False,False,False,False
Burundi,BDI,2013,Country or economy,Wind,False,0.0,0.0,,0.0,0.0,0.0,0.0,0.0,,0.0,,Africa,Africa,False,False,False,False,False
Burundi,BDI,2013,Country or economy,Hydro,False,0.14,0.0,0.0,82.353,-10.98,0.05,0.003,0.0,0.0,16.087,21.429,Africa,Africa,False,False,False,False,False
Burundi,BDI,2013,Country or economy,Bioenergy,False,0.01,0.0,0.0,5.882,-0.785,0.0,0.002,0.0,0.0,10.725,200.0,Africa,Africa,False,False,False,False,False
Burundi,BDI,2013,Country or economy,Other renewables,False,0.0,0.0,,0.0,0.0,0.0,0.0,0.0,,0.0,,Africa,Africa,False,False,False,False,False
Burundi,BDI,2013,Country or economy,Nuclear,False,0.0,0.0,,0.0,0.0,0.0,0.0,0.0,,0.0,,Africa,Africa,False,False,False,False,False
Burundi,BDI,2013,Country or economy,Coal,False,0.0,0.0,,0.0,0.0,,0.0,0.0,,0.0,,Africa,Africa,False,False,False,False,False
Burundi,BDI,2013,Country or economy,Gas,False,0.0,0.0,,0.0,0.0,,0.0,0.0,,0.0,,Africa,Africa,False,False,False,False,False
Burundi,BDI,2013,Country or economy,Other fossil,False,0.02,0.02,,11.765,11.765,0.02,0.013,0.013,,69.711,650.0,Africa,Africa,False,False,False,False,False
Burundi,BDI,2013,Country or economy,Net imports,False,0.1,0.0,0.0,58.824,-7.843,,0.0,0.0,,0.0,0.0,Africa,Africa,False,False,False,False,False
Burundi,BDI,2013,Country or economy,Wind and solar,True,0.0,0.0,,0.0,0.0,0.0,0.0,0.0,,0.0,,Africa,Africa,False,False,False,False,False
Burundi,BDI,2013,Country or economy,"Hydro, bioenergy and other renewables",True,0.15,0.0,0.0,88.235,-11.765,0.05,0.005,0.0,0.0,26.812,33.333,Africa,Africa,False,False,False,False,False
Burundi,BDI,2013,Country or economy,Renewables,True,0.15,0.0,0.0,88.235,-11.765,0.05,0.005,0.0,0.0,26.812,33.333,Africa,Africa,False,False,False,False,False
Burundi,BDI,2013,Country or economy,Clean,True,0.15,0.0,0.0,88.235,-11.765,0.05,0.005,0.0,0.0,26.812,33.333,Africa,Africa,False,False,False,False,False
Burundi,BDI,2013,Country or economy,Fossil,True,0.02,0.02,,11.765,11.765,0.02,0.013,0.013,,69.711,650.0,Africa,Africa,False,False,False,False,False
Burundi,BDI,2013,Country or economy,Total generation,True,0.17,0.02,13.333,100.0,0.0,0.07,0.019,0.014,280.0,101.885,111.765,Africa,Africa,False,False,False,False,False
Burundi,BDI,2013,Country or economy,Demand,True,0.27,0.02,8.0,158.824,-7.843,,,,,,,Africa,Africa,False,False,False,False,False
Burundi,BDI,2014,Country or economy,Solar,False,0.0,0.0,,0.0,0.0,0.0,0.0,0.0,,0.0,,Africa,Africa,False,False,False,False,False
Burundi,BDI,2014,Country or economy,Wind,False,0.0,0.0,,0.0,0.0,0.0,0.0,0.0,,0.0,,Africa,Africa,False,False,False,False,False
Burundi,BDI,2014,Country or economy,Hydro,False,0.14,0.0,0.0,77.778,-4.575,0.05,0.003,0.0,0.0,11.891,21.429,Africa,Africa,False,False,False,False,False
Burundi,BDI,2014,Country or economy,Bioenergy,False,0.01,0.0,0.0,5.556,-0.326,0.0,0.002,0.0,0.0,7.928,200.0,Africa,Africa,False,False,False,False,False
Burundi,BDI,2014,Country or economy,Other renewables,False,0.0,0.0,,0.0,0.0,0.0,0.0,0.0,,0.0,,Africa,Africa,False,False,False,False,False
Burundi,BDI,2014,Country or economy,Nuclear,False,0.0,0.0,,0.0,0.0,0.0,0.0,0.0,,0.0,,Africa,Africa,False,False,False,False,False
Burundi,BDI,2014,Country or economy,Coal,False,0.0,0.0,,0.0,0.0,,0.0,0.0,,0.0,,Africa,Africa,False,False,False,False,False
Burundi,BDI,2014,Country or economy,Gas,False,0.0,0.0,,0.0,0.0,,0.0,0.0,,0.0,,Africa,Africa,False,False,False,False,False
Burundi,BDI,2014,Country or economy,Other fossil,False,0.03,0.01,50.0,16.667,4.902,0.02,0.02,0.007,53.846,79.276,666.667,Africa,Africa,False,False,False,False,False
Burundi,BDI,2014,Country or economy,Net imports,False,0.09,-0.01,-10.0,50.0,-8.824,,0.0,0.0,,0.0,0.0,Africa,Africa,False,False,False,False,False
Burundi,BDI,2014,Country or economy,Wind and solar,True,0.0,0.0,,0.0,0.0,0.0,0.0,0.0,,0.0,,Africa,Africa,False,False,False,False,False
Burundi,BDI,2014,Country or economy,"Hydro, bioenergy and other renewables",True,0.15,0.0,0.0,83.333,-4.902,0.05,0.005,0.0,0.0,19.819,33.333,Africa,Africa,False,False,False,False,False
Burundi,BDI,2014,Country or economy,Renewables,True,0.15,0.0,0.0,83.333,-4.902,0.05,0.005,0.0,0.0,19.819,33.333,Africa,Africa,False,False,False,False,False
Burundi,BDI,2014,Country or economy,Clean,True,0.15,0.0,0.0,83.333,-4.902,0.05,0.005,0.0,0.0,19.819,33.333,Africa,Africa,False,False,False,False,False
Burundi,BDI,2014,Country or economy,Fossil,True,0.03,0.01,50.0,16.667,4.902,0.02,0.02,0.007,53.846,79.276,666.667,Africa,Africa,False,False,False,False,False
Burundi,BDI,2014,Country or economy,Total generation,True,0.18,0.01,5.882,100.0,0.0,0.07,0.025,0.006,31.579,99.095,138.889,Africa,Africa,False,False,False,False,False
Burundi,BDI,2014,Country or economy,Demand,True,0.27,0.0,0.0,150.0,-8.824,,,,,,,Africa,Africa,False,False,False,False,False
Burundi,BDI,2015,Country or economy,Solar,False,0.0,0.0,,0.0,0.0,0.0,0.0,0.0,,0.0,,Africa,Africa,False,False,False,False,False
Burundi,BDI,2015,Country or economy,Wind,False,0.0,0.0,,0.0,0.0,0.0,0.0,0.0,,0.0,,Africa,Africa,False,False,False,False,False
Burundi,BDI,2015,Country or economy,Hydro,False,0.14,0.0,0.0,77.778,0.0,0.05,0.003,0.0,0.0,11.891,21.429,Africa,Africa,False,False,False,False,False
Burundi,BDI,2015,Country or economy,Bioenergy,False,0.01,0.0,0.0,5.556,0.0,0.0,0.002,0.0,0.0,7.928,200.0,Africa,Africa,False,False,False,False,False
Burundi,BDI,2015,Country or economy,Other renewables,False,0.0,0.0,,0.0,0.0,0.0,0.0,0.0,,0.0,,Africa,Africa,False,False,False,False,False
Burundi,BDI,2015,Country or economy,Nuclear,False,0.0,0.0,,0.0,0.0,0.0,0.0,0.0,,0.0,,Africa,Africa,False,False,False,False,False
Burundi,BDI,2015,Country or economy,Coal,False,0.0,0.0,,0.0,0.0,,0.0,0.0,,0.0,,Africa,Africa,False,False,False,False,False
Burundi,BDI,2015,Country or economy,Gas,False,0.0,0.0,,0.0,0.0,,0.0,0.0,,0.0,,Africa,Africa,False,False,False,False,False
Burundi,BDI,2015,Country or economy,Other fossil,False,0.03,0.0,0.0,16.667,0.0,0.02,0.02,0.0,0.0,79.276,666.667,Africa,Africa,False,False,False,False,False
Burundi,BDI,2015,Country or economy,Net imports,False,0.1,0.01,11.111,55.556,5.556,,0.0,0.0,,0.0,0.0,Africa,Africa,False,False,False,False,False
Burundi,BDI,2015,Country or economy,Wind and solar,True,0.0,0.0,,0.0,0.0,0.0,0.0,0.0,,0.0,,Africa,Africa,False,False,False,False,False
Burundi,BDI,2015,Country or economy,"Hydro, bioenergy and other renewables",True,0.15,0.0,0.0,83.333,0.0,0.05,0.005,0.0,0.0,19.819,33.333,Africa,Africa,False,False,False,False,False
Burundi,BDI,2015,Country or economy,Renewables,True,0.15,0.0,0.0,83.333,0.0,0.05,0.005,0.0,0.0,19.819,33.333,Africa,Africa,False,False,False,False,False
Burundi,BDI,2015,Country or economy,Clean,True,0.15,0.0,0.0,83.333,0.0,0.05,0.005,0.0,0.0,19.819,33.333,Africa,Africa,False,False,False,False,False
Burundi,BDI,2015,Country or economy,Fossil,True,0.03,0.0,0.0,16.667,0.0,0.02,0.02,0.0,0.0,79.276,666.667,Africa,Africa,False,False,False,False,False
Burundi,BDI,2015,Country or economy,Total generation,True,0.18,0.0,0.0,100.0,0.0,0.07,0.025,0.0,0.0,99.095,138.889,Africa,Africa,False,False,False,False,False
Burundi,BDI,2015,Country or economy,Demand,True,0.28,0.01,3.704,155.556,5.556,,,,,,,Africa,Africa,False,False,False,False,False
Burundi,BDI,2016,Country or economy,Solar,False,0.01,0.01,,5.556,5.556,0.0,0.0,0.0,,0.0,0.0,Africa,Africa,False,False,False,False,False
Burundi,BDI,2016,Country or economy,Wind,False,0.0,0.0,,0.0,0.0,0.0,0.0,0.0,,0.0,,Africa,Africa,False,False,False,False,False
Burundi,BDI,2016,Country or economy,Hydro,False,0.14,0.0,0.0,77.778,0.0,0.05,0.003,0.0,0.0,15.687,21.429,Africa,Africa,False,False,False,False,False
Burundi,BDI,2016,Country or economy,Bioenergy,False,0.01,0.0,0.0,5.556,0.0,0.0,0.002,0.0,0.0,10.458,200.0,Africa,Africa,False,False,False,False,False
Burundi,BDI,2016,Country or economy,Other renewables,False,0.0,0.0,,0.0,0.0,0.0,0.0,0.0,,0.0,,Africa,Africa,False,False,False,False,False
Burundi,BDI,2016,Country or economy,Nuclear,False,0.0,0.0,,0.0,0.0,0.0,0.0,0.0,,0.0,,Africa,Africa,False,False,False,False,False
Burundi,BDI,2016,Country or economy,Coal,False,0.0,0.0,,0.0,0.0,,0.0,0.0,,0.0,,Africa,Africa,False,False,False,False,False
Burundi,BDI,2016,Country or economy,Gas,False,0.0,0.0,,0.0,0.0,,0.0,0.0,,0.0,,Africa,Africa,False,False,False,False,False
Burundi,BDI,2016,Country or economy,Other fossil,False,0.02,-0.01,-33.333,11.111,-5.556,0.02,0.013,-0.007,-35.0,67.979,650.0,Africa,Africa,False,False,False,False,False
Burundi,BDI,2016,Country or economy,Net imports,False,0.13,0.03,30.0,72.222,16.666,,0.0,0.0,,0.0,0.0,Africa,Africa,False,False,False,False,False
Burundi,BDI,2016,Country or economy,Wind and solar,True,0.01,0.01,,5.556,5.556,0.0,0.0,0.0,,0.0,0.0,Africa,Africa,False,False,False,False,False
Burundi,BDI,2016,Country or economy,"Hydro, bioenergy and other renewables",True,0.15,0.0,0.0,83.333,0.0,0.05,0.005,0.0,0.0,26.146,33.333,Africa,Africa,False,False,False,False,False
Burundi,BDI,2016,Country or economy,Renewables,True,0.16,0.01,6.667,88.889,5.556,0.05,0.006,0.001,20.0,31.375,37.5,Africa,Africa,False,False,False,False,False
Burundi,BDI,2016,Country or economy,Clean,True,0.16,0.01,6.667,88.889,5.556,0.05,0.006,0.001,20.0,31.375,37.5,Africa,Africa,False,False,False,False,False
Burundi,BDI,2016,Country or economy,Fossil,True,0.02,-0.01,-33.333,11.111,-5.556,0.02,0.013,-0.007,-35.0,67.979,650.0,Africa,Africa,False,False,False,False,False
Burundi,BDI,2016,Country or economy,Total generation,True,0.18,0.0,0.0,100.0,0.0,0.07,0.019,-0.006,-24.0,99.354,105.556,Africa,Africa,False,False,False,False,False
Burundi,BDI,2016,Country or economy,Demand,True,0.31,0.03,10.714,172.222,16.666,,,,,,,Africa,Africa,False,False,False,False,False
Burundi,BDI,2017,Country or economy,Solar,False,0.01,0.0,0.0,3.571,-1.985,0.0,0.0,0.0,,0.0,0.0,Africa,Africa,False,False,False,False,False
Burundi,BDI,2017,Country or economy,Wind,False,0.0,0.0,,0.0,0.0,0.0,0.0,0.0,,0.0,,Africa,Africa,False,False,False,False,False
Burundi,BDI,2017,Country or economy,Hydro,False,0.19,0.05,35.714,67.857,-9.921,0.05,0.005,0.002,66.667,9.396,26.316,Africa,Africa,False,False,False,False,False
Burundi,BDI,2017,Country or economy,Bioenergy,False,0.01,0.0,0.0,3.571,-1.985,0.0,0.002,0.0,0.0,3.759,200.0,Africa,Africa,False,False,False,False,False
Burundi,BDI,2017,Country or economy,Other renewables,False,0.0,0.0,,0.0,0.0,0.0,0.0,0.0,,0.0,,Africa,Africa,False,False,False,False,False
Burundi,BDI,2017,Country or economy,Nuclear,False,0.0,0.0,,0.0,0.0,0.0,0.0,0.0,,0.0,,Africa,Africa,False,False,False,False,False
Burundi,BDI,2017,Country or economy,Coal,False,0.0,0.0,,0.0,0.0,,0.0,0.0,,0.0,,Africa,Africa,False,False,False,False,False
Burundi,BDI,2017,Country or economy,Gas,False,0.0,0.0,,0.0,0.0,,0.0,0.0,,0.0,,Africa,Africa,False,False,False,False,False
Burundi,BDI,2017,Country or economy,Other fossil,False,0.07,0.05,250.0,25.0,13.889,0.05,0.046,0.033,253.846,86.447,657.143,Africa,Africa,False,False,False,False,False
Burundi,BDI,2017,Country or economy,Net imports,False,0.09,-0.04,-30.769,32.143,-40.079,,0.0,0.0,,0.0,0.0,Africa,Africa,False,False,False,False,False
Burundi,BDI,2017,Country or economy,Wind and solar,True,0.01,0.0,0.0,3.571,-1.985,0.0,0.0,0.0,,0.0,0.0,Africa,Africa,False,False,False,False,False
Burundi,BDI,2017,Country or economy,"Hydro, bioenergy and other renewables",True,0.2,0.05,33.333,71.429,-11.904,0.05,0.007,0.002,40.0,13.155,35.0,Africa,Africa,False,False,False,False,False
Burundi,BDI,2017,Country or economy,Renewables,True,0.21,0.05,31.25,75.0,-13.889,0.05,0.007,0.001,16.667,13.155,33.333,Africa,Africa,False,False,False,False,False
Burundi,BDI,2017,Country or economy,Clean,True,0.21,0.05,31.25,75.0,-13.889,0.05,0.007,0.001,16.667,13.155,33.333,Africa,Africa,False,False,False,False,False
Burundi,BDI,2017,Country or economy,Fossil,True,0.07,0.05,250.0,25.0,13.889,0.05,0.046,0.033,253.846,86.447,657.143,Africa,Africa,False,False,False,False,False
Burundi,BDI,2017,Country or economy,Total generation,True,0.28,0.1,55.556,100.0,0.0,0.1,0.053,0.034,178.947,99.602,189.286,Africa,Africa,False,False,False,False,False
Burundi,BDI,2017,Country or economy,Demand,True,0.37,0.06,19.355,132.143,-40.079,,,,,,,Africa,Africa,False,False,False,False,False
Burundi,BDI,2018,Country or economy,Solar,False,0.0,-0.01,-100.0,0.0,-3.571,0.0,0.0,0.0,,0.0,,Africa,Africa,False,False,False,False,False
Burundi,BDI,2018,Country or economy,Wind,False,0.0,0.0,,0.0,0.0,0.0,0.0,0.0,,0.0,,Africa,Africa,False,False,False,False,False
Burundi,BDI,2018,Country or economy,Hydro,False,0.24,0.05,26.316,68.571,0.714,0.05,0.006,0.001,20.0,8.145,25.0,Africa,Africa,False,False,False,False,False
Burundi,BDI,2018,Country or economy,Bioenergy,False,0.01,0.0,0.0,2.857,-0.714,0.0,0.002,0.0,0.0,2.715,200.0,Africa,Africa,False,False,False,False,False
Burundi,BDI,2018,Country or economy,Other renewables,False,0.0,0.0,,0.0,0.0,0.0,0.0,0.0,,0.0,,Africa,Africa,False,False,False,False,False
Burundi,BDI,2018,Country or economy,Nuclear,False,0.0,0.0,,0.0,0.0,0.0,0.0,0.0,,0.0,,Africa,Africa,False,False,False,False,False
Burundi,BDI,2018,Country or economy,Coal,False,0.0,0.0,,0.0,0.0,,0.0,0.0,,0.0,,Africa,Africa,False,False,False,False,False
Burundi,BDI,2018,Country or economy,Gas,False,0.0,0.0,,0.0,0.0,,0.0,0.0,,0.0,,Africa,Africa,False,False,False,False,False
Burundi,BDI,2018,Country or economy,Other fossil,False,0.1,0.03,42.857,28.571,3.571,0.05,0.066,0.02,43.478,89.596,660.0,Africa,Africa,False,False,False,False,False
Burundi,BDI,2018,Country or economy,Net imports,False,0.1,0.01,11.111,28.571,-3.572,,0.0,0.0,,0.0,0.0,Africa,Africa,False,False,False,False,False
Burundi,BDI,2018,Country or economy,Wind and solar,True,0.0,-0.01,-100.0,0.0,-3.571,0.0,0.0,0.0,,0.0,,Africa,Africa,False,False,False,False,False
Burundi,BDI,2018,Country or economy,"Hydro, bioenergy and other renewables",True,0.25,0.05,25.0,71.429,0.0,0.05,0.008,0.001,14.286,10.86,32.0,Africa,Africa,False,False,False,False,False
Burundi,BDI,2018,Country or economy,Renewables,True,0.25,0.04,19.048,71.429,-3.571,0.05,0.008,0.001,14.286,10.86,32.0,Africa,Africa,False,False,False,False,False
Burundi,BDI,2018,Country or economy,Clean,True,0.25,0.04,19.048,71.429,-3.571,0.05,0.008,0.001,14.286,10.86,32.0,Africa,Africa,False,False,False,False,False
Burundi,BDI,2018,Country or economy,Fossil,True,0.1,0.03,42.857,28.571,3.571,0.05,0.066,0.02,43.478,89.596,660.0,Africa,Africa,False,False,False,False,False
Burundi,BDI,2018,Country or economy,Total generation,True,0.35,0.07,25.0,100.0,0.0,0.1,0.074,0.021,39.623,100.456,211.429,Africa,Africa,False,False,False,False,False
Burundi,BDI,2018,Country or economy,Demand,True,0.45,0.08,21.622,128.571,-3.572,,,,,,,Africa,Africa,False,False,False,False,False
Burundi,BDI,2019,Country or economy,Solar,False,0.0,0.0,,0.0,0.0,0.0,0.0,0.0,,0.0,,Africa,Africa,False,False,False,False,False
Burundi,BDI,2019,Country or economy,Wind,False,0.0,0.0,,0.0,0.0,0.0,0.0,0.0,,0.0,,Africa,Africa,False,False,False,False,False
Burundi,BDI,2019,Country or economy,Hydro,False,0.26,0.02,8.333,66.667,-1.904,0.05,0.006,0.0,0.0,6.873,23.077,Africa,Africa,False,False,False,False,False
Burundi,BDI,2019,Country or economy,Bioenergy,False,0.01,0.0,0.0,2.564,-0.293,0.0,0.002,0.0,0.0,2.291,200.0,Africa,Africa,False,False,False,False,False
Burundi,BDI,2019,Country or economy,Other renewables,False,0.0,0.0,,0.0,0.0,0.0,0.0,0.0,,0.0,,Africa,Africa,False,False,False,False,False
Burundi,BDI,2019,Country or economy,Nuclear,False,0.0,0.0,,0.0,0.0,0.0,0.0,0.0,,0.0,,Africa,Africa,False,False,False,False,False
Burundi,BDI,2019,Country or economy,Coal,False,0.0,0.0,,0.0,0.0,,0.0,0.0,,0.0,,Africa,Africa,False,False,False,False,False
Burundi,BDI,2019,Country or economy,Gas,False,0.0,0.0,,0.0,0.0,,0.0,0.0,,0.0,,Africa,Africa,False,False,False,False,False
Burundi,BDI,2019,Country or economy,Other fossil,False,0.12,0.02,20.0,30.769,2.198,0.05,0.079,0.013,19.697,90.493,658.333,Africa,Africa,False,False,False,False,False
Burundi,BDI,2019,Country or economy,Net imports,False,0.1,0.0,0.0,25.641,-2.93,,0.0,0.0,,0.0,0.0,Africa,Africa,False,False,False,False,False
Burundi,BDI,2019,Country or economy,Wind and solar,True,0.0,0.0,,0.0,0.0,0.0,0.0,0.0,,0.0,,Africa,Africa,False,False,False,False,False
Burundi,BDI,2019,Country or economy,"Hydro, bioenergy and other renewables",True,0.27,0.02,8.0,69.231,-2.198,0.05,0.008,0.0,0.0,9.164,29.63,Africa,Africa,False,False,False,False,False
Burundi,BDI,2019,Country or economy,Renewables,True,0.27,0.02,8.0,69.231,-2.198,0.05,0.008,0.0,0.0,9.164,29.63,Africa,Africa,False,False,False,False,False
Burundi,BDI,2019,Country or economy,Clean,True,0.27,0.02,8.0,69.231,-2.198,0.05,0.008,0.0,0.0,9.164,29.63,Africa,Africa,False,False,False,False,False
Burundi,BDI,2019,Country or economy,Fossil,True,0.12,0.02,20.0,30.769,2.198,0.05,0.079,0.013,19.697,90.493,658.333,Africa,Africa,False,False,False,False,False
Burundi,BDI,2019,Country or economy,Total generation,True,0.39,0.04,11.429,100.0,0.0,0.1,0.087,0.013,17.568,99.657,223.077,Africa,Africa,False,False,False,False,False
Burundi,BDI,2019,Country or economy,Demand,True,0.49,0.04,8.889,125.641,-2.93,,,,,,,Africa,Africa,False,False,False,False,False
Burundi,BDI,2020,Country or economy,Solar,False,0.0,0.0,,0.0,0.0,0.0,0.0,0.0,,0.0,,Africa,Africa,False,False,False,False,False
Burundi,BDI,2020,Country or economy,Wind,False,0.0,0.0,,0.0,0.0,0.0,0.0,0.0,,0.0,,Africa,Africa,False,False,False,False,False
Burundi,BDI,2020,Country or economy,Hydro,False,0.27,0.01,3.846,72.973,6.306,0.05,0.006,0.0,0.0,8.85,22.222,Africa,Africa,False,False,False,False,False
Burundi,BDI,2020,Country or economy,Bioenergy,False,0.01,0.0,0.0,2.703,0.139,0.0,0.002,0.0,0.0,2.95,200.0,Africa,Africa,False,False,False,False,False
Burundi,BDI,2020,Country or economy,Other renewables,False,0.0,0.0,,0.0,0.0,0.0,0.0,0.0,,0.0,,Africa,Africa,False,False,False,False,False
Burundi,BDI,2020,Country or economy,Nuclear,False,0.0,0.0,,0.0,0.0,0.0,0.0,0.0,,0.0,,Africa,Africa,False,False,False,False,False
Burundi,BDI,2020,Country or economy,Coal,False,0.0,0.0,,0.0,0.0,,0.0,0.0,,0.0,,Africa,Africa,False,False,False,False,False
Burundi,BDI,2020,Country or economy,Gas,False,0.0,0.0,,0.0,0.0,,0.0,0.0,,0.0,,Africa,Africa,False,False,False,False,False
Burundi,BDI,2020,Country or economy,Other fossil,False,0.09,-0.03,-25.0,24.324,-6.445,0.05,0.059,-0.02,-25.316,87.024,655.556,Africa,Africa,False,False,False,False,False
Burundi,BDI,2020,Country or economy,Net imports,False,0.09,-0.01,-10.0,24.324,-1.317,,0.0,0.0,,0.0,0.0,Africa,Africa,False,False,False,False,False
Burundi,BDI,2020,Country or economy,Wind and solar,True,0.0,0.0,,0.0,0.0,0.0,0.0,0.0,,0.0,,Africa,Africa,False,False,False,False,False
Burundi,BDI,2020,Country or economy,"Hydro, bioenergy and other renewables",True,0.28,0.01,3.704,75.676,6.445,0.05,0.009,0.001,12.5,13.275,32.143,Africa,Africa,False,False,False,False,False
Burundi,BDI,2020,Country or economy,Renewables,True,0.28,0.01,3.704,75.676,6.445,0.05,0.009,0.001,12.5,13.275,32.143,Africa,Africa,False,False,False,False,False
Burundi,BDI,2020,Country or economy,Clean,True,0.28,0.01,3.704,75.676,6.445,0.05,0.009,0.001,12.5,13.275,32.143,Africa,Africa,False,False,False,False,False
Burundi,BDI,2020,Country or economy,Fossil,True,0.09,-0.03,-25.0,24.324,-6.445,0.05,0.059,-0.02,-25.316,87.024,655.556,Africa,Africa,False,False,False,False,False
Burundi,BDI,2020,Country or economy,Total generation,True,0.37,-0.02,-5.128,100.0,0.0,0.1,0.068,-0.019,-21.839,100.299,183.784,Africa,Africa,False,False,False,False,False
Burundi,BDI,2020,Country or economy,Demand,True,0.46,-0.03,-6.122,124.324,-1.317,,,,,,,Africa,Africa,False,False,False,False,False
Burundi,BDI,2021,Country or economy,Solar,False,0.0,0.0,,0.0,0.0,0.01,0.0,0.0,,0.0,,Africa,Africa,False,False,False,False,False
Burundi,BDI,2021,Country or economy,Wind,False,0.0,0.0,,0.0,0.0,0.0,0.0,0.0,,0.0,,Africa,Africa,False,False,False,False,False
Burundi,BDI,2021,Country or economy,Hydro,False,0.26,-0.01,-3.704,66.667,-6.306,0.05,0.006,0.0,0.0,6.873,23.077,Africa,Africa,False,False,False,False,False
Burundi,BDI,2021,Country or economy,Bioenergy,False,0.01,0.0,0.0,2.564,-0.139,0.0,0.002,0.0,0.0,2.291,200.0,Africa,Africa,False,False,False,False,False
Burundi,BDI,2021,Country or economy,Other renewables,False,0.0,0.0,,0.0,0.0,0.0,0.0,0.0,,0.0,,Africa,Africa,False,False,False,False,False
Burundi,BDI,2021,Country or economy,Nuclear,False,0.0,0.0,,0.0,0.0,0.0,0.0,0.0,,0.0,,Africa,Africa,False,False,False,False,False
Burundi,BDI,2021,Country or economy,Coal,False,0.0,0.0,,0.0,0.0,,0.0,0.0,,0.0,,Africa,Africa,False,False,False,False,False
Burundi,BDI,2021,Country or economy,Gas,False,0.0,0.0,,0.0,0.0,,0.0,0.0,,0.0,,Africa,Africa,False,False,False,False,False
Burundi,BDI,2021,Country or economy,Other fossil,False,0.12,0.03,33.333,30.769,6.445,0.05,0.079,0.02,33.898,90.493,658.333,Africa,Africa,False,False,False,False,False
Burundi,BDI,2021,Country or economy,Net imports,False,0.1,0.01,11.111,25.641,1.317,,0.0,0.0,,0.0,0.0,Africa,Africa,False,False,False,False,False
Burundi,BDI,2021,Country or economy,Wind and solar,True,0.0,0.0,,0.0,0.0,0.01,0.0,0.0,,0.0,,Africa,Africa,False,False,False,False,False
Burundi,BDI,2021,Country or economy,"Hydro, bioenergy and other renewables",True,0.27,-0.01,-3.571,69.231,-6.445,0.05,0.008,-0.001,-11.111,9.164,29.63,Africa,Africa,False,False,False,False,False
Burundi,BDI,2021,Country or economy,Renewables,True,0.27,-0.01,-3.571,69.231,-6.445,0.06,0.008,-0.001,-11.111,9.164,29.63,Africa,Africa,False,False,False,False,False
Burundi,BDI,2021,Country or economy,Clean,True,0.27,-0.01,-3.571,69.231,-6.445,0.06,0.008,-0.001,-11.111,9.164,29.63,Africa,Africa,False,False,False,False,False
Burundi,BDI,2021,Country or economy,Fossil,True,0.12,0.03,33.333,30.769,6.445,0.05,0.079,0.02,33.898,90.493,658.333,Africa,Africa,False,False,False,False,False
Burundi,BDI,2021,Country or economy,Total generation,True,0.39,0.02,5.405,100.0,0.0,0.11,0.087,0.019,27.941,99.657,223.077,Africa,Africa,False,False,False,False,False
Burundi,BDI,2021,Country or economy,Demand,True,0.49,0.03,6.522,125.641,1.317,,,,,,,Africa,Africa,False,False,False,False,False
Burundi,BDI,2022,Country or economy,Solar,False,0.0,0.0,,0.0,0.0,0.01,0.0,0.0,,0.0,,Africa,Africa,False,False,False,False,False
Burundi,BDI,2022,Country or economy,Wind,False,0.0,0.0,,0.0,0.0,0.0,0.0,0.0,,0.0,,Africa,Africa,False,False,False,False,False
Burundi,BDI,2022,Country or economy,Hydro,False,0.26,0.0,0.0,66.667,0.0,0.06,0.006,0.0,0.0,6.873,23.077,Africa,Africa,False,False,False,False,False
Burundi,BDI,2022,Country or economy,Bioenergy,False,0.01,0.0,0.0,2.564,0.0,0.0,0.002,0.0,0.0,2.291,200.0,Africa,Africa,False,False,False,False,False
Burundi,BDI,2022,Country or economy,Other renewables,False,0.0,0.0,,0.0,0.0,0.0,0.0,0.0,,0.0,,Africa,Africa,False,False,False,False,False
Burundi,BDI,2022,Country or economy,Nuclear,False,0.0,0.0,,0.0,0.0,0.0,0.0,0.0,,0.0,,Africa,Africa,False,False,False,False,False
Burundi,BDI,2022,Country or economy,Coal,False,0.0,0.0,,0.0,0.0,,0.0,0.0,,0.0,,Africa,Africa,False,False,False,False,False
Burundi,BDI,2022,Country or economy,Gas,False,0.0,0.0,,0.0,0.0,,0.0,0.0,,0.0,,Africa,Africa,False,False,False,False,False
Burundi,BDI,2022,Country or economy,Other fossil,False,0.12,0.0,0.0,30.769,0.0,0.05,0.079,0.0,0.0,90.493,658.333,Africa,Africa,False,False,False,False,False
Burundi,BDI,2022,Country or economy,Net imports,False,0.1,0.0,0.0,25.641,0.0,,0.0,0.0,,0.0,0.0,Africa,Africa,False,False,False,False,False
Burundi,BDI,2022,Country or economy,Wind and solar,True,0.0,0.0,,0.0,0.0,0.01,0.0,0.0,,0.0,,Africa,Africa,False,False,False,False,False
Burundi,BDI,2022,Country or economy,"Hydro, bioenergy and other renewables",True,0.27,0.0,0.0,69.231,0.0,0.06,0.008,0.0,0.0,9.164,29.63,Africa,Africa,False,False,False,False,False
Burundi,BDI,2022,Country or economy,Renewables,True,0.27,0.0,0.0,69.231,0.0,0.0699999999999999,0.008,0.0,0.0,9.164,29.63,Africa,Africa,False,False,False,False,False
Burundi,BDI,2022,Country or economy,Clean,True,0.27,0.0,0.0,69.231,0.0,0.0699999999999999,0.008,0.0,0.0,9.164,29.63,Africa,Africa,False,False,False,False,False
Burundi,BDI,2022,Country or economy,Fossil,True,0.12,0.0,0.0,30.769,0.0,0.05,0.079,0.0,0.0,90.493,658.333,Africa,Africa,False,False,False,False,False
Burundi,BDI,2022,Country or economy,Total generation,True,0.39,0.0,0.0,100.0,0.0,0.12,0.087,0.0,0.0,99.657,223.077,Africa,Africa,False,False,False,False,False
Burundi,BDI,2022,Country or economy,Demand,True,0.49,0.0,0.0,125.641,0.0,,,,,,,Africa,Africa,False,False,False,False,False
Burundi,BDI,2023,Country or economy,Solar,False,0.0,0.0,,0.0,0.0,0.01,0.0,0.0,,0.0,,Africa,Africa,False,False,False,False,False
Burundi,BDI,2023,Country or economy,Wind,False,0.0,0.0,,0.0,0.0,0.0,0.0,0.0,,0.0,,Africa,Africa,False,False,False,False,False
Burundi,BDI,2023,Country or economy,Hydro,False,0.37,0.11,42.308,74.0,7.333,0.06,0.009,0.003,50.0,10.01,24.324,Africa,Africa,False,False,False,False,False
Burundi,BDI,2023,Country or economy,Bioenergy,False,0.01,0.0,0.0,2.0,-0.564,0.0,0.002,0.0,0.0,2.224,200.0,Africa,Africa,False,False,False,False,False
Burundi,BDI,2023,Country or economy,Other renewables,False,0.0,0.0,,0.0,0.0,0.0,0.0,0.0,,0.0,,Africa,Africa,False,False,False,False,False
Burundi,BDI,2023,Country or economy,Nuclear,False,0.0,0.0,,0.0,0.0,0.0,0.0,0.0,,0.0,,Africa,Africa,False,False,False,False,False
Burundi,BDI,2023,Country or economy,Coal,False,0.0,0.0,,0.0,0.0,,0.0,0.0,,0.0,,Africa,Africa,False,False,False,False,False
Burundi,BDI,2023,Country or economy,Gas,False,0.0,0.0,,0.0,0.0,,0.0,0.0,,0.0,,Africa,Africa,False,False,False,False,False
Burundi,BDI,2023,Country or economy,Other fossil,False,0.12,0.0,0.0,24.0,-6.769,0.05,0.079,0.0,0.0,87.863,658.333,Africa,Africa,False,False,False,False,False
Burundi,BDI,2023,Country or economy,Net imports,False,0.1,0.0,0.0,20.0,-5.641,,0.0,0.0,,0.0,0.0,Africa,Africa,False,False,False,False,False
Burundi,BDI,2023,Country or economy,Wind and solar,True,0.0,0.0,,0.0,0.0,0.01,0.0,0.0,,0.0,,Africa,Africa,False,False,False,False,False
Burundi,BDI,2023,Country or economy,"Hydro, bioenergy and other renewables",True,0.38,0.11,40.741,76.0,6.769,0.06,0.011,0.003,37.5,12.234,28.947,Africa,Africa,False,False,False,False,False
Burundi,BDI,2023,Country or economy,Renewables,True,0.38,0.11,40.741,76.0,6.769,0.0699999999999999,0.011,0.003,37.5,12.234,28.947,Africa,Africa,False,False,False,False,False
Burundi,BDI,2023,Country or economy,Clean,True,0.38,0.11,40.741,76.0,6.769,0.0699999999999999,0.011,0.003,37.5,12.234,28.947,Africa,Africa,False,False,False,False,False
Burundi,BDI,2023,Country or economy,Fossil,True,0.12,0.0,0.0,24.0,-6.769,0.05,0.079,0.0,0.0,87.863,658.333,Africa,Africa,False,False,False,False,False
Burundi,BDI,2023,Country or economy,Total generation,True,0.5,0.11,28.205,100.0,0.0,0.12,0.09,0.003,3.448,100.097,180.0,Africa,Africa,False,False,False,False,False
Burundi,BDI,2023,Country or economy,Demand,True,0.6,0.11,22.449,120.0,-5.641,,,,,,,Africa,Africa,False,False,False,False,False
Burundi,BDI,2024,Country or economy,Solar,False,0.0,0.0,,0.0,0.0,0.01,0.0,0.0,,0.0,,Africa,Africa,False,False,False,False,False
Burundi,BDI,2024,Country or economy,Wind,False,0.0,0.0,,0.0,0.0,0.0,0.0,0.0,,0.0,,Africa,Africa,False,False,False,False,False
Burundi,BDI,2024,Country or economy,Hydro,False,0.36,-0.01,-2.703,73.469,-0.531,0.06,0.009,0.0,0.0,10.036,25.0,Africa,Africa,False,False,False,False,False
Burundi,BDI,2024,Country or economy,Bioenergy,False,0.01,0.0,0.0,2.041,0.041,0.0,0.002,0.0,0.0,2.23,200.0,Africa,Africa,False,False,False,False,False
Burundi,BDI,2024,Country or economy,Other renewables,False,0.0,0.0,,0.0,0.0,0.0,0.0,0.0,,0.0,,Africa,Africa,False,False,False,False,False
Burundi,BDI,2024,Country or economy,Nuclear,False,0.0,0.0,,0.0,0.0,0.0,0.0,0.0,,0.0,,Africa,Africa,False,False,False,False,False
Burundi,BDI,2024,Country or economy,Coal,False,0.0,0.0,,0.0,0.0,,0.0,0.0,,0.0,,Africa,Africa,False,False,False,False,False
Burundi,BDI,2024,Country or economy,Gas,False,0.0,0.0,,0.0,0.0,,0.0,0.0,,0.0,,Africa,Africa,False,False,False,False,False
Burundi,BDI,2024,Country or economy,Other fossil,False,0.12,0.0,0.0,24.49,0.49,0.05,0.079,0.0,0.0,88.095,658.333,Africa,Africa,False,False,False,False,False
Burundi,BDI,2024,Country or economy,Net imports,False,0.08,-0.02,-20.0,16.327,-3.673,,0.0,0.0,,0.0,0.0,Africa,Africa,False,False,False,False,False
Burundi,BDI,2024,Country or economy,Wind and solar,True,0.0,0.0,,0.0,0.0,0.01,0.0,0.0,,0.0,,Africa,Africa,False,False,False,False,False
Burundi,BDI,2024,Country or economy,"Hydro, bioenergy and other renewables",True,0.37,-0.01,-2.632,75.51,-0.49,0.06,0.011,0.0,0.0,12.266,29.73,Africa,Africa,False,False,False,False,False
Burundi,BDI,2024,Country or economy,Renewables,True,0.37,-0.01,-2.632,75.51,-0.49,0.0699999999999999,0.011,0.0,0.0,12.266,29.73,Africa,Africa,False,False,False,False,False
Burundi,BDI,2024,Country or economy,Clean,True,0.37,-0.01,-2.632,75.51,-0.49,0.0699999999999999,0.011,0.0,0.0,12.266,29.73,Africa,Africa,False,False,False,False,False
Burundi,BDI,2024,Country or economy,Fossil,True,0.12,0.0,0.0,24.49,0.49,0.05,0.079,0.0,0.0,88.095,658.333,Africa,Africa,False,False,False,False,False
Burundi,BDI,2024,Country or economy,Total generation,True,0.49,-0.01,-2.0,100.0,0.0,0.12,0.09,0.0,0.0,100.362,183.673,Africa,Africa,False,False,False,False,False
Burundi,BDI,2024,Country or economy,Demand,True,0.57,-0.03,-5.0,116.327,-3.673,,,,,,,Africa,Africa,False,False,False,False,False
Cameroon,CMR,2000,Country or economy,Solar,False,0.0,,,0.0,,0.0,0.0,,,0.0,,Africa,Africa,False,False,False,False,False
Cameroon,CMR,2000,Country or economy,Wind,False,0.0,,,0.0,,0.0,0.0,,,0.0,,Africa,Africa,False,False,False,False,False
Cameroon,CMR,2000,Country or economy,Hydro,False,3.41,,,98.841,,0.72,0.081,,,75.46,23.754,Africa,Africa,False,False,False,False,False
Cameroon,CMR,2000,Country or economy,Bioenergy,False,0.0,,,0.0,,0.0,0.0,,,0.0,,Africa,Africa,False,False,False,False,False
Cameroon,CMR,2000,Country or economy,Other renewables,False,0.0,,,0.0,,0.0,0.0,,,0.0,,Africa,Africa,False,False,False,False,False
Cameroon,CMR,2000,Country or economy,Nuclear,False,0.0,,,0.0,,0.0,0.0,,,0.0,,Africa,Africa,False,False,False,False,False
Cameroon,CMR,2000,Country or economy,Coal,False,0.0,,,0.0,,,0.0,,,0.0,,Africa,Africa,False,False,False,False,False
Cameroon,CMR,2000,Country or economy,Gas,False,0.0,,,0.0,,0.0,0.0,,,0.0,,Africa,Africa,False,False,False,False,False
Cameroon,CMR,2000,Country or economy,Other fossil,False,0.04,,,1.159,,0.0,0.026,,,24.222,650.0,Africa,Africa,False,False,False,False,False
Cameroon,CMR,2000,Country or economy,Net imports,False,0.0,,,0.0,,,0.0,,,0.0,,Africa,Africa,False,False,False,False,False
Cameroon,CMR,2000,Country or economy,Wind and solar,True,0.0,,,0.0,,0.0,0.0,,,0.0,,Africa,Africa,False,False,False,False,False
Cameroon,CMR,2000,Country or economy,"Hydro, bioenergy and other renewables",True,3.41,,,98.841,,0.72,0.081,,,75.46,23.754,Africa,Africa,False,False,False,False,False
Cameroon,CMR,2000,Country or economy,Renewables,True,3.41,,,98.841,,0.72,0.081,,,75.46,23.754,Africa,Africa,False,False,False,False,False
Cameroon,CMR,2000,Country or economy,Clean,True,3.41,,,98.841,,0.72,0.081,,,75.46,23.754,Africa,Africa,False,False,False,False,False
Cameroon,CMR,2000,Country or economy,Fossil,True,0.04,,,1.159,,0.0,0.026,,,24.222,650.0,Africa,Africa,False,False,False,False,False
Cameroon,CMR,2000,Country or economy,Total generation,True,3.45,,,100.0,,0.72,0.107,,,99.682,31.014,Africa,Africa,False,False,False,False,False
Cameroon,CMR,2000,Country or economy,Demand,True,3.45,,,100.0,,,,,,,,Africa,Africa,False,False,False,False,False
Cameroon,CMR,2001,Country or economy,Solar,False,0.0,0.0,,0.0,0.0,0.0,0.0,0.0,,0.0,,Africa,Africa,False,False,False,False,False
Cameroon,CMR,2001,Country or economy,Wind,False,0.0,0.0,,0.0,0.0,0.0,0.0,0.0,,0.0,,Africa,Africa,False,False,False,False,False
Cameroon,CMR,2001,Country or economy,Hydro,False,3.44,0.03,0.88,98.006,-0.835,0.72,0.082,0.001,1.235,64.166,23.837,Africa,Africa,False,False,False,False,False
Cameroon,CMR,2001,Country or economy,Bioenergy,False,0.0,0.0,,0.0,0.0,0.0,0.0,0.0,,0.0,,Africa,Africa,False,False,False,False,False
Cameroon,CMR,2001,Country or economy,Other renewables,False,0.0,0.0,,0.0,0.0,0.0,0.0,0.0,,0.0,,Africa,Africa,False,False,False,False,False
Cameroon,CMR,2001,Country or economy,Nuclear,False,0.0,0.0,,0.0,0.0,0.0,0.0,0.0,,0.0,,Africa,Africa,False,False,False,False,False
Cameroon,CMR,2001,Country or economy,Coal,False,0.0,0.0,,0.0,0.0,,0.0,0.0,,0.0,,Africa,Africa,False,False,False,False,False
Cameroon,CMR,2001,Country or economy,Gas,False,0.0,0.0,,0.0,0.0,0.0,0.0,0.0,,0.0,,Africa,Africa,False,False,False,False,False
Cameroon,CMR,2001,Country or economy,Other fossil,False,0.07,0.03,75.0,1.994,0.835,0.0,0.046,0.02,76.923,35.995,657.143,Africa,Africa,False,False,False,False,False
Cameroon,CMR,2001,Country or economy,Net imports,False,0.0,0.0,,0.0,0.0,,0.0,0.0,,0.0,,Africa,Africa,False,False,False,False,False
Cameroon,CMR,2001,Country or economy,Wind and solar,True,0.0,0.0,,0.0,0.0,0.0,0.0,0.0,,0.0,,Africa,Africa,False,False,False,False,False
Cameroon,CMR,2001,Country or economy,"Hydro, bioenergy and other renewables",True,3.44,0.03,0.88,98.006,-0.835,0.72,0.082,0.001,1.235,64.166,23.837,Africa,Africa,False,False,False,False,False
Cameroon,CMR,2001,Country or economy,Renewables,True,3.44,0.03,0.88,98.006,-0.835,0.72,0.082,0.001,1.235,64.166,23.837,Africa,Africa,False,False,False,False,False
Cameroon,CMR,2001,Country or economy,Clean,True,3.44,0.03,0.88,98.006,-0.835,0.72,0.082,0.001,1.235,64.166,23.837,Africa,Africa,False,False,False,False,False
Cameroon,CMR,2001,Country or economy,Fossil,True,0.07,0.03,75.0,1.994,0.835,0.0,0.046,0.02,76.923,35.995,657.143,Africa,Africa,False,False,False,False,False
Cameroon,CMR,2001,Country or economy,Total generation,True,3.51,0.06,1.739,100.0,0.0,0.72,0.128,0.021,19.626,100.161,36.467,Africa,Africa,False,False,False,False,False
Cameroon,CMR,2001,Country or economy,Demand,True,3.51,0.06,1.739,100.0,0.0,,,,,,,Africa,Africa,False,False,False,False,False
Cameroon,CMR,2002,Country or economy,Solar,False,0.0,0.0,,0.0,0.0,0.0,0.0,0.0,,0.0,,Africa,Africa,False,False,False,False,False
Cameroon,CMR,2002,Country or economy,Wind,False,0.0,0.0,,0.0,0.0,0.0,0.0,0.0,,0.0,,Africa,Africa,False,False,False,False,False
Cameroon,CMR,2002,Country or economy,Hydro,False,3.15,-0.29,-8.43,96.33,-1.676,0.72,0.075,-0.007,-8.537,48.763,23.81,Africa,Africa,False,False,False,False,False
Cameroon,CMR,2002,Country or economy,Bioenergy,False,0.0,0.0,,0.0,0.0,0.0,0.0,0.0,,0.0,,Africa,Africa,False,False,False,False,False
Cameroon,CMR,2002,Country or economy,Other renewables,False,0.0,0.0,,0.0,0.0,0.0,0.0,0.0,,0.0,,Africa,Africa,False,False,False,False,False
Cameroon,CMR,2002,Country or economy,Nuclear,False,0.0,0.0,,0.0,0.0,0.0,0.0,0.0,,0.0,,Africa,Africa,False,False,False,False,False
Cameroon,CMR,2002,Country or economy,Coal,False,0.0,0.0,,0.0,0.0,,0.0,0.0,,0.0,,Africa,Africa,False,False,False,False,False
Cameroon,CMR,2002,Country or economy,Gas,False,0.0,0.0,,0.0,0.0,0.0,0.0,0.0,,0.0,,Africa,Africa,False,False,False,False,False
Cameroon,CMR,2002,Country or economy,Other fossil,False,0.12,0.05,71.429,3.67,1.676,0.0,0.079,0.033,71.739,51.364,658.333,Africa,Africa,False,False,False,False,False
Cameroon,CMR,2002,Country or economy,Net imports,False,0.0,0.0,,0.0,0.0,,0.0,0.0,,0.0,,Africa,Africa,False,False,False,False,False
Cameroon,CMR,2002,Country or economy,Wind and solar,True,0.0,0.0,,0.0,0.0,0.0,0.0,0.0,,0.0,,Africa,Africa,False,False,False,False,False
Cameroon,CMR,2002,Country or economy,"Hydro, bioenergy and other renewables",True,3.15,-0.29,-8.43,96.33,-1.676,0.72,0.075,-0.007,-8.537,48.763,23.81,Africa,Africa,False,False,False,False,False
Cameroon,CMR,2002,Country or economy,Renewables,True,3.15,-0.29,-8.43,96.33,-1.676,0.72,0.075,-0.007,-8.537,48.763,23.81,Africa,Africa,False,False,False,False,False
Cameroon,CMR,2002,Country or economy,Clean,True,3.15,-0.29,-8.43,96.33,-1.676,0.72,0.075,-0.007,-8.537,48.763,23.81,Africa,Africa,False,False,False,False,False
Cameroon,CMR,2002,Country or economy,Fossil,True,0.12,0.05,71.429,3.67,1.676,0.0,0.079,0.033,71.739,51.364,658.333,Africa,Africa,False,False,False,False,False
Cameroon,CMR,2002,Country or economy,Total generation,True,3.27,-0.24,-6.838,100.0,0.0,0.72,0.154,0.026,20.312,100.127,47.095,Africa,Africa,False,False,False,False,False
Cameroon,CMR,2002,Country or economy,Demand,True,3.27,-0.24,-6.838,100.0,0.0,,,,,,,Africa,Africa,False,False,False,False,False
Cameroon,CMR,2003,Country or economy,Solar,False,0.0,0.0,,0.0,0.0,0.0,0.0,0.0,,0.0,,Africa,Africa,False,False,False,False,False
Cameroon,CMR,2003,Country or economy,Wind,False,0.0,0.0,,0.0,0.0,0.0,0.0,0.0,,0.0,,Africa,Africa,False,False,False,False,False
Cameroon,CMR,2003,Country or economy,Hydro,False,3.49,0.34,10.794,95.616,-0.714,0.72,0.083,0.008,10.667,44.101,23.782,Africa,Africa,False,False,False,False,False
Cameroon,CMR,2003,Country or economy,Bioenergy,False,0.0,0.0,,0.0,0.0,0.0,0.0,0.0,,0.0,,Africa,Africa,False,False,False,False,False
Cameroon,CMR,2003,Country or economy,Other renewables,False,0.0,0.0,,0.0,0.0,0.0,0.0,0.0,,0.0,,Africa,Africa,False,False,False,False,False
Cameroon,CMR,2003,Country or economy,Nuclear,False,0.0,0.0,,0.0,0.0,0.0,0.0,0.0,,0.0,,Africa,Africa,False,False,False,False,False
Cameroon,CMR,2003,Country or economy,Coal,False,0.0,0.0,,0.0,0.0,,0.0,0.0,,0.0,,Africa,Africa,False,False,False,False,False
Cameroon,CMR,2003,Country or economy,Gas,False,0.0,0.0,,0.0,0.0,0.0,0.0,0.0,,0.0,,Africa,Africa,False,False,False,False,False
Cameroon,CMR,2003,Country or economy,Other fossil,False,0.16,0.04,33.333,4.384,0.714,0.0,0.105,0.026,32.911,55.791,656.25,Africa,Africa,False,False,False,False,False
Cameroon,CMR,2003,Country or economy,Net imports,False,0.0,0.0,,0.0,0.0,,0.0,0.0,,0.0,,Africa,Africa,False,False,False,False,False
Cameroon,CMR,2003,Country or economy,Wind and solar,True,0.0,0.0,,0.0,0.0,0.0,0.0,0.0,,0.0,,Africa,Africa,False,False,False,False,False
Cameroon,CMR,2003,Country or economy,"Hydro, bioenergy and other renewables",True,3.49,0.34,10.794,95.616,-0.714,0.72,0.083,0.008,10.667,44.101,23.782,Africa,Africa,False,False,False,False,False
Cameroon,CMR,2003,Country or economy,Renewables,True,3.49,0.34,10.794,95.616,-0.714,0.72,0.083,0.008,10.667,44.101,23.782,Africa,Africa,False,False,False,False,False
Cameroon,CMR,2003,Country or economy,Clean,True,3.49,0.34,10.794,95.616,-0.714,0.72,0.083,0.008,10.667,44.101,23.782,Africa,Africa,False,False,False,False,False
Cameroon,CMR,2003,Country or economy,Fossil,True,0.16,0.04,33.333,4.384,0.714,0.0,0.105,0.026,32.911,55.791,656.25,Africa,Africa,False,False,False,False,False
Cameroon,CMR,2003,Country or economy,Total generation,True,3.65,0.38,11.621,100.0,0.0,0.72,0.188,0.034,22.078,99.892,51.507,Africa,Africa,False,False,False,False,False
Cameroon,CMR,2003,Country or economy,Demand,True,3.65,0.38,11.621,100.0,0.0,,,,,,,Africa,Africa,False,False,False,False,False
Cameroon,CMR,2004,Country or economy,Solar,False,0.0,0.0,,0.0,0.0,0.0,0.0,0.0,,0.0,,Africa,Africa,False,False,False,False,False
Cameroon,CMR,2004,Country or economy,Wind,False,0.0,0.0,,0.0,0.0,0.0,0.0,0.0,,0.0,,Africa,Africa,False,False,False,False,False
Cameroon,CMR,2004,Country or economy,Hydro,False,3.88,0.39,11.175,95.332,-0.284,0.72,0.092,0.009,10.843,42.356,23.711,Africa,Africa,False,False,False,False,False
Cameroon,CMR,2004,Country or economy,Bioenergy,False,0.0,0.0,,0.0,0.0,0.0,0.0,0.0,,0.0,,Africa,Africa,False,False,False,False,False
Cameroon,CMR,2004,Country or economy,Other renewables,False,0.0,0.0,,0.0,0.0,0.0,0.0,0.0,,0.0,,Africa,Africa,False,False,False,False,False
Cameroon,CMR,2004,Country or economy,Nuclear,False,0.0,0.0,,0.0,0.0,0.0,0.0,0.0,,0.0,,Africa,Africa,False,False,False,False,False
Cameroon,CMR,2004,Country or economy,Coal,False,0.0,0.0,,0.0,0.0,,0.0,0.0,,0.0,,Africa,Africa,False,False,False,False,False
Cameroon,CMR,2004,Country or economy,Gas,False,0.0,0.0,,0.0,0.0,0.0,0.0,0.0,,0.0,,Africa,Africa,False,False,False,False,False
Cameroon,CMR,2004,Country or economy,Other fossil,False,0.19,0.03,18.75,4.668,0.284,0.0,0.125,0.02,19.048,57.548,657.895,Africa,Africa,False,False,False,False,False
Cameroon,CMR,2004,Country or economy,Net imports,False,0.0,0.0,,0.0,0.0,,0.0,0.0,,0.0,,Africa,Africa,False,False,False,False,False
Cameroon,CMR,2004,Country or economy,Wind and solar,True,0.0,0.0,,0.0,0.0,0.0,0.0,0.0,,0.0,,Africa,Africa,False,False,False,False,False
Cameroon,CMR,2004,Country or economy,"Hydro, bioenergy and other renewables",True,3.88,0.39,11.175,95.332,-0.284,0.72,0.092,0.009,10.843,42.356,23.711,Africa,Africa,False,False,False,False,False
Cameroon,CMR,2004,Country or economy,Renewables,True,3.88,0.39,11.175,95.332,-0.284,0.72,0.092,0.009,10.843,42.356,23.711,Africa,Africa,False,False,False,False,False
Cameroon,CMR,2004,Country or economy,Clean,True,3.88,0.39,11.175,95.332,-0.284,0.72,0.092,0.009,10.843,42.356,23.711,Africa,Africa,False,False,False,False,False
Cameroon,CMR,2004,Country or economy,Fossil,True,0.19,0.03,18.75,4.668,0.284,0.0,0.125,0.02,19.048,57.548,657.895,Africa,Africa,False,False,False,False,False
Cameroon,CMR,2004,Country or economy,Total generation,True,4.07,0.42,11.507,100.0,0.0,0.72,0.217,0.029,15.426,99.904,53.317,Africa,Africa,False,False,False,False,False
Cameroon,CMR,2004,Country or economy,Demand,True,4.07,0.42,11.507,100.0,0.0,,,,,,,Africa,Africa,False,False,False,False,False
Cameroon,CMR,2005,Country or economy,Solar,False,0.0,0.0,,0.0,0.0,0.0,0.0,0.0,,0.0,,Africa,Africa,False,False,False,False,False
Cameroon,CMR,2005,Country or economy,Wind,False,0.0,0.0,,0.0,0.0,0.0,0.0,0.0,,0.0,,Africa,Africa,False,False,False,False,False
Cameroon,CMR,2005,Country or economy,Hydro,False,3.73,-0.15,-3.866,94.192,-1.14,0.72,0.089,-0.003,-3.261,37.089,23.861,Africa,Africa,False,False,False,False,False
Cameroon,CMR,2005,Country or economy,Bioenergy,False,0.0,0.0,,0.0,0.0,0.0,0.0,0.0,,0.0,,Africa,Africa,False,False,False,False,False
Cameroon,CMR,2005,Country or economy,Other renewables,False,0.0,0.0,,0.0,0.0,0.0,0.0,0.0,,0.0,,Africa,Africa,False,False,False,False,False
Cameroon,CMR,2005,Country or economy,Nuclear,False,0.0,0.0,,0.0,0.0,0.0,0.0,0.0,,0.0,,Africa,Africa,False,False,False,False,False
Cameroon,CMR,2005,Country or economy,Coal,False,0.0,0.0,,0.0,0.0,,0.0,0.0,,0.0,,Africa,Africa,False,False,False,False,False
Cameroon,CMR,2005,Country or economy,Gas,False,0.0,0.0,,0.0,0.0,0.0,0.0,0.0,,0.0,,Africa,Africa,False,False,False,False,False
Cameroon,CMR,2005,Country or economy,Other fossil,False,0.23,0.04,21.053,5.808,1.14,0.0,0.151,0.026,20.8,62.926,656.522,Africa,Africa,False,False,False,False,False
Cameroon,CMR,2005,Country or economy,Net imports,False,0.0,0.0,,0.0,0.0,,0.0,0.0,,0.0,,Africa,Africa,False,False,False,False,False
Cameroon,CMR,2005,Country or economy,Wind and solar,True,0.0,0.0,,0.0,0.0,0.0,0.0,0.0,,0.0,,Africa,Africa,False,False,False,False,False
Cameroon,CMR,2005,Country or economy,"Hydro, bioenergy and other renewables",True,3.73,-0.15,-3.866,94.192,-1.14,0.72,0.089,-0.003,-3.261,37.089,23.861,Africa,Africa,False,False,False,False,False
Cameroon,CMR,2005,Country or economy,Renewables,True,3.73,-0.15,-3.866,94.192,-1.14,0.72,0.089,-0.003,-3.261,37.089,23.861,Africa,Africa,False,False,False,False,False
Cameroon,CMR,2005,Country or economy,Clean,True,3.73,-0.15,-3.866,94.192,-1.14,0.72,0.089,-0.003,-3.261,37.089,23.861,Africa,Africa,False,False,False,False,False
Cameroon,CMR,2005,Country or economy,Fossil,True,0.23,0.04,21.053,5.808,1.14,0.0,0.151,0.026,20.8,62.926,656.522,Africa,Africa,False,False,False,False,False
Cameroon,CMR,2005,Country or economy,Total generation,True,3.96,-0.11,-2.703,100.0,0.0,0.72,0.24,0.023,10.599,100.015,60.606,Africa,Africa,False,False,False,False,False
Cameroon,CMR,2005,Country or economy,Demand,True,3.96,-0.11,-2.703,100.0,0.0,,,,,,,Africa,Africa,False,False,False,False,False
Cameroon,CMR,2006,Country or economy,Solar,False,0.0,0.0,,0.0,0.0,0.0,0.0,0.0,,0.0,,Africa,Africa,False,False,False,False,False
Cameroon,CMR,2006,Country or economy,Wind,False,0.0,0.0,,0.0,0.0,0.0,0.0,0.0,,0.0,,Africa,Africa,False,False,False,False,False
Cameroon,CMR,2006,Country or economy,Hydro,False,3.85,0.12,3.217,76.087,-18.105,0.72,0.091,0.002,2.247,15.044,23.636,Africa,Africa,False,False,False,False,False
Cameroon,CMR,2006,Country or economy,Bioenergy,False,0.64,0.64,,12.648,12.648,0.0,0.138,0.138,,22.814,215.625,Africa,Africa,False,False,False,False,False
Cameroon,CMR,2006,Country or economy,Other renewables,False,0.0,0.0,,0.0,0.0,0.0,0.0,0.0,,0.0,,Africa,Africa,False,False,False,False,False
Cameroon,CMR,2006,Country or economy,Nuclear,False,0.0,0.0,,0.0,0.0,0.0,0.0,0.0,,0.0,,Africa,Africa,False,False,False,False,False
Cameroon,CMR,2006,Country or economy,Coal,False,0.0,0.0,,0.0,0.0,,0.0,0.0,,0.0,,Africa,Africa,False,False,False,False,False
Cameroon,CMR,2006,Country or economy,Gas,False,0.0,0.0,,0.0,0.0,0.0,0.0,0.0,,0.0,,Africa,Africa,False,False,False,False,False
Cameroon,CMR,2006,Country or economy,Other fossil,False,0.57,0.34,147.826,11.265,5.457,0.0,0.375,0.224,148.344,61.993,657.895,Africa,Africa,False,False,False,False,False
Cameroon,CMR,2006,Country or economy,Net imports,False,0.0,0.0,,0.0,0.0,,0.0,0.0,,0.0,,Africa,Africa,False,False,False,False,False
Cameroon,CMR,2006,Country or economy,Wind and solar,True,0.0,0.0,,0.0,0.0,0.0,0.0,0.0,,0.0,,Africa,Africa,False,False,False,False,False
Cameroon,CMR,2006,Country or economy,"Hydro, bioenergy and other renewables",True,4.49,0.76,20.375,88.735,-5.457,0.72,0.23,0.141,158.427,38.023,51.225,Africa,Africa,False,False,False,False,False
Cameroon,CMR,2006,Country or economy,Renewables,True,4.49,0.76,20.375,88.735,-5.457,0.72,0.23,0.141,158.427,38.023,51.225,Africa,Africa,False,False,False,False,False
Cameroon,CMR,2006,Country or economy,Clean,True,4.49,0.76,20.375,88.735,-5.457,0.72,0.23,0.141,158.427,38.023,51.225,Africa,Africa,False,False,False,False,False
Cameroon,CMR,2006,Country or economy,Fossil,True,0.57,0.34,147.826,11.265,5.457,0.0,0.375,0.224,148.344,61.993,657.895,Africa,Africa,False,False,False,False,False
Cameroon,CMR,2006,Country or economy,Total generation,True,5.06,1.1,27.778,100.0,0.0,0.72,0.605,0.365,152.083,100.016,119.565,Africa,Africa,False,False,False,False,False
Cameroon,CMR,2006,Country or economy,Demand,True,5.06,1.1,27.778,100.0,0.0,,,,,,,Africa,Africa,False,False,False,False,False
Cameroon,CMR,2007,Country or economy,Solar,False,0.0,0.0,,0.0,0.0,0.0,0.0,0.0,,0.0,,Africa,Africa,False,False,False,False,False
Cameroon,CMR,2007,Country or economy,Wind,False,0.0,0.0,,0.0,0.0,0.0,0.0,0.0,,0.0,,Africa,Africa,False,False,False,False,False
Cameroon,CMR,2007,Country or economy,Hydro,False,3.81,-0.04,-1.039,73.129,-2.958,0.72,0.091,0.0,0.0,8.72,23.885,Africa,Africa,False,False,False,False,False
Cameroon,CMR,2007,Country or economy,Bioenergy,False,0.08,-0.56,-87.5,1.536,-11.112,0.0,0.017,-0.121,-87.681,1.629,212.5,Africa,Africa,False,False,False,False,False
Cameroon,CMR,2007,Country or economy,Other renewables,False,0.0,0.0,,0.0,0.0,0.0,0.0,0.0,,0.0,,Africa,Africa,False,False,False,False,False
Cameroon,CMR,2007,Country or economy,Nuclear,False,0.0,0.0,,0.0,0.0,0.0,0.0,0.0,,0.0,,Africa,Africa,False,False,False,False,False
Cameroon,CMR,2007,Country or economy,Coal,False,0.0,0.0,,0.0,0.0,,0.0,0.0,,0.0,,Africa,Africa,False,False,False,False,False
Cameroon,CMR,2007,Country or economy,Gas,False,0.48,0.48,,9.213,9.213,0.0,0.383,0.383,,36.701,797.917,Africa,Africa,False,False,False,False,False
Cameroon,CMR,2007,Country or economy,Other fossil,False,0.84,0.27,47.368,16.123,4.858,0.0,0.553,0.178,47.467,52.991,658.333,Africa,Africa,False,False,False,False,False
Cameroon,CMR,2007,Country or economy,Net imports,False,0.0,0.0,,0.0,0.0,,0.0,0.0,,0.0,,Africa,Africa,False,False,False,False,False
Cameroon,CMR,2007,Country or economy,Wind and solar,True,0.0,0.0,,0.0,0.0,0.0,0.0,0.0,,0.0,,Africa,Africa,False,False,False,False,False
Cameroon,CMR,2007,Country or economy,"Hydro, bioenergy and other renewables",True,3.89,-0.6,-13.363,74.664,-14.071,0.72,0.108,-0.122,-53.043,10.349,27.763,Africa,Africa,False,False,False,False,False
Cameroon,CMR,2007,Country or economy,Renewables,True,3.89,-0.6,-13.363,74.664,-14.071,0.72,0.108,-0.122,-53.043,10.349,27.763,Africa,Africa,False,False,False,False,False
Cameroon,CMR,2007,Country or economy,Clean,True,3.89,-0.6,-13.363,74.664,-14.071,0.72,0.108,-0.122,-53.043,10.349,27.763,Africa,Africa,False,False,False,False,False
Cameroon,CMR,2007,Country or economy,Fossil,True,1.32,0.75,131.579,25.336,14.071,0.0,0.936,0.561,149.6,89.693,709.091,Africa,Africa,False,False,False,False,False
Cameroon,CMR,2007,Country or economy,Total generation,True,5.21,0.15,2.964,100.0,0.0,0.72,1.044,0.439,72.562,100.042,200.384,Africa,Africa,False,False,False,False,False
Cameroon,CMR,2007,Country or economy,Demand,True,5.21,0.15,2.964,100.0,0.0,,,,,,,Africa,Africa,False,False,False,False,False
Cameroon,CMR,2008,Country or economy,Solar,False,0.0,0.0,,0.0,0.0,0.0,0.0,0.0,,0.0,,Africa,Africa,False,False,False,False,False
Cameroon,CMR,2008,Country or economy,Wind,False,0.0,0.0,,0.0,0.0,0.0,0.0,0.0,,0.0,,Africa,Africa,False,False,False,False,False
Cameroon,CMR,2008,Country or economy,Hydro,False,4.19,0.38,9.974,74.291,1.162,0.72,0.1,0.009,9.89,9.189,23.866,Africa,Africa,False,False,False,False,False
Cameroon,CMR,2008,Country or economy,Bioenergy,False,0.08,0.0,0.0,1.418,-0.118,0.0,0.017,0.0,0.0,1.562,212.5,Africa,Africa,False,False,False,False,False
Cameroon,CMR,2008,Country or economy,Other renewables,False,0.0,0.0,,0.0,0.0,0.0,0.0,0.0,,0.0,,Africa,Africa,False,False,False,False,False
Cameroon,CMR,2008,Country or economy,Nuclear,False,0.0,0.0,,0.0,0.0,0.0,0.0,0.0,,0.0,,Africa,Africa,False,False,False,False,False
Cameroon,CMR,2008,Country or economy,Coal,False,0.0,0.0,,0.0,0.0,,0.0,0.0,,0.0,,Africa,Africa,False,False,False,False,False
Cameroon,CMR,2008,Country or economy,Gas,False,0.5,0.02,4.167,8.865,-0.348,0.0,0.399,0.016,4.178,36.663,798.0,Africa,Africa,False,False,False,False,False
Cameroon,CMR,2008,Country or economy,Other fossil,False,0.87,0.03,3.571,15.426,-0.697,0.0,0.572,0.019,3.436,52.559,657.471,Africa,Africa,False,False,False,False,False
Cameroon,CMR,2008,Country or economy,Net imports,False,0.0,0.0,,0.0,0.0,,0.0,0.0,,0.0,,Africa,Africa,False,False,False,False,False
Cameroon,CMR,2008,Country or economy,Wind and solar,True,0.0,0.0,,0.0,0.0,0.0,0.0,0.0,,0.0,,Africa,Africa,False,False,False,False,False
Cameroon,CMR,2008,Country or economy,"Hydro, bioenergy and other renewables",True,4.27,0.38,9.769,75.709,1.045,0.72,0.117,0.009,8.333,10.751,27.4,Africa,Africa,False,False,False,False,False
Cameroon,CMR,2008,Country or economy,Renewables,True,4.27,0.38,9.769,75.709,1.045,0.72,0.117,0.009,8.333,10.751,27.4,Africa,Africa,False,False,False,False,False
Cameroon,CMR,2008,Country or economy,Clean,True,4.27,0.38,9.769,75.709,1.045,0.72,0.117,0.009,8.333,10.751,27.4,Africa,Africa,False,False,False,False,False
Cameroon,CMR,2008,Country or economy,Fossil,True,1.37,0.05,3.788,24.291,-1.045,0.0,0.971,0.035,3.739,89.222,708.759,Africa,Africa,False,False,False,False,False
Cameroon,CMR,2008,Country or economy,Total generation,True,5.64,0.43,8.253,100.0,0.0,0.72,1.088,0.044,4.215,99.973,192.908,Africa,Africa,False,False,False,False,False
Cameroon,CMR,2008,Country or economy,Demand,True,5.64,0.43,8.253,100.0,0.0,,,,,,,Africa,Africa,False,False,False,False,False
Cameroon,CMR,2009,Country or economy,Solar,False,0.0,0.0,,0.0,0.0,0.0,0.0,0.0,,0.0,,Africa,Africa,False,False,False,False,False
Cameroon,CMR,2009,Country or economy,Wind,False,0.0,0.0,,0.0,0.0,0.0,0.0,0.0,,0.0,,Africa,Africa,False,False,False,False,False
Cameroon,CMR,2009,Country or economy,Hydro,False,3.98,-0.21,-5.012,69.338,-4.953,0.72,0.095,-0.005,-5.0,7.427,23.869,Africa,Africa,False,False,False,False,False
Cameroon,CMR,2009,Country or economy,Bioenergy,False,0.07,-0.01,-12.5,1.22,-0.198,0.0,0.015,-0.002,-11.765,1.173,214.286,Africa,Africa,False,False,False,False,False
Cameroon,CMR,2009,Country or economy,Other renewables,False,0.0,0.0,,0.0,0.0,0.0,0.0,0.0,,0.0,,Africa,Africa,False,False,False,False,False
Cameroon,CMR,2009,Country or economy,Nuclear,False,0.0,0.0,,0.0,0.0,0.0,0.0,0.0,,0.0,,Africa,Africa,False,False,False,False,False
Cameroon,CMR,2009,Country or economy,Coal,False,0.0,0.0,,0.0,0.0,,0.0,0.0,,0.0,,Africa,Africa,False,False,False,False,False
Cameroon,CMR,2009,Country or economy,Gas,False,0.41,-0.09,-18.0,7.143,-1.722,0.0,0.327,-0.072,-18.045,25.565,797.561,Africa,Africa,False,False,False,False,False
Cameroon,CMR,2009,Country or economy,Other fossil,False,1.28,0.41,47.126,22.3,6.874,0.09,0.842,0.27,47.203,65.827,657.812,Africa,Africa,False,False,False,False,False
Cameroon,CMR,2009,Country or economy,Net imports,False,0.0,0.0,,0.0,0.0,,0.0,0.0,,0.0,,Africa,Africa,False,False,False,False,False
Cameroon,CMR,2009,Country or economy,Wind and solar,True,0.0,0.0,,0.0,0.0,0.0,0.0,0.0,,0.0,,Africa,Africa,False,False,False,False,False
Cameroon,CMR,2009,Country or economy,"Hydro, bioenergy and other renewables",True,4.05,-0.22,-5.152,70.557,-5.152,0.72,0.11,-0.007,-5.983,8.6,27.16,Africa,Africa,False,False,False,False,False
Cameroon,CMR,2009,Country or economy,Renewables,True,4.05,-0.22,-5.152,70.557,-5.152,0.72,0.11,-0.007,-5.983,8.6,27.16,Africa,Africa,False,False,False,False,False
Cameroon,CMR,2009,Country or economy,Clean,True,4.05,-0.22,-5.152,70.557,-5.152,0.72,0.11,-0.007,-5.983,8.6,27.16,Africa,Africa,False,False,False,False,False
Cameroon,CMR,2009,Country or economy,Fossil,True,1.69,0.32,23.358,29.443,5.152,0.09,1.169,0.198,20.391,91.392,691.716,Africa,Africa,False,False,False,False,False
Cameroon,CMR,2009,Country or economy,Total generation,True,5.74,0.1,1.773,100.0,0.0,0.8099999999999999,1.279,0.191,17.555,99.992,222.822,Africa,Africa,False,False,False,False,False
Cameroon,CMR,2009,Country or economy,Demand,True,5.74,0.1,1.773,100.0,0.0,,,,,,,Africa,Africa,False,False,False,False,False
Cameroon,CMR,2010,Country or economy,Solar,False,0.0,0.0,,0.0,0.0,0.0,0.0,0.0,,0.0,,Africa,Africa,False,False,False,False,False
Cameroon,CMR,2010,Country or economy,Wind,False,0.0,0.0,,0.0,0.0,0.0,0.0,0.0,,0.0,,Africa,Africa,False,False,False,False,False
Cameroon,CMR,2010,Country or economy,Hydro,False,4.22,0.24,6.03,72.014,2.676,0.72,0.1,0.005,5.263,8.253,23.697,Africa,Africa,False,False,False,False,False
Cameroon,CMR,2010,Country or economy,Bioenergy,False,0.06,-0.01,-14.286,1.024,-0.196,0.0,0.013,-0.002,-13.333,1.073,216.667,Africa,Africa,False,False,False,False,False
Cameroon,CMR,2010,Country or economy,Other renewables,False,0.0,0.0,,0.0,0.0,0.0,0.0,0.0,,0.0,,Africa,Africa,False,False,False,False,False
Cameroon,CMR,2010,Country or economy,Nuclear,False,0.0,0.0,,0.0,0.0,0.0,0.0,0.0,,0.0,,Africa,Africa,False,False,False,False,False
Cameroon,CMR,2010,Country or economy,Coal,False,0.0,0.0,,0.0,0.0,,0.0,0.0,,0.0,,Africa,Africa,False,False,False,False,False
Cameroon,CMR,2010,Country or economy,Gas,False,0.42,0.01,2.439,7.167,0.024,0.0,0.335,0.008,2.446,27.648,797.619,Africa,Africa,False,False,False,False,False
Cameroon,CMR,2010,Country or economy,Other fossil,False,1.16,-0.12,-9.375,19.795,-2.505,0.09,0.763,-0.079,-9.382,62.971,657.759,Africa,Africa,False,False,False,False,False
Cameroon,CMR,2010,Country or economy,Net imports,False,0.0,0.0,,0.0,0.0,,0.0,0.0,,0.0,,Africa,Africa,False,False,False,False,False
Cameroon,CMR,2010,Country or economy,Wind and solar,True,0.0,0.0,,0.0,0.0,0.0,0.0,0.0,,0.0,,Africa,Africa,False,False,False,False,False
Cameroon,CMR,2010,Country or economy,"Hydro, bioenergy and other renewables",True,4.28,0.23,5.679,73.038,2.481,0.72,0.113,0.003,2.727,9.326,26.402,Africa,Africa,False,False,False,False,False
Cameroon,CMR,2010,Country or economy,Renewables,True,4.28,0.23,5.679,73.038,2.481,0.72,0.113,0.003,2.727,9.326,26.402,Africa,Africa,False,False,False,False,False
Cameroon,CMR,2010,Country or economy,Clean,True,4.28,0.23,5.679,73.038,2.481,0.72,0.113,0.003,2.727,9.326,26.402,Africa,Africa,False,False,False,False,False
Cameroon,CMR,2010,Country or economy,Fossil,True,1.58,-0.11,-6.509,26.962,-2.481,0.09,1.098,-0.071,-6.074,90.619,694.937,Africa,Africa,False,False,False,False,False
Cameroon,CMR,2010,Country or economy,Total generation,True,5.86,0.12,2.091,100.0,0.0,0.8099999999999999,1.212,-0.067,-5.238,100.028,206.826,Africa,Africa,False,False,False,False,False
Cameroon,CMR,2010,Country or economy,Demand,True,5.86,0.12,2.091,100.0,0.0,,,,,,,Africa,Africa,False,False,False,False,False
Cameroon,CMR,2011,Country or economy,Solar,False,0.0,0.0,,0.0,0.0,0.0,0.0,0.0,,0.0,,Africa,Africa,False,False,False,False,False
Cameroon,CMR,2011,Country or economy,Wind,False,0.0,0.0,,0.0,0.0,0.0,0.0,0.0,,0.0,,Africa,Africa,False,False,False,False,False
Cameroon,CMR,2011,Country or economy,Hydro,False,4.35,0.13,3.081,73.98,1.966,0.73,0.103,0.003,3.0,9.072,23.678,Africa,Africa,False,False,False,False,False
Cameroon,CMR,2011,Country or economy,Bioenergy,False,0.06,0.0,0.0,1.02,-0.004,0.0,0.013,0.0,0.0,1.145,216.667,Africa,Africa,False,False,False,False,False
Cameroon,CMR,2011,Country or economy,Other renewables,False,0.0,0.0,,0.0,0.0,0.0,0.0,0.0,,0.0,,Africa,Africa,False,False,False,False,False
Cameroon,CMR,2011,Country or economy,Nuclear,False,0.0,0.0,,0.0,0.0,0.0,0.0,0.0,,0.0,,Africa,Africa,False,False,False,False,False
Cameroon,CMR,2011,Country or economy,Coal,False,0.0,0.0,,0.0,0.0,,0.0,0.0,,0.0,,Africa,Africa,False,False,False,False,False
Cameroon,CMR,2011,Country or economy,Gas,False,0.37,-0.05,-11.905,6.293,-0.874,0.0,0.295,-0.04,-11.94,25.983,797.297,Africa,Africa,False,False,False,False,False
Cameroon,CMR,2011,Country or economy,Other fossil,False,1.1,-0.06,-5.172,18.707,-1.088,0.09,0.724,-0.039,-5.111,63.767,658.182,Africa,Africa,False,False,False,False,False
Cameroon,CMR,2011,Country or economy,Net imports,False,0.0,0.0,,0.0,0.0,,0.0,0.0,,0.0,,Africa,Africa,False,False,False,False,False
Cameroon,CMR,2011,Country or economy,Wind and solar,True,0.0,0.0,,0.0,0.0,0.0,0.0,0.0,,0.0,,Africa,Africa,False,False,False,False,False
Cameroon,CMR,2011,Country or economy,"Hydro, bioenergy and other renewables",True,4.41,0.13,3.037,75.0,1.962,0.73,0.116,0.003,2.655,10.217,26.304,Africa,Africa,False,False,False,False,False
Cameroon,CMR,2011,Country or economy,Renewables,True,4.41,0.13,3.037,75.0,1.962,0.73,0.116,0.003,2.655,10.217,26.304,Africa,Africa,False,False,False,False,False
Cameroon,CMR,2011,Country or economy,Clean,True,4.41,0.13,3.037,75.0,1.962,0.73,0.116,0.003,2.655,10.217,26.304,Africa,Africa,False,False,False,False,False
Cameroon,CMR,2011,Country or economy,Fossil,True,1.47,-0.11,-6.962,25.0,-1.962,0.09,1.019,-0.079,-7.195,89.75,693.197,Africa,Africa,False,False,False,False,False
Cameroon,CMR,2011,Country or economy,Total generation,True,5.88,0.02,0.341,100.0,0.0,0.82,1.135,-0.077,-6.353,99.967,193.027,Africa,Africa,False,False,False,False,False
Cameroon,CMR,2011,Country or economy,Demand,True,5.88,0.02,0.341,100.0,0.0,,,,,,,Africa,Africa,False,False,False,False,False
Cameroon,CMR,2012,Country or economy,Solar,False,0.0,0.0,,0.0,0.0,0.0,0.0,0.0,,0.0,,Africa,Africa,False,False,False,False,False
Cameroon,CMR,2012,Country or economy,Wind,False,0.0,0.0,,0.0,0.0,0.0,0.0,0.0,,0.0,,Africa,Africa,False,False,False,False,False
Cameroon,CMR,2012,Country or economy,Hydro,False,4.21,-0.14,-3.218,77.532,3.552,0.73,0.1,-0.003,-2.913,10.907,23.753,Africa,Africa,False,False,False,False,False
Cameroon,CMR,2012,Country or economy,Bioenergy,False,0.06,0.0,0.0,1.105,0.085,0.0,0.013,0.0,0.0,1.418,216.667,Africa,Africa,False,False,False,False,False
Cameroon,CMR,2012,Country or economy,Other renewables,False,0.0,0.0,,0.0,0.0,0.0,0.0,0.0,,0.0,,Africa,Africa,False,False,False,False,False
Cameroon,CMR,2012,Country or economy,Nuclear,False,0.0,0.0,,0.0,0.0,0.0,0.0,0.0,,0.0,,Africa,Africa,False,False,False,False,False
Cameroon,CMR,2012,Country or economy,Coal,False,0.0,0.0,,0.0,0.0,,0.0,0.0,,0.0,,Africa,Africa,False,False,False,False,False
Cameroon,CMR,2012,Country or economy,Gas,False,0.29,-0.08,-21.622,5.341,-0.952,0.0,0.231,-0.064,-21.695,25.194,796.552,Africa,Africa,False,False,False,False,False
Cameroon,CMR,2012,Country or economy,Other fossil,False,0.87,-0.23,-20.909,16.022,-2.685,0.09,0.572,-0.152,-20.994,62.386,657.471,Africa,Africa,False,False,False,False,False
Cameroon,CMR,2012,Country or economy,Net imports,False,1.12,1.12,,20.626,20.626,,0.0,0.0,,0.0,0.0,Africa,Africa,False,False,False,False,False
Cameroon,CMR,2012,Country or economy,Wind and solar,True,0.0,0.0,,0.0,0.0,0.0,0.0,0.0,,0.0,,Africa,Africa,False,False,False,False,False
Cameroon,CMR,2012,Country or economy,"Hydro, bioenergy and other renewables",True,4.27,-0.14,-3.175,78.637,3.637,0.73,0.113,-0.003,-2.586,12.325,26.464,Africa,Africa,False,False,False,False,False
Cameroon,CMR,2012,Country or economy,Renewables,True,4.27,-0.14,-3.175,78.637,3.637,0.73,0.113,-0.003,-2.586,12.325,26.464,Africa,Africa,False,False,False,False,False
Cameroon,CMR,2012,Country or economy,Clean,True,4.27,-0.14,-3.175,78.637,3.637,0.73,0.113,-0.003,-2.586,12.325,26.464,Africa,Africa,False,False,False,False,False
Cameroon,CMR,2012,Country or economy,Fossil,True,1.16,-0.31,-21.088,21.363,-3.637,0.09,0.804,-0.215,-21.099,87.689,693.103,Africa,Africa,False,False,False,False,False
Cameroon,CMR,2012,Country or economy,Total generation,True,5.43,-0.45,-7.653,100.0,0.0,0.82,0.917,-0.218,-19.207,100.014,168.877,Africa,Africa,False,False,False,False,False
Cameroon,CMR,2012,Country or economy,Demand,True,6.55,0.67,11.395,120.626,20.626,,,,,,,Africa,Africa,False,False,False,False,False
Cameroon,CMR,2013,Country or economy,Solar,False,0.0,0.0,,0.0,0.0,0.0,0.0,0.0,,0.0,,Africa,Africa,False,False,False,False,False
Cameroon,CMR,2013,Country or economy,Wind,False,0.0,0.0,,0.0,0.0,0.0,0.0,0.0,,0.0,,Africa,Africa,False,False,False,False,False
Cameroon,CMR,2013,Country or economy,Hydro,False,4.33,0.12,2.85,68.297,-9.235,0.73,0.103,0.003,3.0,6.762,23.788,Africa,Africa,False,False,False,False,False
Cameroon,CMR,2013,Country or economy,Bioenergy,False,0.07,0.01,16.667,1.104,-0.001,0.0,0.015,0.002,15.385,0.985,214.286,Africa,Africa,False,False,False,False,False
Cameroon,CMR,2013,Country or economy,Other renewables,False,0.0,0.0,,0.0,0.0,0.0,0.0,0.0,,0.0,,Africa,Africa,False,False,False,False,False
Cameroon,CMR,2013,Country or economy,Nuclear,False,0.0,0.0,,0.0,0.0,0.0,0.0,0.0,,0.0,,Africa,Africa,False,False,False,False,False
Cameroon,CMR,2013,Country or economy,Coal,False,0.0,0.0,,0.0,0.0,,0.0,0.0,,0.0,,Africa,Africa,False,False,False,False,False
Cameroon,CMR,2013,Country or economy,Gas,False,0.92,0.63,217.241,14.511,9.17,0.22,0.734,0.503,217.749,48.185,797.826,Africa,Africa,False,False,False,False,False
Cameroon,CMR,2013,Country or economy,Other fossil,False,1.02,0.15,17.241,16.088,0.066,0.09,0.671,0.099,17.308,44.049,657.843,Africa,Africa,False,False,False,False,False
Cameroon,CMR,2013,Country or economy,Net imports,False,0.74,-0.38,-33.929,11.672,-8.954,,0.0,0.0,,0.0,0.0,Africa,Africa,False,False,False,False,False
Cameroon,CMR,2013,Country or economy,Wind and solar,True,0.0,0.0,,0.0,0.0,0.0,0.0,0.0,,0.0,,Africa,Africa,False,False,False,False,False
Cameroon,CMR,2013,Country or economy,"Hydro, bioenergy and other renewables",True,4.4,0.13,3.044,69.401,-9.236,0.73,0.118,0.005,4.425,7.746,26.818,Africa,Africa,False,False,False,False,False
Cameroon,CMR,2013,Country or economy,Renewables,True,4.4,0.13,3.044,69.401,-9.236,0.73,0.118,0.005,4.425,7.746,26.818,Africa,Africa,False,False,False,False,False
Cameroon,CMR,2013,Country or economy,Clean,True,4.4,0.13,3.044,69.401,-9.236,0.73,0.118,0.005,4.425,7.746,26.818,Africa,Africa,False,False,False,False,False
Cameroon,CMR,2013,Country or economy,Fossil,True,1.94,0.78,67.241,30.599,9.236,0.31,1.405,0.601,74.751,92.234,724.227,Africa,Africa,False,False,False,False,False
Cameroon,CMR,2013,Country or economy,Total generation,True,6.34,0.91,16.759,100.0,0.0,1.04,1.523,0.606,66.085,99.98,240.221,Africa,Africa,False,False,False,False,False
Cameroon,CMR,2013,Country or economy,Demand,True,7.08,0.53,8.092,111.672,-8.954,,,,,,,Africa,Africa,False,False,False,False,False
Cameroon,CMR,2014,Country or economy,Solar,False,0.01,0.01,,0.145,0.145,0.0,0.0,0.0,,0.0,0.0,Africa,Africa,False,False,False,False,False
Cameroon,CMR,2014,Country or economy,Wind,False,0.0,0.0,,0.0,0.0,0.0,0.0,0.0,,0.0,,Africa,Africa,False,False,False,False,False
Cameroon,CMR,2014,Country or economy,Hydro,False,4.33,0.0,0.0,62.845,-5.452,0.73,0.103,0.0,0.0,5.315,23.788,Africa,Africa,False,False,False,False,False
Cameroon,CMR,2014,Country or economy,Bioenergy,False,0.07,0.0,0.0,1.016,-0.088,0.0,0.015,0.0,0.0,0.774,214.286,Africa,Africa,False,False,False,False,False
Cameroon,CMR,2014,Country or economy,Other renewables,False,0.0,0.0,,0.0,0.0,0.0,0.0,0.0,,0.0,,Africa,Africa,False,False,False,False,False
Cameroon,CMR,2014,Country or economy,Nuclear,False,0.0,0.0,,0.0,0.0,0.0,0.0,0.0,,0.0,,Africa,Africa,False,False,False,False,False
Cameroon,CMR,2014,Country or economy,Coal,False,0.0,0.0,,0.0,0.0,,0.0,0.0,,0.0,,Africa,Africa,False,False,False,False,False
Cameroon,CMR,2014,Country or economy,Gas,False,1.34,0.42,45.652,19.448,4.937,0.22,1.069,0.335,45.64,55.163,797.761,Africa,Africa,False,False,False,False,False
Cameroon,CMR,2014,Country or economy,Other fossil,False,1.14,0.12,11.765,16.546,0.458,0.09,0.75,0.079,11.773,38.702,657.895,Africa,Africa,False,False,False,False,False
Cameroon,CMR,2014,Country or economy,Net imports,False,0.71,-0.03,-4.054,10.305,-1.367,,0.0,0.0,,0.0,0.0,Africa,Africa,False,False,False,False,False
Cameroon,CMR,2014,Country or economy,Wind and solar,True,0.01,0.01,,0.145,0.145,0.0,0.0,0.0,,0.0,0.0,Africa,Africa,False,False,False,False,False
Cameroon,CMR,2014,Country or economy,"Hydro, bioenergy and other renewables",True,4.4,0.0,0.0,63.861,-5.54,0.73,0.118,0.0,0.0,6.089,26.818,Africa,Africa,False,False,False,False,False
Cameroon,CMR,2014,Country or economy,Renewables,True,4.41,0.01,0.227,64.006,-5.395,0.73,0.118,0.0,0.0,6.089,26.757,Africa,Africa,False,False,False,False,False
Cameroon,CMR,2014,Country or economy,Clean,True,4.41,0.01,0.227,64.006,-5.395,0.73,0.118,0.0,0.0,6.089,26.757,Africa,Africa,False,False,False,False,False
Cameroon,CMR,2014,Country or economy,Fossil,True,2.48,0.54,27.835,35.994,5.395,0.31,1.819,0.414,29.466,93.865,733.468,Africa,Africa,False,False,False,False,False
Cameroon,CMR,2014,Country or economy,Total generation,True,6.89,0.55,8.675,100.0,0.0,1.04,1.938,0.415,27.249,100.006,281.277,Africa,Africa,False,False,False,False,False
Cameroon,CMR,2014,Country or economy,Demand,True,7.6,0.52,7.345,110.305,-1.367,,,,,,,Africa,Africa,False,False,False,False,False
Cameroon,CMR,2015,Country or economy,Solar,False,0.01,0.0,0.0,0.126,-0.019,0.0,0.0,0.0,,0.0,0.0,Africa,Africa,False,False,False,False,False
Cameroon,CMR,2015,Country or economy,Wind,False,0.0,0.0,,0.0,0.0,0.0,0.0,0.0,,0.0,,Africa,Africa,False,False,False,False,False
Cameroon,CMR,2015,Country or economy,Hydro,False,4.32,-0.01,-0.231,54.271,-8.574,0.73,0.103,0.0,0.0,3.84,23.843,Africa,Africa,False,False,False,False,False
Cameroon,CMR,2015,Country or economy,Bioenergy,False,0.04,-0.03,-42.857,0.503,-0.513,0.0,0.009,-0.006,-40.0,0.336,225.0,Africa,Africa,False,False,False,False,False
Cameroon,CMR,2015,Country or economy,Other renewables,False,0.0,0.0,,0.0,0.0,0.0,0.0,0.0,,0.0,,Africa,Africa,False,False,False,False,False
Cameroon,CMR,2015,Country or economy,Nuclear,False,0.0,0.0,,0.0,0.0,0.0,0.0,0.0,,0.0,,Africa,Africa,False,False,False,False,False
Cameroon,CMR,2015,Country or economy,Coal,False,0.0,0.0,,0.0,0.0,,0.0,0.0,,0.0,,Africa,Africa,False,False,False,False,False
Cameroon,CMR,2015,Country or economy,Gas,False,1.49,0.15,11.194,18.719,-0.729,0.22,1.189,0.12,11.225,44.324,797.987,Africa,Africa,False,False,False,False,False
Cameroon,CMR,2015,Country or economy,Other fossil,False,2.1,0.96,84.211,26.382,9.836,0.15,1.382,0.632,84.267,51.518,658.095,Africa,Africa,False,False,False,False,False
Cameroon,CMR,2015,Country or economy,Net imports,False,0.02,-0.69,-97.183,0.251,-10.054,,0.0,0.0,,0.0,0.0,Africa,Africa,False,False,False,False,False
Cameroon,CMR,2015,Country or economy,Wind and solar,True,0.01,0.0,0.0,0.126,-0.019,0.0,0.0,0.0,,0.0,0.0,Africa,Africa,False,False,False,False,False
Cameroon,CMR,2015,Country or economy,"Hydro, bioenergy and other renewables",True,4.36,-0.04,-0.909,54.774,-9.087,0.73,0.111,-0.007,-5.932,4.138,25.459,Africa,Africa,False,False,False,False,False
Cameroon,CMR,2015,Country or economy,Renewables,True,4.37,-0.04,-0.907,54.899,-9.107,0.73,0.112,-0.006,-5.085,4.175,25.629,Africa,Africa,False,False,False,False,False
Cameroon,CMR,2015,Country or economy,Clean,True,4.37,-0.04,-0.907,54.899,-9.107,0.73,0.112,-0.006,-5.085,4.175,25.629,Africa,Africa,False,False,False,False,False
Cameroon,CMR,2015,Country or economy,Fossil,True,3.59,1.11,44.758,45.101,9.107,0.37,2.571,0.752,41.341,95.842,716.156,Africa,Africa,False,False,False,False,False
Cameroon,CMR,2015,Country or economy,Total generation,True,7.96,1.07,15.53,100.0,0.0,1.1,2.683,0.745,38.442,100.017,337.06,Africa,Africa,False,False,False,False,False
Cameroon,CMR,2015,Country or economy,Demand,True,7.98,0.38,5.0,100.251,-10.054,,,,,,,Africa,Africa,False,False,False,False,False
Cameroon,CMR,2016,Country or economy,Solar,False,0.01,0.0,0.0,0.141,0.015,0.0,0.0,0.0,,0.0,0.0,Africa,Africa,False,False,False,False,False
Cameroon,CMR,2016,Country or economy,Wind,False,0.0,0.0,,0.0,0.0,0.0,0.0,0.0,,0.0,,Africa,Africa,False,False,False,False,False
Cameroon,CMR,2016,Country or economy,Hydro,False,4.33,0.01,0.231,60.9,6.629,0.73,0.103,0.0,0.0,4.834,23.788,Africa,Africa,False,False,False,False,False
Cameroon,CMR,2016,Country or economy,Bioenergy,False,0.04,0.0,0.0,0.563,0.06,0.0,0.009,0.0,0.0,0.422,225.0,Africa,Africa,False,False,False,False,False
Cameroon,CMR,2016,Country or economy,Other renewables,False,0.0,0.0,,0.0,0.0,0.0,0.0,0.0,,0.0,,Africa,Africa,False,False,False,False,False
Cameroon,CMR,2016,Country or economy,Nuclear,False,0.0,0.0,,0.0,0.0,0.0,0.0,0.0,,0.0,,Africa,Africa,False,False,False,False,False
Cameroon,CMR,2016,Country or economy,Coal,False,0.0,0.0,,0.0,0.0,,0.0,0.0,,0.0,,Africa,Africa,False,False,False,False,False
Cameroon,CMR,2016,Country or economy,Gas,False,1.59,0.1,6.711,22.363,3.644,0.22,1.269,0.08,6.728,59.553,798.113,Africa,Africa,False,False,False,False,False
Cameroon,CMR,2016,Country or economy,Other fossil,False,1.14,-0.96,-45.714,16.034,-10.348,0.15,0.75,-0.632,-45.731,35.197,657.895,Africa,Africa,False,False,False,False,False
Cameroon,CMR,2016,Country or economy,Net imports,False,0.05,0.03,150.0,0.703,0.452,,0.0,0.0,,0.0,0.0,Africa,Africa,False,False,False,False,False
Cameroon,CMR,2016,Country or economy,Wind and solar,True,0.01,0.0,0.0,0.141,0.015,0.0,0.0,0.0,,0.0,0.0,Africa,Africa,False,False,False,False,False
Cameroon,CMR,2016,Country or economy,"Hydro, bioenergy and other renewables",True,4.37,0.01,0.229,61.463,6.689,0.73,0.112,0.001,0.901,5.256,25.629,Africa,Africa,False,False,False,False,False
Cameroon,CMR,2016,Country or economy,Renewables,True,4.38,0.01,0.229,61.603,6.704,0.73,0.112,0.0,0.0,5.256,25.571,Africa,Africa,False,False,False,False,False
Cameroon,CMR,2016,Country or economy,Clean,True,4.38,0.01,0.229,61.603,6.704,0.73,0.112,0.0,0.0,5.256,25.571,Africa,Africa,False,False,False,False,False
Cameroon,CMR,2016,Country or economy,Fossil,True,2.73,-0.86,-23.955,38.397,-6.704,0.37,2.019,-0.552,-21.47,94.749,739.56,Africa,Africa,False,False,False,False,False
Cameroon,CMR,2016,Country or economy,Total generation,True,7.11,-0.85,-10.678,100.0,0.0,1.1,2.131,-0.552,-20.574,100.005,299.719,Africa,Africa,False,False,False,False,False
Cameroon,CMR,2016,Country or economy,Demand,True,7.16,-0.82,-10.276,100.703,0.452,,,,,,,Africa,Africa,False,False,False,False,False
Cameroon,CMR,2017,Country or economy,Solar,False,0.02,0.01,100.0,0.248,0.107,0.02,0.001,0.001,,0.043,50.0,Africa,Africa,False,False,False,False,False
Cameroon,CMR,2017,Country or economy,Wind,False,0.0,0.0,,0.0,0.0,0.0,0.0,0.0,,0.0,,Africa,Africa,False,False,False,False,False
Cameroon,CMR,2017,Country or economy,Hydro,False,5.04,0.71,16.397,62.609,1.709,0.73,0.12,0.017,16.505,5.176,23.81,Africa,Africa,False,False,False,False,False
Cameroon,CMR,2017,Country or economy,Bioenergy,False,0.04,0.0,0.0,0.497,-0.066,0.0,0.009,0.0,0.0,0.388,225.0,Africa,Africa,False,False,False,False,False
Cameroon,CMR,2017,Country or economy,Other renewables,False,0.0,0.0,,0.0,0.0,0.0,0.0,0.0,,0.0,,Africa,Africa,False,False,False,False,False
Cameroon,CMR,2017,Country or economy,Nuclear,False,0.0,0.0,,0.0,0.0,0.0,0.0,0.0,,0.0,,Africa,Africa,False,False,False,False,False
Cameroon,CMR,2017,Country or economy,Coal,False,0.0,0.0,,0.0,0.0,,0.0,0.0,,0.0,,Africa,Africa,False,False,False,False,False
Cameroon,CMR,2017,Country or economy,Gas,False,1.77,0.18,11.321,21.988,-0.375,0.22,1.412,0.143,11.269,60.91,797.74,Africa,Africa,False,False,False,False,False
Cameroon,CMR,2017,Country or economy,Other fossil,False,1.18,0.04,3.509,14.658,-1.376,0.15,0.776,0.026,3.467,33.474,657.627,Africa,Africa,False,False,False,False,False
Cameroon,CMR,2017,Country or economy,Net imports,False,0.06,0.01,20.0,0.745,0.042,,0.0,0.0,,0.0,0.0,Africa,Africa,False,False,False,False,False
Cameroon,CMR,2017,Country or economy,Wind and solar,True,0.02,0.01,100.0,0.248,0.107,0.02,0.001,0.001,,0.043,50.0,Africa,Africa,False,False,False,False,False
Cameroon,CMR,2017,Country or economy,"Hydro, bioenergy and other renewables",True,5.08,0.71,16.247,63.106,1.643,0.73,0.128,0.016,14.286,5.522,25.197,Africa,Africa,False,False,False,False,False
Cameroon,CMR,2017,Country or economy,Renewables,True,5.1,0.72,16.438,63.354,1.751,0.75,0.129,0.017,15.179,5.565,25.294,Africa,Africa,False,False,False,False,False
Cameroon,CMR,2017,Country or economy,Clean,True,5.1,0.72,16.438,63.354,1.751,0.75,0.129,0.017,15.179,5.565,25.294,Africa,Africa,False,False,False,False,False
Cameroon,CMR,2017,Country or economy,Fossil,True,2.95,0.22,8.059,36.646,-1.751,0.37,2.189,0.17,8.42,94.427,742.034,Africa,Africa,False,False,False,False,False
Cameroon,CMR,2017,Country or economy,Total generation,True,8.05,0.94,13.221,100.0,0.0,1.12,2.318,0.187,8.775,99.992,287.95,Africa,Africa,False,False,False,False,False
Cameroon,CMR,2017,Country or economy,Demand,True,8.11,0.95,13.268,100.745,0.042,,,,,,,Africa,Africa,False,False,False,False,False
Cameroon,CMR,2018,Country or economy,Solar,False,0.02,0.0,0.0,0.234,-0.014,0.03,0.001,0.0,0.0,0.036,50.0,Africa,Africa,False,False,False,False,False
Cameroon,CMR,2018,Country or economy,Wind,False,0.0,0.0,,0.0,0.0,0.0,0.0,0.0,,0.0,,Africa,Africa,False,False,False,False,False
Cameroon,CMR,2018,Country or economy,Hydro,False,4.97,-0.07,-1.389,58.197,-4.412,0.73,0.118,-0.002,-1.667,4.277,23.742,Africa,Africa,False,False,False,False,False
Cameroon,CMR,2018,Country or economy,Bioenergy,False,0.04,0.0,0.0,0.468,-0.029,0.0,0.009,0.0,0.0,0.326,225.0,Africa,Africa,False,False,False,False,False
Cameroon,CMR,2018,Country or economy,Other renewables,False,0.0,0.0,,0.0,0.0,0.0,0.0,0.0,,0.0,,Africa,Africa,False,False,False,False,False
Cameroon,CMR,2018,Country or economy,Nuclear,False,0.0,0.0,,0.0,0.0,0.0,0.0,0.0,,0.0,,Africa,Africa,False,False,False,False,False
Cameroon,CMR,2018,Country or economy,Coal,False,0.0,0.0,,0.0,0.0,,0.0,0.0,,0.0,,Africa,Africa,False,False,False,False,False
Cameroon,CMR,2018,Country or economy,Gas,False,2.3,0.53,29.944,26.932,4.944,0.22,1.835,0.423,29.958,66.505,797.826,Africa,Africa,False,False,False,False,False
Cameroon,CMR,2018,Country or economy,Other fossil,False,1.21,0.03,2.542,14.169,-0.489,0.15,0.796,0.02,2.577,28.849,657.851,Africa,Africa,False,False,False,False,False
Cameroon,CMR,2018,Country or economy,Net imports,False,0.05,-0.01,-16.667,0.585,-0.16,,0.0,0.0,,0.0,0.0,Africa,Africa,False,False,False,False,False
Cameroon,CMR,2018,Country or economy,Wind and solar,True,0.02,0.0,0.0,0.234,-0.014,0.03,0.001,0.0,0.0,0.036,50.0,Africa,Africa,False,False,False,False,False
Cameroon,CMR,2018,Country or economy,"Hydro, bioenergy and other renewables",True,5.01,-0.07,-1.378,58.665,-4.441,0.73,0.127,-0.001,-0.781,4.603,25.349,Africa,Africa,False,False,False,False,False
Cameroon,CMR,2018,Country or economy,Renewables,True,5.03,-0.07,-1.373,58.899,-4.455,0.76,0.128,-0.001,-0.775,4.639,25.447,Africa,Africa,False,False,False,False,False
Cameroon,CMR,2018,Country or economy,Clean,True,5.03,-0.07,-1.373,58.899,-4.455,0.76,0.128,-0.001,-0.775,4.639,25.447,Africa,Africa,False,False,False,False,False
Cameroon,CMR,2018,Country or economy,Fossil,True,3.51,0.56,18.983,41.101,4.455,0.37,2.632,0.443,20.238,95.39,749.858,Africa,Africa,False,False,False,False,False
Cameroon,CMR,2018,Country or economy,Total generation,True,8.54,0.49,6.087,100.0,0.0,1.13,2.759,0.441,19.025,99.993,323.068,Africa,Africa,False,False,False,False,False
Cameroon,CMR,2018,Country or economy,Demand,True,8.59,0.48,5.919,100.585,-0.16,,,,,,,Africa,Africa,False,False,False,False,False
Cameroon,CMR,2019,Country or economy,Solar,False,0.02,0.0,0.0,0.242,0.008,0.03,0.001,0.0,0.0,0.039,50.0,Africa,Africa,False,False,False,False,False
Cameroon,CMR,2019,Country or economy,Wind,False,0.0,0.0,,0.0,0.0,0.0,0.0,0.0,,0.0,,Africa,Africa,False,False,False,False,False
Cameroon,CMR,2019,Country or economy,Hydro,False,5.03,0.06,1.207,60.749,2.552,0.81,0.12,0.002,1.695,4.74,23.857,Africa,Africa,False,False,False,False,False
Cameroon,CMR,2019,Country or economy,Bioenergy,False,0.04,0.0,0.0,0.483,0.015,0.0,0.009,0.0,0.0,0.355,225.0,Africa,Africa,False,False,False,False,False
Cameroon,CMR,2019,Country or economy,Other renewables,False,0.0,0.0,,0.0,0.0,0.0,0.0,0.0,,0.0,,Africa,Africa,False,False,False,False,False
Cameroon,CMR,2019,Country or economy,Nuclear,False,0.0,0.0,,0.0,0.0,0.0,0.0,0.0,,0.0,,Africa,Africa,False,False,False,False,False
Cameroon,CMR,2019,Country or economy,Coal,False,0.0,0.0,,0.0,0.0,,0.0,0.0,,0.0,,Africa,Africa,False,False,False,False,False
Cameroon,CMR,2019,Country or economy,Gas,False,2.17,-0.13,-5.652,26.208,-0.724,0.22,1.732,-0.103,-5.613,68.408,798.157,Africa,Africa,False,False,False,False,False
Cameroon,CMR,2019,Country or economy,Other fossil,False,1.02,-0.19,-15.702,12.319,-1.85,0.15,0.671,-0.125,-15.704,26.502,657.843,Africa,Africa,False,False,False,False,False
Cameroon,CMR,2019,Country or economy,Net imports,False,0.05,0.0,0.0,0.604,0.019,,0.0,0.0,,0.0,0.0,Africa,Africa,False,False,False,False,False
Cameroon,CMR,2019,Country or economy,Wind and solar,True,0.02,0.0,0.0,0.242,0.008,0.03,0.001,0.0,0.0,0.039,50.0,Africa,Africa,False,False,False,False,False
Cameroon,CMR,2019,Country or economy,"Hydro, bioenergy and other renewables",True,5.07,0.06,1.198,61.232,2.567,0.81,0.128,0.001,0.787,5.056,25.247,Africa,Africa,False,False,False,False,False
Cameroon,CMR,2019,Country or economy,Renewables,True,5.09,0.06,1.193,61.473,2.574,0.8400000000000001,0.129,0.001,0.781,5.095,25.344,Africa,Africa,False,False,False,False,False
Cameroon,CMR,2019,Country or economy,Clean,True,5.09,0.06,1.193,61.473,2.574,0.8400000000000001,0.129,0.001,0.781,5.095,25.344,Africa,Africa,False,False,False,False,False
Cameroon,CMR,2019,Country or economy,Fossil,True,3.19,-0.32,-9.117,38.527,-2.574,0.37,2.403,-0.229,-8.701,94.911,753.292,Africa,Africa,False,False,False,False,False
Cameroon,CMR,2019,Country or economy,Total generation,True,8.28,-0.26,-3.044,100.0,0.0,1.21,2.532,-0.227,-8.228,100.006,305.797,Africa,Africa,False,False,False,False,False
Cameroon,CMR,2019,Country or economy,Demand,True,8.33,-0.26,-3.027,100.604,0.019,,,,,,,Africa,Africa,False,False,False,False,False
Cameroon,CMR,2020,Country or economy,Solar,False,0.02,0.0,0.0,0.227,-0.015,0.04,0.001,0.0,0.0,0.035,50.0,Africa,Africa,False,False,False,False,False
Cameroon,CMR,2020,Country or economy,Wind,False,0.0,0.0,,0.0,0.0,0.0,0.0,0.0,,0.0,,Africa,Africa,False,False,False,False,False
Cameroon,CMR,2020,Country or economy,Hydro,False,5.23,0.2,3.976,59.432,-1.317,0.81,0.124,0.004,3.333,4.399,23.709,Africa,Africa,False,False,False,False,False
Cameroon,CMR,2020,Country or economy,Bioenergy,False,0.04,0.0,0.0,0.455,-0.028,0.0,0.009,0.0,0.0,0.319,225.0,Africa,Africa,False,False,False,False,False
Cameroon,CMR,2020,Country or economy,Other renewables,False,0.0,0.0,,0.0,0.0,0.0,0.0,0.0,,0.0,,Africa,Africa,False,False,False,False,False
Cameroon,CMR,2020,Country or economy,Nuclear,False,0.0,0.0,,0.0,0.0,0.0,0.0,0.0,,0.0,,Africa,Africa,False,False,False,False,False
Cameroon,CMR,2020,Country or economy,Coal,False,0.0,0.0,,0.0,0.0,,0.0,0.0,,0.0,,Africa,Africa,False,False,False,False,False
Cameroon,CMR,2020,Country or economy,Gas,False,2.68,0.51,23.502,30.455,4.247,0.22,2.139,0.407,23.499,75.89,798.134,Africa,Africa,False,False,False,False,False
Cameroon,CMR,2020,Country or economy,Other fossil,False,0.83,-0.19,-18.627,9.432,-2.887,0.15,0.546,-0.125,-18.629,19.372,657.831,Africa,Africa,False,False,False,False,False
Cameroon,CMR,2020,Country or economy,Net imports,False,0.06,0.01,20.0,0.682,0.078,,0.0,0.0,,0.0,0.0,Africa,Africa,False,False,False,False,False
Cameroon,CMR,2020,Country or economy,Wind and solar,True,0.02,0.0,0.0,0.227,-0.015,0.04,0.001,0.0,0.0,0.035,50.0,Africa,Africa,False,False,False,False,False
Cameroon,CMR,2020,Country or economy,"Hydro, bioenergy and other renewables",True,5.27,0.2,3.945,59.886,-1.346,0.81,0.133,0.005,3.906,4.719,25.237,Africa,Africa,False,False,False,False,False
Cameroon,CMR,2020,Country or economy,Renewables,True,5.29,0.2,3.929,60.114,-1.359,0.8500000000000001,0.134,0.005,3.876,4.754,25.331,Africa,Africa,False,False,False,False,False
Cameroon,CMR,2020,Country or economy,Clean,True,5.29,0.2,3.929,60.114,-1.359,0.8500000000000001,0.134,0.005,3.876,4.754,25.331,Africa,Africa,False,False,False,False,False
Cameroon,CMR,2020,Country or economy,Fossil,True,3.51,0.32,10.031,39.886,1.359,0.37,2.685,0.282,11.735,95.262,764.957,Africa,Africa,False,False,False,False,False
Cameroon,CMR,2020,Country or economy,Total generation,True,8.8,0.52,6.28,100.0,0.0,1.22,2.819,0.287,11.335,100.016,320.341,Africa,Africa,False,False,False,False,False
Cameroon,CMR,2020,Country or economy,Demand,True,8.86,0.53,6.363,100.682,0.078,,,,,,,Africa,Africa,False,False,False,False,False
Cameroon,CMR,2021,Country or economy,Solar,False,0.02,0.0,0.0,0.238,0.011,0.05,0.001,0.0,0.0,0.04,50.0,Africa,Africa,False,False,False,False,False
Cameroon,CMR,2021,Country or economy,Wind,False,0.0,0.0,,0.0,0.0,0.0,0.0,0.0,,0.0,,Africa,Africa,False,False,False,False,False
Cameroon,CMR,2021,Country or economy,Hydro,False,5.23,0.0,0.0,62.188,2.756,0.81,0.124,0.0,0.0,4.945,23.709,Africa,Africa,False,False,False,False,False
Cameroon,CMR,2021,Country or economy,Bioenergy,False,0.04,0.0,0.0,0.476,0.021,0.0,0.009,0.0,0.0,0.359,225.0,Africa,Africa,False,False,False,False,False
Cameroon,CMR,2021,Country or economy,Other renewables,False,0.0,0.0,,0.0,0.0,0.0,0.0,0.0,,0.0,,Africa,Africa,False,False,False,False,False
Cameroon,CMR,2021,Country or economy,Nuclear,False,0.0,0.0,,0.0,0.0,0.0,0.0,0.0,,0.0,,Africa,Africa,False,False,False,False,False
Cameroon,CMR,2021,Country or economy,Coal,False,0.0,0.0,,0.0,0.0,,0.0,0.0,,0.0,,Africa,Africa,False,False,False,False,False
Cameroon,CMR,2021,Country or economy,Gas,False,2.29,-0.39,-14.552,27.229,-3.226,0.22,1.827,-0.312,-14.586,72.866,797.817,Africa,Africa,False,False,False,False,False
Cameroon,CMR,2021,Country or economy,Other fossil,False,0.83,0.0,0.0,9.869,0.437,0.15,0.546,0.0,0.0,21.776,657.831,Africa,Africa,False,False,False,False,False
Cameroon,CMR,2021,Country or economy,Net imports,False,0.0,-0.06,-100.0,0.0,-0.682,,0.0,0.0,,0.0,,Africa,Africa,False,False,False,False,False
Cameroon,CMR,2021,Country or economy,Wind and solar,True,0.02,0.0,0.0,0.238,0.011,0.05,0.001,0.0,0.0,0.04,50.0,Africa,Africa,False,False,False,False,False
Cameroon,CMR,2021,Country or economy,"Hydro, bioenergy and other renewables",True,5.27,0.0,0.0,62.663,2.777,0.81,0.133,0.0,0.0,5.304,25.237,Africa,Africa,False,False,False,False,False
Cameroon,CMR,2021,Country or economy,Renewables,True,5.29,0.0,0.0,62.901,2.787,0.8600000000000001,0.134,0.0,0.0,5.344,25.331,Africa,Africa,False,False,False,False,False
Cameroon,CMR,2021,Country or economy,Clean,True,5.29,0.0,0.0,62.901,2.787,0.8600000000000001,0.134,0.0,0.0,5.344,25.331,Africa,Africa,False,False,False,False,False
Cameroon,CMR,2021,Country or economy,Fossil,True,3.12,-0.39,-11.111,37.099,-2.787,0.37,2.373,-0.312,-11.62,94.642,760.577,Africa,Africa,False,False,False,False,False
Cameroon,CMR,2021,Country or economy,Total generation,True,8.41,-0.39,-4.432,100.0,0.0,1.23,2.507,-0.312,-11.068,99.986,298.098,Africa,Africa,False,False,False,False,False
Cameroon,CMR,2021,Country or economy,Demand,True,8.41,-0.45,-5.079,100.0,-0.682,,,,,,,Africa,Africa,False,False,False,False,False
Cameroon,CMR,2022,Country or economy,Solar,False,0.02,0.0,0.0,0.245,0.007,0.05,0.001,0.0,0.0,0.044,50.0,Africa,Africa,False,False,False,False,False
Cameroon,CMR,2022,Country or economy,Wind,False,0.0,0.0,,0.0,0.0,0.0,0.0,0.0,,0.0,,Africa,Africa,False,False,False,False,False
Cameroon,CMR,2022,Country or economy,Hydro,False,5.23,0.0,0.0,64.172,1.984,0.81,0.124,0.0,0.0,5.405,23.709,Africa,Africa,False,False,False,False,False
Cameroon,CMR,2022,Country or economy,Bioenergy,False,0.04,0.0,0.0,0.491,0.015,0.0,0.009,0.0,0.0,0.392,225.0,Africa,Africa,False,False,False,False,False
Cameroon,CMR,2022,Country or economy,Other renewables,False,0.0,0.0,,0.0,0.0,0.0,0.0,0.0,,0.0,,Africa,Africa,False,False,False,False,False
Cameroon,CMR,2022,Country or economy,Nuclear,False,0.0,0.0,,0.0,0.0,0.0,0.0,0.0,,0.0,,Africa,Africa,False,False,False,False,False
Cameroon,CMR,2022,Country or economy,Coal,False,0.0,0.0,,0.0,0.0,,0.0,0.0,,0.0,,Africa,Africa,False,False,False,False,False
Cameroon,CMR,2022,Country or economy,Gas,False,1.99,-0.3,-13.1,24.417,-2.812,0.22,1.588,-0.239,-13.082,69.216,797.99,Africa,Africa,False,False,False,False,False
Cameroon,CMR,2022,Country or economy,Other fossil,False,0.87,0.04,4.819,10.675,0.806,0.15,0.572,0.026,4.762,24.932,657.471,Africa,Africa,False,False,False,False,False
Cameroon,CMR,2022,Country or economy,Net imports,False,0.0,0.0,,0.0,0.0,,0.0,0.0,,0.0,,Africa,Africa,False,False,False,False,False
Cameroon,CMR,2022,Country or economy,Wind and solar,True,0.02,0.0,0.0,0.245,0.007,0.05,0.001,0.0,0.0,0.044,50.0,Africa,Africa,False,False,False,False,False
Cameroon,CMR,2022,Country or economy,"Hydro, bioenergy and other renewables",True,5.27,0.0,0.0,64.663,2.0,0.81,0.133,0.0,0.0,5.797,25.237,Africa,Africa,False,False,False,False,False
Cameroon,CMR,2022,Country or economy,Renewables,True,5.29,0.0,0.0,64.908,2.007,0.8600000000000001,0.134,0.0,0.0,5.841,25.331,Africa,Africa,False,False,False,False,False
Cameroon,CMR,2022,Country or economy,Clean,True,5.29,0.0,0.0,64.908,2.007,0.8600000000000001,0.134,0.0,0.0,5.841,25.331,Africa,Africa,False,False,False,False,False
Cameroon,CMR,2022,Country or economy,Fossil,True,2.86,-0.26,-8.333,35.092,-2.007,0.37,2.16,-0.213,-8.976,94.147,755.245,Africa,Africa,False,False,False,False,False
Cameroon,CMR,2022,Country or economy,Total generation,True,8.15,-0.26,-3.092,100.0,0.0,1.23,2.294,-0.213,-8.496,99.988,281.472,Africa,Africa,False,False,False,False,False
Cameroon,CMR,2022,Country or economy,Demand,True,8.15,-0.26,-3.092,100.0,0.0,,,,,,,Africa,Africa,False,False,False,False,False
Cameroon,CMR,2023,Country or economy,Solar,False,0.02,0.0,0.0,0.277,0.032,0.09,0.001,0.0,0.0,0.061,50.0,Africa,Africa,False,False,False,False,False
Cameroon,CMR,2023,Country or economy,Wind,False,0.0,0.0,,0.0,0.0,0.0,0.0,0.0,,0.0,,Africa,Africa,False,False,False,False,False
Cameroon,CMR,2023,Country or economy,Hydro,False,5.23,0.0,0.0,72.438,8.266,0.96,0.124,0.0,0.0,7.624,23.709,Africa,Africa,False,False,False,False,False
Cameroon,CMR,2023,Country or economy,Bioenergy,False,0.04,0.0,0.0,0.554,0.063,0.0,0.009,0.0,0.0,0.553,225.0,Africa,Africa,False,False,False,False,False
Cameroon,CMR,2023,Country or economy,Other renewables,False,0.0,0.0,,0.0,0.0,0.0,0.0,0.0,,0.0,,Africa,Africa,False,False,False,False,False
Cameroon,CMR,2023,Country or economy,Nuclear,False,0.0,0.0,,0.0,0.0,0.0,0.0,0.0,,0.0,,Africa,Africa,False,False,False,False,False
Cameroon,CMR,2023,Country or economy,Coal,False,0.0,0.0,,0.0,0.0,,0.0,0.0,,0.0,,Africa,Africa,False,False,False,False,False
Cameroon,CMR,2023,Country or economy,Gas,False,1.59,-0.4,-20.101,22.022,-2.395,0.22,1.269,-0.319,-20.088,78.028,798.113,Africa,Africa,False,False,False,False,False
Cameroon,CMR,2023,Country or economy,Other fossil,False,0.34,-0.53,-60.92,4.709,-5.966,0.15,0.224,-0.348,-60.839,13.773,658.824,Africa,Africa,False,False,False,False,False
Cameroon,CMR,2023,Country or economy,Net imports,False,0.06,0.06,,0.831,0.831,,0.0,0.0,,0.0,0.0,Africa,Africa,False,False,False,False,False
Cameroon,CMR,2023,Country or economy,Wind and solar,True,0.02,0.0,0.0,0.277,0.032,0.09,0.001,0.0,0.0,0.061,50.0,Africa,Africa,False,False,False,False,False
Cameroon,CMR,2023,Country or economy,"Hydro, bioenergy and other renewables",True,5.27,0.0,0.0,72.992,8.329,0.96,0.133,0.0,0.0,8.178,25.237,Africa,Africa,False,False,False,False,False
Cameroon,CMR,2023,Country or economy,Renewables,True,5.29,0.0,0.0,73.269,8.361,1.05,0.134,0.0,0.0,8.239,25.331,Africa,Africa,False,False,False,False,False
Cameroon,CMR,2023,Country or economy,Clean,True,5.29,0.0,0.0,73.269,8.361,1.05,0.134,0.0,0.0,8.239,25.331,Africa,Africa,False,False,False,False,False
Cameroon,CMR,2023,Country or economy,Fossil,True,1.93,-0.93,-32.517,26.731,-8.361,0.37,1.492,-0.668,-30.926,91.739,773.057,Africa,Africa,False,False,False,False,False
Cameroon,CMR,2023,Country or economy,Total generation,True,7.22,-0.93,-11.411,100.0,0.0,1.42,1.626,-0.668,-29.119,99.979,225.208,Africa,Africa,False,False,False,False,False
Cameroon,CMR,2023,Country or economy,Demand,True,7.28,-0.87,-10.675,100.831,0.831,,,,,,,Africa,Africa,False,False,False,False,False
Cameroon,CMR,2024,Country or economy,Solar,False,0.04,0.02,100.0,0.551,0.274,0.09,0.002,0.001,100.0,0.122,50.0,Africa,Africa,False,False,False,False,False
Cameroon,CMR,2024,Country or economy,Wind,False,0.0,0.0,,0.0,0.0,0.0,0.0,0.0,,0.0,,Africa,Africa,False,False,False,False,False
Cameroon,CMR,2024,Country or economy,Hydro,False,5.23,0.0,0.0,72.039,-0.399,1.41,0.124,0.0,0.0,7.552,23.709,Africa,Africa,False,False,False,False,False
Cameroon,CMR,2024,Country or economy,Bioenergy,False,0.04,0.0,0.0,0.551,-0.003,0.0,0.009,0.0,0.0,0.548,225.0,Africa,Africa,False,False,False,False,False
Cameroon,CMR,2024,Country or economy,Other renewables,False,0.0,0.0,,0.0,0.0,0.0,0.0,0.0,,0.0,,Africa,Africa,False,False,False,False,False
Cameroon,CMR,2024,Country or economy,Nuclear,False,0.0,0.0,,0.0,0.0,0.0,0.0,0.0,,0.0,,Africa,Africa,False,False,False,False,False
Cameroon,CMR,2024,Country or economy,Coal,False,0.0,0.0,,0.0,0.0,,0.0,0.0,,0.0,,Africa,Africa,False,False,False,False,False
Cameroon,CMR,2024,Country or economy,Gas,False,1.6,0.01,0.629,22.039,0.017,0.22,1.277,0.008,0.63,77.778,798.125,Africa,Africa,False,False,False,False,False
Cameroon,CMR,2024,Country or economy,Other fossil,False,0.35,0.01,2.941,4.821,0.112,0.15,0.23,0.006,2.679,14.009,657.143,Africa,Africa,False,False,False,False,False
Cameroon,CMR,2024,Country or economy,Net imports,False,0.06,0.0,0.0,0.826,-0.005,,0.0,0.0,,0.0,0.0,Africa,Africa,False,False,False,False,False
Cameroon,CMR,2024,Country or economy,Wind and solar,True,0.04,0.02,100.0,0.551,0.274,0.09,0.002,0.001,100.0,0.122,50.0,Africa,Africa,False,False,False,False,False
Cameroon,CMR,2024,Country or economy,"Hydro, bioenergy and other renewables",True,5.27,0.0,0.0,72.59,-0.402,1.41,0.133,0.0,0.0,8.101,25.237,Africa,Africa,False,False,False,False,False
Cameroon,CMR,2024,Country or economy,Renewables,True,5.31,0.02,0.378,73.14,-0.129,1.5,0.135,0.001,0.746,8.222,25.424,Africa,Africa,False,False,False,False,False
Cameroon,CMR,2024,Country or economy,Clean,True,5.31,0.02,0.378,73.14,-0.129,1.5,0.135,0.001,0.746,8.222,25.424,Africa,Africa,False,False,False,False,False
Cameroon,CMR,2024,Country or economy,Fossil,True,1.95,0.02,1.036,26.86,0.129,0.37,1.507,0.015,1.005,91.786,772.821,Africa,Africa,False,False,False,False,False
Cameroon,CMR,2024,Country or economy,Total generation,True,7.26,0.04,0.554,100.0,0.0,1.87,1.642,0.016,0.984,100.009,226.171,Africa,Africa,False,False,False,False,False
Cameroon,CMR,2024,Country or economy,Demand,True,7.32,0.04,0.549,100.826,-0.005,,,,,,,Africa,Africa,False,False,False,False,False
Central African Republic,CAF,2000,Country or economy,Solar,False,0.0,,,0.0,,0.0,0.0,,,0.0,,Africa,Africa,False,False,False,False,False
Central African Republic,CAF,2000,Country or economy,Wind,False,0.0,,,0.0,,0.0,0.0,,,0.0,,Africa,Africa,False,False,False,False,False
Central African Republic,CAF,2000,Country or economy,Hydro,False,0.08,,,80.0,,0.02,0.002,,,13.28,25.0,Africa,Africa,False,False,False,False,False
Central African Republic,CAF,2000,Country or economy,Bioenergy,False,0.0,,,0.0,,0.0,0.0,,,0.0,,Africa,Africa,False,False,False,False,False
Central African Republic,CAF,2000,Country or economy,Other renewables,False,0.0,,,0.0,,0.0,0.0,,,0.0,,Africa,Africa,False,False,False,False,False
Central African Republic,CAF,2000,Country or economy,Nuclear,False,0.0,,,0.0,,0.0,0.0,,,0.0,,Africa,Africa,False,False,False,False,False
Central African Republic,CAF,2000,Country or economy,Coal,False,0.0,,,0.0,,,0.0,,,0.0,,Africa,Africa,False,False,False,False,False
Central African Republic,CAF,2000,Country or economy,Gas,False,0.0,,,0.0,,,0.0,,,0.0,,Africa,Africa,False,False,False,False,False
Central African Republic,CAF,2000,Country or economy,Other fossil,False,0.02,,,20.0,,0.02,0.013,,,86.317,650.0,Africa,Africa,False,False,False,False,False
Central African Republic,CAF,2000,Country or economy,Net imports,False,0.0,,,0.0,,,0.0,,,0.0,,Africa,Africa,False,False,False,False,False
Central African Republic,CAF,2000,Country or economy,Wind and solar,True,0.0,,,0.0,,0.0,0.0,,,0.0,,Africa,Africa,False,False,False,False,False
Central African Republic,CAF,2000,Country or economy,"Hydro, bioenergy and other renewables",True,0.08,,,80.0,,0.02,0.002,,,13.28,25.0,Africa,Africa,False,False,False,False,False
Central African Republic,CAF,2000,Country or economy,Renewables,True,0.08,,,80.0,,0.02,0.002,,,13.28,25.0,Africa,Africa,False,False,False,False,False
Central African Republic,CAF,2000,Country or economy,Clean,True,0.08,,,80.0,,0.02,0.002,,,13.28,25.0,Africa,Africa,False,False,False,False,False
Central African Republic,CAF,2000,Country or economy,Fossil,True,0.02,,,20.0,,0.02,0.013,,,86.317,650.0,Africa,Africa,False,False,False,False,False
Central African Republic,CAF,2000,Country or economy,Total generation,True,0.1,,,100.0,,0.04,0.015,,,99.596,150.0,Africa,Africa,False,False,False,False,False
Central African Republic,CAF,2000,Country or economy,Demand,True,0.1,,,100.0,,,,,,,,Africa,Africa,False,False,False,False,False
Central African Republic,CAF,2001,Country or economy,Solar,False,0.0,0.0,,0.0,0.0,0.0,0.0,0.0,,0.0,,Africa,Africa,False,False,False,False,False
Central African Republic,CAF,2001,Country or economy,Wind,False,0.0,0.0,,0.0,0.0,0.0,0.0,0.0,,0.0,,Africa,Africa,False,False,False,False,False
Central African Republic,CAF,2001,Country or economy,Hydro,False,0.08,0.0,0.0,72.727,-7.273,0.02,0.002,0.0,0.0,9.242,25.0,Africa,Africa,False,False,False,False,False
Central African Republic,CAF,2001,Country or economy,Bioenergy,False,0.0,0.0,,0.0,0.0,0.0,0.0,0.0,,0.0,,Africa,Africa,False,False,False,False,False
Central African Republic,CAF,2001,Country or economy,Other renewables,False,0.0,0.0,,0.0,0.0,0.0,0.0,0.0,,0.0,,Africa,Africa,False,False,False,False,False
Central African Republic,CAF,2001,Country or economy,Nuclear,False,0.0,0.0,,0.0,0.0,0.0,0.0,0.0,,0.0,,Africa,Africa,False,False,False,False,False
Central African Republic,CAF,2001,Country or economy,Coal,False,0.0,0.0,,0.0,0.0,,0.0,0.0,,0.0,,Africa,Africa,False,False,False,False,False
Central African Republic,CAF,2001,Country or economy,Gas,False,0.0,0.0,,0.0,0.0,,0.0,0.0,,0.0,,Africa,Africa,False,False,False,False,False
Central African Republic,CAF,2001,Country or economy,Other fossil,False,0.03,0.01,50.0,27.273,7.273,0.02,0.02,0.007,53.846,92.418,666.667,Africa,Africa,False,False,False,False,False
Central African Republic,CAF,2001,Country or economy,Net imports,False,0.0,0.0,,0.0,0.0,,0.0,0.0,,0.0,,Africa,Africa,False,False,False,False,False
Central African Republic,CAF,2001,Country or economy,Wind and solar,True,0.0,0.0,,0.0,0.0,0.0,0.0,0.0,,0.0,,Africa,Africa,False,False,False,False,False
Central African Republic,CAF,2001,Country or economy,"Hydro, bioenergy and other renewables",True,0.08,0.0,0.0,72.727,-7.273,0.02,0.002,0.0,0.0,9.242,25.0,Africa,Africa,False,False,False,False,False
Central African Republic,CAF,2001,Country or economy,Renewables,True,0.08,0.0,0.0,72.727,-7.273,0.02,0.002,0.0,0.0,9.242,25.0,Africa,Africa,False,False,False,False,False
Central African Republic,CAF,2001,Country or economy,Clean,True,0.08,0.0,0.0,72.727,-7.273,0.02,0.002,0.0,0.0,9.242,25.0,Africa,Africa,False,False,False,False,False
Central African Republic,CAF,2001,Country or economy,Fossil,True,0.03,0.01,50.0,27.273,7.273,0.02,0.02,0.007,53.846,92.418,666.667,Africa,Africa,False,False,False,False,False
Central African Republic,CAF,2001,Country or economy,Total generation,True,0.11,0.01,10.0,100.0,0.0,0.04,0.022,0.007,46.667,101.66,200.0,Africa,Africa,False,False,False,False,False
Central African Republic,CAF,2001,Country or economy,Demand,True,0.11,0.01,10.0,100.0,0.0,,,,,,,Africa,Africa,False,False,False,False,False
Central African Republic,CAF,2002,Country or economy,Solar,False,0.0,0.0,,0.0,0.0,0.0,0.0,0.0,,0.0,,Africa,Africa,False,False,False,False,False
Central African Republic,CAF,2002,Country or economy,Wind,False,0.0,0.0,,0.0,0.0,0.0,0.0,0.0,,0.0,,Africa,Africa,False,False,False,False,False
Central African Republic,CAF,2002,Country or economy,Hydro,False,0.08,0.0,0.0,72.727,0.0,0.02,0.002,0.0,0.0,9.242,25.0,Africa,Africa,False,False,False,False,False
Central African Republic,CAF,2002,Country or economy,Bioenergy,False,0.0,0.0,,0.0,0.0,0.0,0.0,0.0,,0.0,,Africa,Africa,False,False,False,False,False
Central African Republic,CAF,2002,Country or economy,Other renewables,False,0.0,0.0,,0.0,0.0,0.0,0.0,0.0,,0.0,,Africa,Africa,False,False,False,False,False
Central African Republic,CAF,2002,Country or economy,Nuclear,False,0.0,0.0,,0.0,0.0,0.0,0.0,0.0,,0.0,,Africa,Africa,False,False,False,False,False
Central African Republic,CAF,2002,Country or economy,Coal,False,0.0,0.0,,0.0,0.0,,0.0,0.0,,0.0,,Africa,Africa,False,False,False,False,False
Central African Republic,CAF,2002,Country or economy,Gas,False,0.0,0.0,,0.0,0.0,,0.0,0.0,,0.0,,Africa,Africa,False,False,False,False,False
Central African Republic,CAF,2002,Country or economy,Other fossil,False,0.03,0.0,0.0,27.273,0.0,0.02,0.02,0.0,0.0,92.418,666.667,Africa,Africa,False,False,False,False,False
Central African Republic,CAF,2002,Country or economy,Net imports,False,0.0,0.0,,0.0,0.0,,0.0,0.0,,0.0,,Africa,Africa,False,False,False,False,False
Central African Republic,CAF,2002,Country or economy,Wind and solar,True,0.0,0.0,,0.0,0.0,0.0,0.0,0.0,,0.0,,Africa,Africa,False,False,False,False,False
Central African Republic,CAF,2002,Country or economy,"Hydro, bioenergy and other renewables",True,0.08,0.0,0.0,72.727,0.0,0.02,0.002,0.0,0.0,9.242,25.0,Africa,Africa,False,False,False,False,False
Central African Republic,CAF,2002,Country or economy,Renewables,True,0.08,0.0,0.0,72.727,0.0,0.02,0.002,0.0,0.0,9.242,25.0,Africa,Africa,False,False,False,False,False
Central African Republic,CAF,2002,Country or economy,Clean,True,0.08,0.0,0.0,72.727,0.0,0.02,0.002,0.0,0.0,9.242,25.0,Africa,Africa,False,False,False,False,False
Central African Republic,CAF,2002,Country or economy,Fossil,True,0.03,0.0,0.0,27.273,0.0,0.02,0.02,0.0,0.0,92.418,666.667,Africa,Africa,False,False,False,False,False
Central African Republic,CAF,2002,Country or economy,Total generation,True,0.11,0.0,0.0,100.0,0.0,0.04,0.022,0.0,0.0,101.66,200.0,Africa,Africa,False,False,False,False,False
Central African Republic,CAF,2002,Country or economy,Demand,True,0.11,0.0,0.0,100.0,0.0,,,,,,,Africa,Africa,False,False,False,False,False
Central African Republic,CAF,2003,Country or economy,Solar,False,0.0,0.0,,0.0,0.0,0.0,0.0,0.0,,0.0,,Africa,Africa,False,False,False,False,False
Central African Republic,CAF,2003,Country or economy,Wind,False,0.0,0.0,,0.0,0.0,0.0,0.0,0.0,,0.0,,Africa,Africa,False,False,False,False,False
Central African Republic,CAF,2003,Country or economy,Hydro,False,0.08,0.0,0.0,72.727,0.0,0.02,0.002,0.0,0.0,9.242,25.0,Africa,Africa,False,False,False,False,False
Central African Republic,CAF,2003,Country or economy,Bioenergy,False,0.0,0.0,,0.0,0.0,0.0,0.0,0.0,,0.0,,Africa,Africa,False,False,False,False,False
Central African Republic,CAF,2003,Country or economy,Other renewables,False,0.0,0.0,,0.0,0.0,0.0,0.0,0.0,,0.0,,Africa,Africa,False,False,False,False,False
Central African Republic,CAF,2003,Country or economy,Nuclear,False,0.0,0.0,,0.0,0.0,0.0,0.0,0.0,,0.0,,Africa,Africa,False,False,False,False,False
Central African Republic,CAF,2003,Country or economy,Coal,False,0.0,0.0,,0.0,0.0,,0.0,0.0,,0.0,,Africa,Africa,False,False,False,False,False
Central African Republic,CAF,2003,Country or economy,Gas,False,0.0,0.0,,0.0,0.0,,0.0,0.0,,0.0,,Africa,Africa,False,False,False,False,False
Central African Republic,CAF,2003,Country or economy,Other fossil,False,0.03,0.0,0.0,27.273,0.0,0.02,0.02,0.0,0.0,92.418,666.667,Africa,Africa,False,False,False,False,False
Central African Republic,CAF,2003,Country or economy,Net imports,False,0.0,0.0,,0.0,0.0,,0.0,0.0,,0.0,,Africa,Africa,False,False,False,False,False
Central African Republic,CAF,2003,Country or economy,Wind and solar,True,0.0,0.0,,0.0,0.0,0.0,0.0,0.0,,0.0,,Africa,Africa,False,False,False,False,False
Central African Republic,CAF,2003,Country or economy,"Hydro, bioenergy and other renewables",True,0.08,0.0,0.0,72.727,0.0,0.02,0.002,0.0,0.0,9.242,25.0,Africa,Africa,False,False,False,False,False
Central African Republic,CAF,2003,Country or economy,Renewables,True,0.08,0.0,0.0,72.727,0.0,0.02,0.002,0.0,0.0,9.242,25.0,Africa,Africa,False,False,False,False,False
Central African Republic,CAF,2003,Country or economy,Clean,True,0.08,0.0,0.0,72.727,0.0,0.02,0.002,0.0,0.0,9.242,25.0,Africa,Africa,False,False,False,False,False
Central African Republic,CAF,2003,Country or economy,Fossil,True,0.03,0.0,0.0,27.273,0.0,0.02,0.02,0.0,0.0,92.418,666.667,Africa,Africa,False,False,False,False,False
Central African Republic,CAF,2003,Country or economy,Total generation,True,0.11,0.0,0.0,100.0,0.0,0.04,0.022,0.0,0.0,101.66,200.0,Africa,Africa,False,False,False,False,False
Central African Republic,CAF,2003,Country or economy,Demand,True,0.11,0.0,0.0,100.0,0.0,,,,,,,Africa,Africa,False,False,False,False,False
Central African Republic,CAF,2004,Country or economy,Solar,False,0.0,0.0,,0.0,0.0,0.0,0.0,0.0,,0.0,,Africa,Africa,False,False,False,False,False
Central African Republic,CAF,2004,Country or economy,Wind,False,0.0,0.0,,0.0,0.0,0.0,0.0,0.0,,0.0,,Africa,Africa,False,False,False,False,False
Central African Republic,CAF,2004,Country or economy,Hydro,False,0.12,0.04,50.0,80.0,7.273,0.02,0.003,0.001,50.0,13.28,25.0,Africa,Africa,False,False,False,False,False
Central African Republic,CAF,2004,Country or economy,Bioenergy,False,0.0,0.0,,0.0,0.0,0.0,0.0,0.0,,0.0,,Africa,Africa,False,False,False,False,False
Central African Republic,CAF,2004,Country or economy,Other renewables,False,0.0,0.0,,0.0,0.0,0.0,0.0,0.0,,0.0,,Africa,Africa,False,False,False,False,False
Central African Republic,CAF,2004,Country or economy,Nuclear,False,0.0,0.0,,0.0,0.0,0.0,0.0,0.0,,0.0,,Africa,Africa,False,False,False,False,False
Central African Republic,CAF,2004,Country or economy,Coal,False,0.0,0.0,,0.0,0.0,,0.0,0.0,,0.0,,Africa,Africa,False,False,False,False,False
Central African Republic,CAF,2004,Country or economy,Gas,False,0.0,0.0,,0.0,0.0,,0.0,0.0,,0.0,,Africa,Africa,False,False,False,False,False
Central African Republic,CAF,2004,Country or economy,Other fossil,False,0.03,0.0,0.0,20.0,-7.273,0.02,0.02,0.0,0.0,88.53,666.667,Africa,Africa,False,False,False,False,False
Central African Republic,CAF,2004,Country or economy,Net imports,False,0.0,0.0,,0.0,0.0,,0.0,0.0,,0.0,,Africa,Africa,False,False,False,False,False
Central African Republic,CAF,2004,Country or economy,Wind and solar,True,0.0,0.0,,0.0,0.0,0.0,0.0,0.0,,0.0,,Africa,Africa,False,False,False,False,False
Central African Republic,CAF,2004,Country or economy,"Hydro, bioenergy and other renewables",True,0.12,0.04,50.0,80.0,7.273,0.02,0.003,0.001,50.0,13.28,25.0,Africa,Africa,False,False,False,False,False
Central African Republic,CAF,2004,Country or economy,Renewables,True,0.12,0.04,50.0,80.0,7.273,0.02,0.003,0.001,50.0,13.28,25.0,Africa,Africa,False,False,False,False,False
Central African Republic,CAF,2004,Country or economy,Clean,True,0.12,0.04,50.0,80.0,7.273,0.02,0.003,0.001,50.0,13.28,25.0,Africa,Africa,False,False,False,False,False
Central African Republic,CAF,2004,Country or economy,Fossil,True,0.03,0.0,0.0,20.0,-7.273,0.02,0.02,0.0,0.0,88.53,666.667,Africa,Africa,False,False,False,False,False
Central African Republic,CAF,2004,Country or economy,Total generation,True,0.15,0.04,36.364,100.0,0.0,0.04,0.023,0.001,4.545,101.81,153.333,Africa,Africa,False,False,False,False,False
Central African Republic,CAF,2004,Country or economy,Demand,True,0.15,0.04,36.364,100.0,0.0,,,,,,,Africa,Africa,False,False,False,False,False
Central African Republic,CAF,2005,Country or economy,Solar,False,0.0,0.0,,0.0,0.0,0.0,0.0,0.0,,0.0,,Africa,Africa,False,False,False,False,False
Central African Republic,CAF,2005,Country or economy,Wind,False,0.0,0.0,,0.0,0.0,0.0,0.0,0.0,,0.0,,Africa,Africa,False,False,False,False,False
Central African Republic,CAF,2005,Country or economy,Hydro,False,0.13,0.01,8.333,81.25,1.25,0.02,0.003,0.0,0.0,13.141,23.077,Africa,Africa,False,False,False,False,False
Central African Republic,CAF,2005,Country or economy,Bioenergy,False,0.0,0.0,,0.0,0.0,0.0,0.0,0.0,,0.0,,Africa,Africa,False,False,False,False,False
Central African Republic,CAF,2005,Country or economy,Other renewables,False,0.0,0.0,,0.0,0.0,0.0,0.0,0.0,,0.0,,Africa,Africa,False,False,False,False,False
Central African Republic,CAF,2005,Country or economy,Nuclear,False,0.0,0.0,,0.0,0.0,0.0,0.0,0.0,,0.0,,Africa,Africa,False,False,False,False,False
Central African Republic,CAF,2005,Country or economy,Coal,False,0.0,0.0,,0.0,0.0,,0.0,0.0,,0.0,,Africa,Africa,False,False,False,False,False
Central African Republic,CAF,2005,Country or economy,Gas,False,0.0,0.0,,0.0,0.0,,0.0,0.0,,0.0,,Africa,Africa,False,False,False,False,False
Central African Republic,CAF,2005,Country or economy,Other fossil,False,0.03,0.0,0.0,18.75,-1.25,0.02,0.02,0.0,0.0,87.609,666.667,Africa,Africa,False,False,False,False,False
Central African Republic,CAF,2005,Country or economy,Net imports,False,0.0,0.0,,0.0,0.0,,0.0,0.0,,0.0,,Africa,Africa,False,False,False,False,False
Central African Republic,CAF,2005,Country or economy,Wind and solar,True,0.0,0.0,,0.0,0.0,0.0,0.0,0.0,,0.0,,Africa,Africa,False,False,False,False,False
Central African Republic,CAF,2005,Country or economy,"Hydro, bioenergy and other renewables",True,0.13,0.01,8.333,81.25,1.25,0.02,0.003,0.0,0.0,13.141,23.077,Africa,Africa,False,False,False,False,False
Central African Republic,CAF,2005,Country or economy,Renewables,True,0.13,0.01,8.333,81.25,1.25,0.02,0.003,0.0,0.0,13.141,23.077,Africa,Africa,False,False,False,False,False
Central African Republic,CAF,2005,Country or economy,Clean,True,0.13,0.01,8.333,81.25,1.25,0.02,0.003,0.0,0.0,13.141,23.077,Africa,Africa,False,False,False,False,False
Central African Republic,CAF,2005,Country or economy,Fossil,True,0.03,0.0,0.0,18.75,-1.25,0.02,0.02,0.0,0.0,87.609,666.667,Africa,Africa,False,False,False,False,False
Central African Republic,CAF,2005,Country or economy,Total generation,True,0.16,0.01,6.667,100.0,0.0,0.04,0.023,0.0,0.0,100.75,143.75,Africa,Africa,False,False,False,False,False
Central African Republic,CAF,2005,Country or economy,Demand,True,0.16,0.01,6.667,100.0,0.0,,,,,,,Africa,Africa,False,False,False,False,False
Central African Republic,CAF,2006,Country or economy,Solar,False,0.0,0.0,,0.0,0.0,0.0,0.0,0.0,,0.0,,Africa,Africa,False,False,False,False,False
Central African Republic,CAF,2006,Country or economy,Wind,False,0.0,0.0,,0.0,0.0,0.0,0.0,0.0,,0.0,,Africa,Africa,False,False,False,False,False
Central African Republic,CAF,2006,Country or economy,Hydro,False,0.14,0.01,7.692,82.353,1.103,0.02,0.003,0.0,0.0,13.006,21.429,Africa,Africa,False,False,False,False,False
Central African Republic,CAF,2006,Country or economy,Bioenergy,False,0.0,0.0,,0.0,0.0,0.0,0.0,0.0,,0.0,,Africa,Africa,False,False,False,False,False
Central African Republic,CAF,2006,Country or economy,Other renewables,False,0.0,0.0,,0.0,0.0,0.0,0.0,0.0,,0.0,,Africa,Africa,False,False,False,False,False
Central African Republic,CAF,2006,Country or economy,Nuclear,False,0.0,0.0,,0.0,0.0,0.0,0.0,0.0,,0.0,,Africa,Africa,False,False,False,False,False
Central African Republic,CAF,2006,Country or economy,Coal,False,0.0,0.0,,0.0,0.0,,0.0,0.0,,0.0,,Africa,Africa,False,False,False,False,False
Central African Republic,CAF,2006,Country or economy,Gas,False,0.0,0.0,,0.0,0.0,,0.0,0.0,,0.0,,Africa,Africa,False,False,False,False,False
Central African Republic,CAF,2006,Country or economy,Other fossil,False,0.03,0.0,0.0,17.647,-1.103,0.02,0.02,0.0,0.0,86.706,666.667,Africa,Africa,False,False,False,False,False
Central African Republic,CAF,2006,Country or economy,Net imports,False,0.0,0.0,,0.0,0.0,,0.0,0.0,,0.0,,Africa,Africa,False,False,False,False,False
Central African Republic,CAF,2006,Country or economy,Wind and solar,True,0.0,0.0,,0.0,0.0,0.0,0.0,0.0,,0.0,,Africa,Africa,False,False,False,False,False
Central African Republic,CAF,2006,Country or economy,"Hydro, bioenergy and other renewables",True,0.14,0.01,7.692,82.353,1.103,0.02,0.003,0.0,0.0,13.006,21.429,Africa,Africa,False,False,False,False,False
Central African Republic,CAF,2006,Country or economy,Renewables,True,0.14,0.01,7.692,82.353,1.103,0.02,0.003,0.0,0.0,13.006,21.429,Africa,Africa,False,False,False,False,False
Central African Republic,CAF,2006,Country or economy,Clean,True,0.14,0.01,7.692,82.353,1.103,0.02,0.003,0.0,0.0,13.006,21.429,Africa,Africa,False,False,False,False,False
Central African Republic,CAF,2006,Country or economy,Fossil,True,0.03,0.0,0.0,17.647,-1.103,0.02,0.02,0.0,0.0,86.706,666.667,Africa,Africa,False,False,False,False,False
Central African Republic,CAF,2006,Country or economy,Total generation,True,0.17,0.01,6.25,100.0,0.0,0.04,0.023,0.0,0.0,99.712,135.294,Africa,Africa,False,False,False,False,False
Central African Republic,CAF,2006,Country or economy,Demand,True,0.17,0.01,6.25,100.0,0.0,,,,,,,Africa,Africa,False,False,False,False,False
Central African Republic,CAF,2007,Country or economy,Solar,False,0.0,0.0,,0.0,0.0,0.0,0.0,0.0,,0.0,,Africa,Africa,False,False,False,False,False
Central African Republic,CAF,2007,Country or economy,Wind,False,0.0,0.0,,0.0,0.0,0.0,0.0,0.0,,0.0,,Africa,Africa,False,False,False,False,False
Central African Republic,CAF,2007,Country or economy,Hydro,False,0.14,0.0,0.0,87.5,5.147,0.02,0.003,0.0,0.0,18.197,21.429,Africa,Africa,False,False,False,False,False
Central African Republic,CAF,2007,Country or economy,Bioenergy,False,0.0,0.0,,0.0,0.0,0.0,0.0,0.0,,0.0,,Africa,Africa,False,False,False,False,False
Central African Republic,CAF,2007,Country or economy,Other renewables,False,0.0,0.0,,0.0,0.0,0.0,0.0,0.0,,0.0,,Africa,Africa,False,False,False,False,False
Central African Republic,CAF,2007,Country or economy,Nuclear,False,0.0,0.0,,0.0,0.0,0.0,0.0,0.0,,0.0,,Africa,Africa,False,False,False,False,False
Central African Republic,CAF,2007,Country or economy,Coal,False,0.0,0.0,,0.0,0.0,,0.0,0.0,,0.0,,Africa,Africa,False,False,False,False,False
Central African Republic,CAF,2007,Country or economy,Gas,False,0.0,0.0,,0.0,0.0,,0.0,0.0,,0.0,,Africa,Africa,False,False,False,False,False
Central African Republic,CAF,2007,Country or economy,Other fossil,False,0.02,-0.01,-33.333,12.5,-5.147,0.02,0.013,-0.007,-35.0,78.853,650.0,Africa,Africa,False,False,False,False,False
Central African Republic,CAF,2007,Country or economy,Net imports,False,0.0,0.0,,0.0,0.0,,0.0,0.0,,0.0,,Africa,Africa,False,False,False,False,False
Central African Republic,CAF,2007,Country or economy,Wind and solar,True,0.0,0.0,,0.0,0.0,0.0,0.0,0.0,,0.0,,Africa,Africa,False,False,False,False,False
Central African Republic,CAF,2007,Country or economy,"Hydro, bioenergy and other renewables",True,0.14,0.0,0.0,87.5,5.147,0.02,0.003,0.0,0.0,18.197,21.429,Africa,Africa,False,False,False,False,False
Central African Republic,CAF,2007,Country or economy,Renewables,True,0.14,0.0,0.0,87.5,5.147,0.02,0.003,0.0,0.0,18.197,21.429,Africa,Africa,False,False,False,False,False
Central African Republic,CAF,2007,Country or economy,Clean,True,0.14,0.0,0.0,87.5,5.147,0.02,0.003,0.0,0.0,18.197,21.429,Africa,Africa,False,False,False,False,False
Central African Republic,CAF,2007,Country or economy,Fossil,True,0.02,-0.01,-33.333,12.5,-5.147,0.02,0.013,-0.007,-35.0,78.853,650.0,Africa,Africa,False,False,False,False,False
Central African Republic,CAF,2007,Country or economy,Total generation,True,0.16,-0.01,-5.882,100.0,0.0,0.04,0.016,-0.007,-30.435,97.05,100.0,Africa,Africa,False,False,False,False,False
Central African Republic,CAF,2007,Country or economy,Demand,True,0.16,-0.01,-5.882,100.0,0.0,,,,,,,Africa,Africa,False,False,False,False,False
Central African Republic,CAF,2008,Country or economy,Solar,False,0.0,0.0,,0.0,0.0,0.0,0.0,0.0,,0.0,,Africa,Africa,False,False,False,False,False
Central African Republic,CAF,2008,Country or economy,Wind,False,0.0,0.0,,0.0,0.0,0.0,0.0,0.0,,0.0,,Africa,Africa,False,False,False,False,False
Central African Republic,CAF,2008,Country or economy,Hydro,False,0.14,0.0,0.0,87.5,0.0,0.02,0.003,0.0,0.0,18.197,21.429,Africa,Africa,False,False,False,False,False
Central African Republic,CAF,2008,Country or economy,Bioenergy,False,0.0,0.0,,0.0,0.0,0.0,0.0,0.0,,0.0,,Africa,Africa,False,False,False,False,False
Central African Republic,CAF,2008,Country or economy,Other renewables,False,0.0,0.0,,0.0,0.0,0.0,0.0,0.0,,0.0,,Africa,Africa,False,False,False,False,False
Central African Republic,CAF,2008,Country or economy,Nuclear,False,0.0,0.0,,0.0,0.0,0.0,0.0,0.0,,0.0,,Africa,Africa,False,False,False,False,False
Central African Republic,CAF,2008,Country or economy,Coal,False,0.0,0.0,,0.0,0.0,,0.0,0.0,,0.0,,Africa,Africa,False,False,False,False,False
Central African Republic,CAF,2008,Country or economy,Gas,False,0.0,0.0,,0.0,0.0,,0.0,0.0,,0.0,,Africa,Africa,False,False,False,False,False
Central African Republic,CAF,2008,Country or economy,Other fossil,False,0.02,0.0,0.0,12.5,0.0,0.02,0.013,0.0,0.0,78.853,650.0,Africa,Africa,False,False,False,False,False
Central African Republic,CAF,2008,Country or economy,Net imports,False,0.0,0.0,,0.0,0.0,,0.0,0.0,,0.0,,Africa,Africa,False,False,False,False,False
Central African Republic,CAF,2008,Country or economy,Wind and solar,True,0.0,0.0,,0.0,0.0,0.0,0.0,0.0,,0.0,,Africa,Africa,False,False,False,False,False
Central African Republic,CAF,2008,Country or economy,"Hydro, bioenergy and other renewables",True,0.14,0.0,0.0,87.5,0.0,0.02,0.003,0.0,0.0,18.197,21.429,Africa,Africa,False,False,False,False,False
Central African Republic,CAF,2008,Country or economy,Renewables,True,0.14,0.0,0.0,87.5,0.0,0.02,0.003,0.0,0.0,18.197,21.429,Africa,Africa,False,False,False,False,False
Central African Republic,CAF,2008,Country or economy,Clean,True,0.14,0.0,0.0,87.5,0.0,0.02,0.003,0.0,0.0,18.197,21.429,Africa,Africa,False,False,False,False,False
Central African Republic,CAF,2008,Country or economy,Fossil,True,0.02,0.0,0.0,12.5,0.0,0.02,0.013,0.0,0.0,78.853,650.0,Africa,Africa,False,False,False,False,False
Central African Republic,CAF,2008,Country or economy,Total generation,True,0.16,0.0,0.0,100.0,0.0,0.04,0.016,0.0,0.0,97.05,100.0,Africa,Africa,False,False,False,False,False
Central African Republic,CAF,2008,Country or economy,Demand,True,0.16,0.0,0.0,100.0,0.0,,,,,,,Africa,Africa,False,False,False,False,False
Central African Republic,CAF,2009,Country or economy,Solar,False,0.0,0.0,,0.0,0.0,0.0,0.0,0.0,,0.0,,Africa,Africa,False,False,False,False,False
Central African Republic,CAF,2009,Country or economy,Wind,False,0.0,0.0,,0.0,0.0,0.0,0.0,0.0,,0.0,,Africa,Africa,False,False,False,False,False
Central African Republic,CAF,2009,Country or economy,Hydro,False,0.14,0.0,0.0,87.5,0.0,0.02,0.003,0.0,0.0,18.197,21.429,Africa,Africa,False,False,False,False,False
Central African Republic,CAF,2009,Country or economy,Bioenergy,False,0.0,0.0,,0.0,0.0,0.0,0.0,0.0,,0.0,,Africa,Africa,False,False,False,False,False
Central African Republic,CAF,2009,Country or economy,Other renewables,False,0.0,0.0,,0.0,0.0,0.0,0.0,0.0,,0.0,,Africa,Africa,False,False,False,False,False
Central African Republic,CAF,2009,Country or economy,Nuclear,False,0.0,0.0,,0.0,0.0,0.0,0.0,0.0,,0.0,,Africa,Africa,False,False,False,False,False
Central African Republic,CAF,2009,Country or economy,Coal,False,0.0,0.0,,0.0,0.0,,0.0,0.0,,0.0,,Africa,Africa,False,False,False,False,False
Central African Republic,CAF,2009,Country or economy,Gas,False,0.0,0.0,,0.0,0.0,,0.0,0.0,,0.0,,Africa,Africa,False,False,False,False,False
Central African Republic,CAF,2009,Country or economy,Other fossil,False,0.02,0.0,0.0,12.5,0.0,0.02,0.013,0.0,0.0,78.853,650.0,Africa,Africa,False,False,False,False,False
Central African Republic,CAF,2009,Country or economy,Net imports,False,0.0,0.0,,0.0,0.0,,0.0,0.0,,0.0,,Africa,Africa,False,False,False,False,False
Central African Republic,CAF,2009,Country or economy,Wind and solar,True,0.0,0.0,,0.0,0.0,0.0,0.0,0.0,,0.0,,Africa,Africa,False,False,False,False,False
Central African Republic,CAF,2009,Country or economy,"Hydro, bioenergy and other renewables",True,0.14,0.0,0.0,87.5,0.0,0.02,0.003,0.0,0.0,18.197,21.429,Africa,Africa,False,False,False,False,False
Central African Republic,CAF,2009,Country or economy,Renewables,True,0.14,0.0,0.0,87.5,0.0,0.02,0.003,0.0,0.0,18.197,21.429,Africa,Africa,False,False,False,False,False
Central African Republic,CAF,2009,Country or economy,Clean,True,0.14,0.0,0.0,87.5,0.0,0.02,0.003,0.0,0.0,18.197,21.429,Africa,Africa,False,False,False,False,False
Central African Republic,CAF,2009,Country or economy,Fossil,True,0.02,0.0,0.0,12.5,0.0,0.02,0.013,0.0,0.0,78.853,650.0,Africa,Africa,False,False,False,False,False
Central African Republic,CAF,2009,Country or economy,Total generation,True,0.16,0.0,0.0,100.0,0.0,0.04,0.016,0.0,0.0,97.05,100.0,Africa,Africa,False,False,False,False,False
Central African Republic,CAF,2009,Country or economy,Demand,True,0.16,0.0,0.0,100.0,0.0,,,,,,,Africa,Africa,False,False,False,False,False
Central African Republic,CAF,2010,Country or economy,Solar,False,0.0,0.0,,0.0,0.0,0.0,0.0,0.0,,0.0,,Africa,Africa,False,False,False,False,False
Central African Republic,CAF,2010,Country or economy,Wind,False,0.0,0.0,,0.0,0.0,0.0,0.0,0.0,,0.0,,Africa,Africa,False,False,False,False,False
Central African Republic,CAF,2010,Country or economy,Hydro,False,0.13,-0.01,-7.143,81.25,-6.25,0.02,0.003,0.0,0.0,13.141,23.077,Africa,Africa,False,False,False,False,False
Central African Republic,CAF,2010,Country or economy,Bioenergy,False,0.0,0.0,,0.0,0.0,0.0,0.0,0.0,,0.0,,Africa,Africa,False,False,False,False,False
Central African Republic,CAF,2010,Country or economy,Other renewables,False,0.0,0.0,,0.0,0.0,0.0,0.0,0.0,,0.0,,Africa,Africa,False,False,False,False,False
Central African Republic,CAF,2010,Country or economy,Nuclear,False,0.0,0.0,,0.0,0.0,0.0,0.0,0.0,,0.0,,Africa,Africa,False,False,False,False,False
Central African Republic,CAF,2010,Country or economy,Coal,False,0.0,0.0,,0.0,0.0,,0.0,0.0,,0.0,,Africa,Africa,False,False,False,False,False
Central African Republic,CAF,2010,Country or economy,Gas,False,0.0,0.0,,0.0,0.0,,0.0,0.0,,0.0,,Africa,Africa,False,False,False,False,False
Central African Republic,CAF,2010,Country or economy,Other fossil,False,0.03,0.01,50.0,18.75,6.25,0.02,0.02,0.007,53.846,87.609,666.667,Africa,Africa,False,False,False,False,False
Central African Republic,CAF,2010,Country or economy,Net imports,False,0.0,0.0,,0.0,0.0,,0.0,0.0,,0.0,,Africa,Africa,False,False,False,False,False
Central African Republic,CAF,2010,Country or economy,Wind and solar,True,0.0,0.0,,0.0,0.0,0.0,0.0,0.0,,0.0,,Africa,Africa,False,False,False,False,False
Central African Republic,CAF,2010,Country or economy,"Hydro, bioenergy and other renewables",True,0.13,-0.01,-7.143,81.25,-6.25,0.02,0.003,0.0,0.0,13.141,23.077,Africa,Africa,False,False,False,False,False
Central African Republic,CAF,2010,Country or economy,Renewables,True,0.13,-0.01,-7.143,81.25,-6.25,0.02,0.003,0.0,0.0,13.141,23.077,Africa,Africa,False,False,False,False,False
Central African Republic,CAF,2010,Country or economy,Clean,True,0.13,-0.01,-7.143,81.25,-6.25,0.02,0.003,0.0,0.0,13.141,23.077,Africa,Africa,False,False,False,False,False
Central African Republic,CAF,2010,Country or economy,Fossil,True,0.03,0.01,50.0,18.75,6.25,0.02,0.02,0.007,53.846,87.609,666.667,Africa,Africa,False,False,False,False,False
Central African Republic,CAF,2010,Country or economy,Total generation,True,0.16,0.0,0.0,100.0,0.0,0.04,0.023,0.007,43.75,100.75,143.75,Africa,Africa,False,False,False,False,False
Central African Republic,CAF,2010,Country or economy,Demand,True,0.16,0.0,0.0,100.0,0.0,,,,,,,Africa,Africa,False,False,False,False,False
Central African Republic,CAF,2011,Country or economy,Solar,False,0.0,0.0,,0.0,0.0,0.0,0.0,0.0,,0.0,,Africa,Africa,False,False,False,False,False
Central African Republic,CAF,2011,Country or economy,Wind,False,0.0,0.0,,0.0,0.0,0.0,0.0,0.0,,0.0,,Africa,Africa,False,False,False,False,False
Central African Republic,CAF,2011,Country or economy,Hydro,False,0.15,0.02,15.385,83.333,2.083,0.02,0.004,0.001,33.333,17.164,26.667,Africa,Africa,False,False,False,False,False
Central African Republic,CAF,2011,Country or economy,Bioenergy,False,0.0,0.0,,0.0,0.0,0.0,0.0,0.0,,0.0,,Africa,Africa,False,False,False,False,False
Central African Republic,CAF,2011,Country or economy,Other renewables,False,0.0,0.0,,0.0,0.0,0.0,0.0,0.0,,0.0,,Africa,Africa,False,False,False,False,False
Central African Republic,CAF,2011,Country or economy,Nuclear,False,0.0,0.0,,0.0,0.0,0.0,0.0,0.0,,0.0,,Africa,Africa,False,False,False,False,False
Central African Republic,CAF,2011,Country or economy,Coal,False,0.0,0.0,,0.0,0.0,,0.0,0.0,,0.0,,Africa,Africa,False,False,False,False,False
Central African Republic,CAF,2011,Country or economy,Gas,False,0.0,0.0,,0.0,0.0,,0.0,0.0,,0.0,,Africa,Africa,False,False,False,False,False
Central African Republic,CAF,2011,Country or economy,Other fossil,False,0.03,0.0,0.0,16.667,-2.083,0.02,0.02,0.0,0.0,85.822,666.667,Africa,Africa,False,False,False,False,False
Central African Republic,CAF,2011,Country or economy,Net imports,False,0.0,0.0,,0.0,0.0,,0.0,0.0,,0.0,,Africa,Africa,False,False,False,False,False
Central African Republic,CAF,2011,Country or economy,Wind and solar,True,0.0,0.0,,0.0,0.0,0.0,0.0,0.0,,0.0,,Africa,Africa,False,False,False,False,False
Central African Republic,CAF,2011,Country or economy,"Hydro, bioenergy and other renewables",True,0.15,0.02,15.385,83.333,2.083,0.02,0.004,0.001,33.333,17.164,26.667,Africa,Africa,False,False,False,False,False
Central African Republic,CAF,2011,Country or economy,Renewables,True,0.15,0.02,15.385,83.333,2.083,0.02,0.004,0.001,33.333,17.164,26.667,Africa,Africa,False,False,False,False,False
Central African Republic,CAF,2011,Country or economy,Clean,True,0.15,0.02,15.385,83.333,2.083,0.02,0.004,0.001,33.333,17.164,26.667,Africa,Africa,False,False,False,False,False
Central African Republic,CAF,2011,Country or economy,Fossil,True,0.03,0.0,0.0,16.667,-2.083,0.02,0.02,0.0,0.0,85.822,666.667,Africa,Africa,False,False,False,False,False
Central African Republic,CAF,2011,Country or economy,Total generation,True,0.18,0.02,12.5,100.0,0.0,0.04,0.023,0.0,0.0,98.696,127.778,Africa,Africa,False,False,False,False,False
Central African Republic,CAF,2011,Country or economy,Demand,True,0.18,0.02,12.5,100.0,0.0,,,,,,,Africa,Africa,False,False,False,False,False
Central African Republic,CAF,2012,Country or economy,Solar,False,0.0,0.0,,0.0,0.0,0.0,0.0,0.0,,0.0,,Africa,Africa,False,False,False,False,False
Central African Republic,CAF,2012,Country or economy,Wind,False,0.0,0.0,,0.0,0.0,0.0,0.0,0.0,,0.0,,Africa,Africa,False,False,False,False,False
Central African Republic,CAF,2012,Country or economy,Hydro,False,0.15,0.0,0.0,83.333,0.0,0.02,0.004,0.0,0.0,17.164,26.667,Africa,Africa,False,False,False,False,False
Central African Republic,CAF,2012,Country or economy,Bioenergy,False,0.0,0.0,,0.0,0.0,0.0,0.0,0.0,,0.0,,Africa,Africa,False,False,False,False,False
Central African Republic,CAF,2012,Country or economy,Other renewables,False,0.0,0.0,,0.0,0.0,0.0,0.0,0.0,,0.0,,Africa,Africa,False,False,False,False,False
Central African Republic,CAF,2012,Country or economy,Nuclear,False,0.0,0.0,,0.0,0.0,0.0,0.0,0.0,,0.0,,Africa,Africa,False,False,False,False,False
Central African Republic,CAF,2012,Country or economy,Coal,False,0.0,0.0,,0.0,0.0,,0.0,0.0,,0.0,,Africa,Africa,False,False,False,False,False
Central African Republic,CAF,2012,Country or economy,Gas,False,0.0,0.0,,0.0,0.0,,0.0,0.0,,0.0,,Africa,Africa,False,False,False,False,False
Central African Republic,CAF,2012,Country or economy,Other fossil,False,0.03,0.0,0.0,16.667,0.0,0.02,0.02,0.0,0.0,85.822,666.667,Africa,Africa,False,False,False,False,False
Central African Republic,CAF,2012,Country or economy,Net imports,False,0.0,0.0,,0.0,0.0,,0.0,0.0,,0.0,,Africa,Africa,False,False,False,False,False
Central African Republic,CAF,2012,Country or economy,Wind and solar,True,0.0,0.0,,0.0,0.0,0.0,0.0,0.0,,0.0,,Africa,Africa,False,False,False,False,False
Central African Republic,CAF,2012,Country or economy,"Hydro, bioenergy and other renewables",True,0.15,0.0,0.0,83.333,0.0,0.02,0.004,0.0,0.0,17.164,26.667,Africa,Africa,False,False,False,False,False
Central African Republic,CAF,2012,Country or economy,Renewables,True,0.15,0.0,0.0,83.333,0.0,0.02,0.004,0.0,0.0,17.164,26.667,Africa,Africa,False,False,False,False,False
Central African Republic,CAF,2012,Country or economy,Clean,True,0.15,0.0,0.0,83.333,0.0,0.02,0.004,0.0,0.0,17.164,26.667,Africa,Africa,False,False,False,False,False
Central African Republic,CAF,2012,Country or economy,Fossil,True,0.03,0.0,0.0,16.667,0.0,0.02,0.02,0.0,0.0,85.822,666.667,Africa,Africa,False,False,False,False,False
Central African Republic,CAF,2012,Country or economy,Total generation,True,0.18,0.0,0.0,100.0,0.0,0.04,0.023,0.0,0.0,98.696,127.778,Africa,Africa,False,False,False,False,False
Central African Republic,CAF,2012,Country or economy,Demand,True,0.18,0.0,0.0,100.0,0.0,,,,,,,Africa,Africa,False,False,False,False,False
Central African Republic,CAF,2013,Country or economy,Solar,False,0.0,0.0,,0.0,0.0,0.0,0.0,0.0,,0.0,,Africa,Africa,False,False,False,False,False
Central African Republic,CAF,2013,Country or economy,Wind,False,0.0,0.0,,0.0,0.0,0.0,0.0,0.0,,0.0,,Africa,Africa,False,False,False,False,False
Central African Republic,CAF,2013,Country or economy,Hydro,False,0.14,-0.01,-6.667,100.0,16.667,0.02,0.003,-0.001,-25.0,90.188,21.429,Africa,Africa,False,False,False,False,False
Central African Republic,CAF,2013,Country or economy,Bioenergy,False,0.0,0.0,,0.0,0.0,0.0,0.0,0.0,,0.0,,Africa,Africa,False,False,False,False,False
Central African Republic,CAF,2013,Country or economy,Other renewables,False,0.0,0.0,,0.0,0.0,0.0,0.0,0.0,,0.0,,Africa,Africa,False,False,False,False,False
Central African Republic,CAF,2013,Country or economy,Nuclear,False,0.0,0.0,,0.0,0.0,0.0,0.0,0.0,,0.0,,Africa,Africa,False,False,False,False,False
Central African Republic,CAF,2013,Country or economy,Coal,False,0.0,0.0,,0.0,0.0,,0.0,0.0,,0.0,,Africa,Africa,False,False,False,False,False
Central African Republic,CAF,2013,Country or economy,Gas,False,0.0,0.0,,0.0,0.0,,0.0,0.0,,0.0,,Africa,Africa,False,False,False,False,False
Central African Republic,CAF,2013,Country or economy,Other fossil,False,0.0,-0.03,-100.0,0.0,-16.667,0.02,0.0,-0.02,-100.0,0.0,,Africa,Africa,False,False,False,False,False
Central African Republic,CAF,2013,Country or economy,Net imports,False,0.0,0.0,,0.0,0.0,,0.0,0.0,,0.0,,Africa,Africa,False,False,False,False,False
Central African Republic,CAF,2013,Country or economy,Wind and solar,True,0.0,0.0,,0.0,0.0,0.0,0.0,0.0,,0.0,,Africa,Africa,False,False,False,False,False
Central African Republic,CAF,2013,Country or economy,"Hydro, bioenergy and other renewables",True,0.14,-0.01,-6.667,100.0,16.667,0.02,0.003,-0.001,-25.0,90.188,21.429,Africa,Africa,False,False,False,False,False
Central African Republic,CAF,2013,Country or economy,Renewables,True,0.14,-0.01,-6.667,100.0,16.667,0.02,0.003,-0.001,-25.0,90.188,21.429,Africa,Africa,False,False,False,False,False
Central African Republic,CAF,2013,Country or economy,Clean,True,0.14,-0.01,-6.667,100.0,16.667,0.02,0.003,-0.001,-25.0,90.188,21.429,Africa,Africa,False,False,False,False,False
Central African Republic,CAF,2013,Country or economy,Fossil,True,0.0,-0.03,-100.0,0.0,-16.667,0.02,0.0,-0.02,-100.0,0.0,,Africa,Africa,False,False,False,False,False
Central African Republic,CAF,2013,Country or economy,Total generation,True,0.14,-0.04,-22.222,100.0,0.0,0.04,0.003,-0.02,-86.957,90.188,21.429,Africa,Africa,False,False,False,False,False
Central African Republic,CAF,2013,Country or economy,Demand,True,0.14,-0.04,-22.222,100.0,0.0,,,,,,,Africa,Africa,False,False,False,False,False
Central African Republic,CAF,2014,Country or economy,Solar,False,0.0,0.0,,0.0,0.0,0.0,0.0,0.0,,0.0,,Africa,Africa,False,False,False,False,False
Central African Republic,CAF,2014,Country or economy,Wind,False,0.0,0.0,,0.0,0.0,0.0,0.0,0.0,,0.0,,Africa,Africa,False,False,False,False,False
Central African Republic,CAF,2014,Country or economy,Hydro,False,0.17,0.03,21.429,100.0,0.0,0.02,0.004,0.001,33.333,99.03,23.529,Africa,Africa,False,False,False,False,False
Central African Republic,CAF,2014,Country or economy,Bioenergy,False,0.0,0.0,,0.0,0.0,0.0,0.0,0.0,,0.0,,Africa,Africa,False,False,False,False,False
Central African Republic,CAF,2014,Country or economy,Other renewables,False,0.0,0.0,,0.0,0.0,0.0,0.0,0.0,,0.0,,Africa,Africa,False,False,False,False,False
Central African Republic,CAF,2014,Country or economy,Nuclear,False,0.0,0.0,,0.0,0.0,0.0,0.0,0.0,,0.0,,Africa,Africa,False,False,False,False,False
Central African Republic,CAF,2014,Country or economy,Coal,False,0.0,0.0,,0.0,0.0,,0.0,0.0,,0.0,,Africa,Africa,False,False,False,False,False
Central African Republic,CAF,2014,Country or economy,Gas,False,0.0,0.0,,0.0,0.0,,0.0,0.0,,0.0,,Africa,Africa,False,False,False,False,False
Central African Republic,CAF,2014,Country or economy,Other fossil,False,0.0,0.0,,0.0,0.0,0.02,0.0,0.0,,0.0,,Africa,Africa,False,False,False,False,False
Central African Republic,CAF,2014,Country or economy,Net imports,False,0.0,0.0,,0.0,0.0,,0.0,0.0,,0.0,,Africa,Africa,False,False,False,False,False
Central African Republic,CAF,2014,Country or economy,Wind and solar,True,0.0,0.0,,0.0,0.0,0.0,0.0,0.0,,0.0,,Africa,Africa,False,False,False,False,False
Central African Republic,CAF,2014,Country or economy,"Hydro, bioenergy and other renewables",True,0.17,0.03,21.429,100.0,0.0,0.02,0.004,0.001,33.333,99.03,23.529,Africa,Africa,False,False,False,False,False
Central African Republic,CAF,2014,Country or economy,Renewables,True,0.17,0.03,21.429,100.0,0.0,0.02,0.004,0.001,33.333,99.03,23.529,Africa,Africa,False,False,False,False,False
Central African Republic,CAF,2014,Country or economy,Clean,True,0.17,0.03,21.429,100.0,0.0,0.02,0.004,0.001,33.333,99.03,23.529,Africa,Africa,False,False,False,False,False
Central African Republic,CAF,2014,Country or economy,Fossil,True,0.0,0.0,,0.0,0.0,0.02,0.0,0.0,,0.0,,Africa,Africa,False,False,False,False,False
Central African Republic,CAF,2014,Country or economy,Total generation,True,0.17,0.03,21.429,100.0,0.0,0.04,0.004,0.001,33.333,99.03,23.529,Africa,Africa,False,False,False,False,False
Central African Republic,CAF,2014,Country or economy,Demand,True,0.17,0.03,21.429,100.0,0.0,,,,,,,Africa,Africa,False,False,False,False,False
Central African Republic,CAF,2015,Country or economy,Solar,False,0.0,0.0,,0.0,0.0,0.0,0.0,0.0,,0.0,,Africa,Africa,False,False,False,False,False
Central African Republic,CAF,2015,Country or economy,Wind,False,0.0,0.0,,0.0,0.0,0.0,0.0,0.0,,0.0,,Africa,Africa,False,False,False,False,False
Central African Republic,CAF,2015,Country or economy,Hydro,False,0.17,0.0,0.0,100.0,0.0,0.02,0.004,0.0,0.0,99.03,23.529,Africa,Africa,False,False,False,False,False
Central African Republic,CAF,2015,Country or economy,Bioenergy,False,0.0,0.0,,0.0,0.0,0.0,0.0,0.0,,0.0,,Africa,Africa,False,False,False,False,False
Central African Republic,CAF,2015,Country or economy,Other renewables,False,0.0,0.0,,0.0,0.0,0.0,0.0,0.0,,0.0,,Africa,Africa,False,False,False,False,False
Central African Republic,CAF,2015,Country or economy,Nuclear,False,0.0,0.0,,0.0,0.0,0.0,0.0,0.0,,0.0,,Africa,Africa,False,False,False,False,False
Central African Republic,CAF,2015,Country or economy,Coal,False,0.0,0.0,,0.0,0.0,,0.0,0.0,,0.0,,Africa,Africa,False,False,False,False,False
Central African Republic,CAF,2015,Country or economy,Gas,False,0.0,0.0,,0.0,0.0,,0.0,0.0,,0.0,,Africa,Africa,False,False,False,False,False
Central African Republic,CAF,2015,Country or economy,Other fossil,False,0.0,0.0,,0.0,0.0,0.02,0.0,0.0,,0.0,,Africa,Africa,False,False,False,False,False
Central African Republic,CAF,2015,Country or economy,Net imports,False,0.0,0.0,,0.0,0.0,,0.0,0.0,,0.0,,Africa,Africa,False,False,False,False,False
Central African Republic,CAF,2015,Country or economy,Wind and solar,True,0.0,0.0,,0.0,0.0,0.0,0.0,0.0,,0.0,,Africa,Africa,False,False,False,False,False
Central African Republic,CAF,2015,Country or economy,"Hydro, bioenergy and other renewables",True,0.17,0.0,0.0,100.0,0.0,0.02,0.004,0.0,0.0,99.03,23.529,Africa,Africa,False,False,False,False,False
Central African Republic,CAF,2015,Country or economy,Renewables,True,0.17,0.0,0.0,100.0,0.0,0.02,0.004,0.0,0.0,99.03,23.529,Africa,Africa,False,False,False,False,False
Central African Republic,CAF,2015,Country or economy,Clean,True,0.17,0.0,0.0,100.0,0.0,0.02,0.004,0.0,0.0,99.03,23.529,Africa,Africa,False,False,False,False,False
Central African Republic,CAF,2015,Country or economy,Fossil,True,0.0,0.0,,0.0,0.0,0.02,0.0,0.0,,0.0,,Africa,Africa,False,False,False,False,False
Central African Republic,CAF,2015,Country or economy,Total generation,True,0.17,0.0,0.0,100.0,0.0,0.04,0.004,0.0,0.0,99.03,23.529,Africa,Africa,False,False,False,False,False
Central African Republic,CAF,2015,Country or economy,Demand,True,0.17,0.0,0.0,100.0,0.0,,,,,,,Africa,Africa,False,False,False,False,False
Central African Republic,CAF,2016,Country or economy,Solar,False,0.0,0.0,,0.0,0.0,0.0,0.0,0.0,,0.0,,Africa,Africa,False,False,False,False,False
Central African Republic,CAF,2016,Country or economy,Wind,False,0.0,0.0,,0.0,0.0,0.0,0.0,0.0,,0.0,,Africa,Africa,False,False,False,False,False
Central African Republic,CAF,2016,Country or economy,Hydro,False,0.17,0.0,0.0,100.0,0.0,0.02,0.004,0.0,0.0,99.03,23.529,Africa,Africa,False,False,False,False,False
Central African Republic,CAF,2016,Country or economy,Bioenergy,False,0.0,0.0,,0.0,0.0,0.0,0.0,0.0,,0.0,,Africa,Africa,False,False,False,False,False
Central African Republic,CAF,2016,Country or economy,Other renewables,False,0.0,0.0,,0.0,0.0,0.0,0.0,0.0,,0.0,,Africa,Africa,False,False,False,False,False
Central African Republic,CAF,2016,Country or economy,Nuclear,False,0.0,0.0,,0.0,0.0,0.0,0.0,0.0,,0.0,,Africa,Africa,False,False,False,False,False
Central African Republic,CAF,2016,Country or economy,Coal,False,0.0,0.0,,0.0,0.0,,0.0,0.0,,0.0,,Africa,Africa,False,False,False,False,False
Central African Republic,CAF,2016,Country or economy,Gas,False,0.0,0.0,,0.0,0.0,,0.0,0.0,,0.0,,Africa,Africa,False,False,False,False,False
Central African Republic,CAF,2016,Country or economy,Other fossil,False,0.0,0.0,,0.0,0.0,0.02,0.0,0.0,,0.0,,Africa,Africa,False,False,False,False,False
Central African Republic,CAF,2016,Country or economy,Net imports,False,0.0,0.0,,0.0,0.0,,0.0,0.0,,0.0,,Africa,Africa,False,False,False,False,False
Central African Republic,CAF,2016,Country or economy,Wind and solar,True,0.0,0.0,,0.0,0.0,0.0,0.0,0.0,,0.0,,Africa,Africa,False,False,False,False,False
Central African Republic,CAF,2016,Country or economy,"Hydro, bioenergy and other renewables",True,0.17,0.0,0.0,100.0,0.0,0.02,0.004,0.0,0.0,99.03,23.529,Africa,Africa,False,False,False,False,False
Central African Republic,CAF,2016,Country or economy,Renewables,True,0.17,0.0,0.0,100.0,0.0,0.02,0.004,0.0,0.0,99.03,23.529,Africa,Africa,False,False,False,False,False
Central African Republic,CAF,2016,Country or economy,Clean,True,0.17,0.0,0.0,100.0,0.0,0.02,0.004,0.0,0.0,99.03,23.529,Africa,Africa,False,False,False,False,False
Central African Republic,CAF,2016,Country or economy,Fossil,True,0.0,0.0,,0.0,0.0,0.02,0.0,0.0,,0.0,,Africa,Africa,False,False,False,False,False
Central African Republic,CAF,2016,Country or economy,Total generation,True,0.17,0.0,0.0,100.0,0.0,0.04,0.004,0.0,0.0,99.03,23.529,Africa,Africa,False,False,False,False,False
Central African Republic,CAF,2016,Country or economy,Demand,True,0.17,0.0,0.0,100.0,0.0,,,,,,,Africa,Africa,False,False,False,False,False
Central African Republic,CAF,2017,Country or economy,Solar,False,0.0,0.0,,0.0,0.0,0.0,0.0,0.0,,0.0,,Africa,Africa,False,False,False,False,False
Central African Republic,CAF,2017,Country or economy,Wind,False,0.0,0.0,,0.0,0.0,0.0,0.0,0.0,,0.0,,Africa,Africa,False,False,False,False,False
Central African Republic,CAF,2017,Country or economy,Hydro,False,0.15,-0.02,-11.765,100.0,0.0,0.02,0.004,0.0,0.0,112.233,26.667,Africa,Africa,False,False,False,False,False
Central African Republic,CAF,2017,Country or economy,Bioenergy,False,0.0,0.0,,0.0,0.0,0.0,0.0,0.0,,0.0,,Africa,Africa,False,False,False,False,False
Central African Republic,CAF,2017,Country or economy,Other renewables,False,0.0,0.0,,0.0,0.0,0.0,0.0,0.0,,0.0,,Africa,Africa,False,False,False,False,False
Central African Republic,CAF,2017,Country or economy,Nuclear,False,0.0,0.0,,0.0,0.0,0.0,0.0,0.0,,0.0,,Africa,Africa,False,False,False,False,False
Central African Republic,CAF,2017,Country or economy,Coal,False,0.0,0.0,,0.0,0.0,,0.0,0.0,,0.0,,Africa,Africa,False,False,False,False,False
Central African Republic,CAF,2017,Country or economy,Gas,False,0.0,0.0,,0.0,0.0,,0.0,0.0,,0.0,,Africa,Africa,False,False,False,False,False
Central African Republic,CAF,2017,Country or economy,Other fossil,False,0.0,0.0,,0.0,0.0,0.02,0.0,0.0,,0.0,,Africa,Africa,False,False,False,False,False
Central African Republic,CAF,2017,Country or economy,Net imports,False,0.0,0.0,,0.0,0.0,,0.0,0.0,,0.0,,Africa,Africa,False,False,False,False,False
Central African Republic,CAF,2017,Country or economy,Wind and solar,True,0.0,0.0,,0.0,0.0,0.0,0.0,0.0,,0.0,,Africa,Africa,False,False,False,False,False
Central African Republic,CAF,2017,Country or economy,"Hydro, bioenergy and other renewables",True,0.15,-0.02,-11.765,100.0,0.0,0.02,0.004,0.0,0.0,112.233,26.667,Africa,Africa,False,False,False,False,False
Central African Republic,CAF,2017,Country or economy,Renewables,True,0.15,-0.02,-11.765,100.0,0.0,0.02,0.004,0.0,0.0,112.233,26.667,Africa,Africa,False,False,False,False,False
Central African Republic,CAF,2017,Country or economy,Clean,True,0.15,-0.02,-11.765,100.0,0.0,0.02,0.004,0.0,0.0,112.233,26.667,Africa,Africa,False,False,False,False,False
Central African Republic,CAF,2017,Country or economy,Fossil,True,0.0,0.0,,0.0,0.0,0.02,0.0,0.0,,0.0,,Africa,Africa,False,False,False,False,False
Central African Republic,CAF,2017,Country or economy,Total generation,True,0.15,-0.02,-11.765,100.0,0.0,0.04,0.004,0.0,0.0,112.233,26.667,Africa,Africa,False,False,False,False,False
Central African Republic,CAF,2017,Country or economy,Demand,True,0.15,-0.02,-11.765,100.0,0.0,,,,,,,Africa,Africa,False,False,False,False,False
Central African Republic,CAF,2018,Country or economy,Solar,False,0.0,0.0,,0.0,0.0,0.0,0.0,0.0,,0.0,,Africa,Africa,False,False,False,False,False
Central African Republic,CAF,2018,Country or economy,Wind,False,0.0,0.0,,0.0,0.0,0.0,0.0,0.0,,0.0,,Africa,Africa,False,False,False,False,False
Central African Republic,CAF,2018,Country or economy,Hydro,False,0.15,0.0,0.0,100.0,0.0,0.02,0.004,0.0,0.0,112.233,26.667,Africa,Africa,False,False,False,False,False
Central African Republic,CAF,2018,Country or economy,Bioenergy,False,0.0,0.0,,0.0,0.0,0.0,0.0,0.0,,0.0,,Africa,Africa,False,False,False,False,False
Central African Republic,CAF,2018,Country or economy,Other renewables,False,0.0,0.0,,0.0,0.0,0.0,0.0,0.0,,0.0,,Africa,Africa,False,False,False,False,False
Central African Republic,CAF,2018,Country or economy,Nuclear,False,0.0,0.0,,0.0,0.0,0.0,0.0,0.0,,0.0,,Africa,Africa,False,False,False,False,False
Central African Republic,CAF,2018,Country or economy,Coal,False,0.0,0.0,,0.0,0.0,,0.0,0.0,,0.0,,Africa,Africa,False,False,False,False,False
Central African Republic,CAF,2018,Country or economy,Gas,False,0.0,0.0,,0.0,0.0,,0.0,0.0,,0.0,,Africa,Africa,False,False,False,False,False
Central African Republic,CAF,2018,Country or economy,Other fossil,False,0.0,0.0,,0.0,0.0,0.02,0.0,0.0,,0.0,,Africa,Africa,False,False,False,False,False
Central African Republic,CAF,2018,Country or economy,Net imports,False,0.0,0.0,,0.0,0.0,,0.0,0.0,,0.0,,Africa,Africa,False,False,False,False,False
Central African Republic,CAF,2018,Country or economy,Wind and solar,True,0.0,0.0,,0.0,0.0,0.0,0.0,0.0,,0.0,,Africa,Africa,False,False,False,False,False
Central African Republic,CAF,2018,Country or economy,"Hydro, bioenergy and other renewables",True,0.15,0.0,0.0,100.0,0.0,0.02,0.004,0.0,0.0,112.233,26.667,Africa,Africa,False,False,False,False,False
Central African Republic,CAF,2018,Country or economy,Renewables,True,0.15,0.0,0.0,100.0,0.0,0.02,0.004,0.0,0.0,112.233,26.667,Africa,Africa,False,False,False,False,False
Central African Republic,CAF,2018,Country or economy,Clean,True,0.15,0.0,0.0,100.0,0.0,0.02,0.004,0.0,0.0,112.233,26.667,Africa,Africa,False,False,False,False,False
Central African Republic,CAF,2018,Country or economy,Fossil,True,0.0,0.0,,0.0,0.0,0.02,0.0,0.0,,0.0,,Africa,Africa,False,False,False,False,False
Central African Republic,CAF,2018,Country or economy,Total generation,True,0.15,0.0,0.0,100.0,0.0,0.04,0.004,0.0,0.0,112.233,26.667,Africa,Africa,False,False,False,False,False
Central African Republic,CAF,2018,Country or economy,Demand,True,0.15,0.0,0.0,100.0,0.0,,,,,,,Africa,Africa,False,False,False,False,False
Central African Republic,CAF,2019,Country or economy,Solar,False,0.0,0.0,,0.0,0.0,0.0,0.0,0.0,,0.0,,Africa,Africa,False,False,False,False,False
Central African Republic,CAF,2019,Country or economy,Wind,False,0.0,0.0,,0.0,0.0,0.0,0.0,0.0,,0.0,,Africa,Africa,False,False,False,False,False
Central African Republic,CAF,2019,Country or economy,Hydro,False,0.15,0.0,0.0,100.0,0.0,0.02,0.004,0.0,0.0,112.233,26.667,Africa,Africa,False,False,False,False,False
Central African Republic,CAF,2019,Country or economy,Bioenergy,False,0.0,0.0,,0.0,0.0,0.0,0.0,0.0,,0.0,,Africa,Africa,False,False,False,False,False
Central African Republic,CAF,2019,Country or economy,Other renewables,False,0.0,0.0,,0.0,0.0,0.0,0.0,0.0,,0.0,,Africa,Africa,False,False,False,False,False
Central African Republic,CAF,2019,Country or economy,Nuclear,False,0.0,0.0,,0.0,0.0,0.0,0.0,0.0,,0.0,,Africa,Africa,False,False,False,False,False
Central African Republic,CAF,2019,Country or economy,Coal,False,0.0,0.0,,0.0,0.0,,0.0,0.0,,0.0,,Africa,Africa,False,False,False,False,False
Central African Republic,CAF,2019,Country or economy,Gas,False,0.0,0.0,,0.0,0.0,,0.0,0.0,,0.0,,Africa,Africa,False,False,False,False,False
Central African Republic,CAF,2019,Country or economy,Other fossil,False,0.0,0.0,,0.0,0.0,0.02,0.0,0.0,,0.0,,Africa,Africa,False,False,False,False,False
Central African Republic,CAF,2019,Country or economy,Net imports,False,0.0,0.0,,0.0,0.0,,0.0,0.0,,0.0,,Africa,Africa,False,False,False,False,False
Central African Republic,CAF,2019,Country or economy,Wind and solar,True,0.0,0.0,,0.0,0.0,0.0,0.0,0.0,,0.0,,Africa,Africa,False,False,False,False,False
Central African Republic,CAF,2019,Country or economy,"Hydro, bioenergy and other renewables",True,0.15,0.0,0.0,100.0,0.0,0.02,0.004,0.0,0.0,112.233,26.667,Africa,Africa,False,False,False,False,False
Central African Republic,CAF,2019,Country or economy,Renewables,True,0.15,0.0,0.0,100.0,0.0,0.02,0.004,0.0,0.0,112.233,26.667,Africa,Africa,False,False,False,False,False
Central African Republic,CAF,2019,Country or economy,Clean,True,0.15,0.0,0.0,100.0,0.0,0.02,0.004,0.0,0.0,112.233,26.667,Africa,Africa,False,False,False,False,False
Central African Republic,CAF,2019,Country or economy,Fossil,True,0.0,0.0,,0.0,0.0,0.02,0.0,0.0,,0.0,,Africa,Africa,False,False,False,False,False
Central African Republic,CAF,2019,Country or economy,Total generation,True,0.15,0.0,0.0,100.0,0.0,0.04,0.004,0.0,0.0,112.233,26.667,Africa,Africa,False,False,False,False,False
Central African Republic,CAF,2019,Country or economy,Demand,True,0.15,0.0,0.0,100.0,0.0,,,,,,,Africa,Africa,False,False,False,False,False
Central African Republic,CAF,2020,Country or economy,Solar,False,0.0,0.0,,0.0,0.0,0.0,0.0,0.0,,0.0,,Africa,Africa,False,False,False,False,False
Central African Republic,CAF,2020,Country or economy,Wind,False,0.0,0.0,,0.0,0.0,0.0,0.0,0.0,,0.0,,Africa,Africa,False,False,False,False,False
Central African Republic,CAF,2020,Country or economy,Hydro,False,0.15,0.0,0.0,100.0,0.0,0.02,0.004,0.0,0.0,112.233,26.667,Africa,Africa,False,False,False,False,False
Central African Republic,CAF,2020,Country or economy,Bioenergy,False,0.0,0.0,,0.0,0.0,0.0,0.0,0.0,,0.0,,Africa,Africa,False,False,False,False,False
Central African Republic,CAF,2020,Country or economy,Other renewables,False,0.0,0.0,,0.0,0.0,0.0,0.0,0.0,,0.0,,Africa,Africa,False,False,False,False,False
Central African Republic,CAF,2020,Country or economy,Nuclear,False,0.0,0.0,,0.0,0.0,0.0,0.0,0.0,,0.0,,Africa,Africa,False,False,False,False,False
Central African Republic,CAF,2020,Country or economy,Coal,False,0.0,0.0,,0.0,0.0,,0.0,0.0,,0.0,,Africa,Africa,False,False,False,False,False
Central African Republic,CAF,2020,Country or economy,Gas,False,0.0,0.0,,0.0,0.0,,0.0,0.0,,0.0,,Africa,Africa,False,False,False,False,False
Central African Republic,CAF,2020,Country or economy,Other fossil,False,0.0,0.0,,0.0,0.0,0.02,0.0,0.0,,0.0,,Africa,Africa,False,False,False,False,False
Central African Republic,CAF,2020,Country or economy,Net imports,False,0.0,0.0,,0.0,0.0,,0.0,0.0,,0.0,,Africa,Africa,False,False,False,False,False
Central African Republic,CAF,2020,Country or economy,Wind and solar,True,0.0,0.0,,0.0,0.0,0.0,0.0,0.0,,0.0,,Africa,Africa,False,False,False,False,False
Central African Republic,CAF,2020,Country or economy,"Hydro, bioenergy and other renewables",True,0.15,0.0,0.0,100.0,0.0,0.02,0.004,0.0,0.0,112.233,26.667,Africa,Africa,False,False,False,False,False
Central African Republic,CAF,2020,Country or economy,Renewables,True,0.15,0.0,0.0,100.0,0.0,0.02,0.004,0.0,0.0,112.233,26.667,Africa,Africa,False,False,False,False,False
Central African Republic,CAF,2020,Country or economy,Clean,True,0.15,0.0,0.0,100.0,0.0,0.02,0.004,0.0,0.0,112.233,26.667,Africa,Africa,False,False,False,False,False
Central African Republic,CAF,2020,Country or economy,Fossil,True,0.0,0.0,,0.0,0.0,0.02,0.0,0.0,,0.0,,Africa,Africa,False,False,False,False,False
Central African Republic,CAF,2020,Country or economy,Total generation,True,0.15,0.0,0.0,100.0,0.0,0.04,0.004,0.0,0.0,112.233,26.667,Africa,Africa,False,False,False,False,False
Central African Republic,CAF,2020,Country or economy,Demand,True,0.15,0.0,0.0,100.0,0.0,,,,,,,Africa,Africa,False,False,False,False,False
Central African Republic,CAF,2021,Country or economy,Solar,False,0.0,0.0,,0.0,0.0,0.0,0.0,0.0,,0.0,,Africa,Africa,False,False,False,False,False
Central African Republic,CAF,2021,Country or economy,Wind,False,0.0,0.0,,0.0,0.0,0.0,0.0,0.0,,0.0,,Africa,Africa,False,False,False,False,False
Central African Republic,CAF,2021,Country or economy,Hydro,False,0.15,0.0,0.0,100.0,0.0,0.02,0.004,0.0,0.0,112.233,26.667,Africa,Africa,False,False,False,False,False
Central African Republic,CAF,2021,Country or economy,Bioenergy,False,0.0,0.0,,0.0,0.0,0.0,0.0,0.0,,0.0,,Africa,Africa,False,False,False,False,False
Central African Republic,CAF,2021,Country or economy,Other renewables,False,0.0,0.0,,0.0,0.0,0.0,0.0,0.0,,0.0,,Africa,Africa,False,False,False,False,False
Central African Republic,CAF,2021,Country or economy,Nuclear,False,0.0,0.0,,0.0,0.0,0.0,0.0,0.0,,0.0,,Africa,Africa,False,False,False,False,False
Central African Republic,CAF,2021,Country or economy,Coal,False,0.0,0.0,,0.0,0.0,,0.0,0.0,,0.0,,Africa,Africa,False,False,False,False,False
Central African Republic,CAF,2021,Country or economy,Gas,False,0.0,0.0,,0.0,0.0,,0.0,0.0,,0.0,,Africa,Africa,False,False,False,False,False
Central African Republic,CAF,2021,Country or economy,Other fossil,False,0.0,0.0,,0.0,0.0,0.07,0.0,0.0,,0.0,,Africa,Africa,False,False,False,False,False
Central African Republic,CAF,2021,Country or economy,Net imports,False,0.0,0.0,,0.0,0.0,,0.0,0.0,,0.0,,Africa,Africa,False,False,False,False,False
Central African Republic,CAF,2021,Country or economy,Wind and solar,True,0.0,0.0,,0.0,0.0,0.0,0.0,0.0,,0.0,,Africa,Africa,False,False,False,False,False
Central African Republic,CAF,2021,Country or economy,"Hydro, bioenergy and other renewables",True,0.15,0.0,0.0,100.0,0.0,0.02,0.004,0.0,0.0,112.233,26.667,Africa,Africa,False,False,False,False,False
Central African Republic,CAF,2021,Country or economy,Renewables,True,0.15,0.0,0.0,100.0,0.0,0.02,0.004,0.0,0.0,112.233,26.667,Africa,Africa,False,False,False,False,False
Central African Republic,CAF,2021,Country or economy,Clean,True,0.15,0.0,0.0,100.0,0.0,0.02,0.004,0.0,0.0,112.233,26.667,Africa,Africa,False,False,False,False,False
Central African Republic,CAF,2021,Country or economy,Fossil,True,0.0,0.0,,0.0,0.0,0.07,0.0,0.0,,0.0,,Africa,Africa,False,False,False,False,False
Central African Republic,CAF,2021,Country or economy,Total generation,True,0.15,0.0,0.0,100.0,0.0,0.09,0.004,0.0,0.0,112.233,26.667,Africa,Africa,False,False,False,False,False
Central African Republic,CAF,2021,Country or economy,Demand,True,0.15,0.0,0.0,100.0,0.0,,,,,,,Africa,Africa,False,False,False,False,False
Central African Republic,CAF,2022,Country or economy,Solar,False,0.0,0.0,,0.0,0.0,0.0,0.0,0.0,,0.0,,Africa,Africa,False,False,False,False,False
Central African Republic,CAF,2022,Country or economy,Wind,False,0.0,0.0,,0.0,0.0,0.0,0.0,0.0,,0.0,,Africa,Africa,False,False,False,False,False
Central African Republic,CAF,2022,Country or economy,Hydro,False,0.14,-0.01,-6.667,100.0,0.0,0.02,0.003,-0.001,-25.0,90.188,21.429,Africa,Africa,False,False,False,False,False
Central African Republic,CAF,2022,Country or economy,Bioenergy,False,0.0,0.0,,0.0,0.0,0.0,0.0,0.0,,0.0,,Africa,Africa,False,False,False,False,False
Central African Republic,CAF,2022,Country or economy,Other renewables,False,0.0,0.0,,0.0,0.0,0.0,0.0,0.0,,0.0,,Africa,Africa,False,False,False,False,False
Central African Republic,CAF,2022,Country or economy,Nuclear,False,0.0,0.0,,0.0,0.0,0.0,0.0,0.0,,0.0,,Africa,Africa,False,False,False,False,False
Central African Republic,CAF,2022,Country or economy,Coal,False,0.0,0.0,,0.0,0.0,,0.0,0.0,,0.0,,Africa,Africa,False,False,False,False,False
Central African Republic,CAF,2022,Country or economy,Gas,False,0.0,0.0,,0.0,0.0,,0.0,0.0,,0.0,,Africa,Africa,False,False,False,False,False
Central African Republic,CAF,2022,Country or economy,Other fossil,False,0.0,0.0,,0.0,0.0,0.07,0.0,0.0,,0.0,,Africa,Africa,False,False,False,False,False
Central African Republic,CAF,2022,Country or economy,Net imports,False,0.0,0.0,,0.0,0.0,,0.0,0.0,,0.0,,Africa,Africa,False,False,False,False,False
Central African Republic,CAF,2022,Country or economy,Wind and solar,True,0.0,0.0,,0.0,0.0,0.0,0.0,0.0,,0.0,,Africa,Africa,False,False,False,False,False
Central African Republic,CAF,2022,Country or economy,"Hydro, bioenergy and other renewables",True,0.14,-0.01,-6.667,100.0,0.0,0.02,0.003,-0.001,-25.0,90.188,21.429,Africa,Africa,False,False,False,False,False
Central African Republic,CAF,2022,Country or economy,Renewables,True,0.14,-0.01,-6.667,100.0,0.0,0.02,0.003,-0.001,-25.0,90.188,21.429,Africa,Africa,False,False,False,False,False
Central African Republic,CAF,2022,Country or economy,Clean,True,0.14,-0.01,-6.667,100.0,0.0,0.02,0.003,-0.001,-25.0,90.188,21.429,Africa,Africa,False,False,False,False,False
Central African Republic,CAF,2022,Country or economy,Fossil,True,0.0,0.0,,0.0,0.0,0.07,0.0,0.0,,0.0,,Africa,Africa,False,False,False,False,False
Central African Republic,CAF,2022,Country or economy,Total generation,True,0.14,-0.01,-6.667,100.0,0.0,0.09,0.003,-0.001,-25.0,90.188,21.429,Africa,Africa,False,False,False,False,False
Central African Republic,CAF,2022,Country or economy,Demand,True,0.14,-0.01,-6.667,100.0,0.0,,,,,,,Africa,Africa,False,False,False,False,False
Central African Republic,CAF,2023,Country or economy,Solar,False,0.0,0.0,,0.0,0.0,0.04,0.0,0.0,,0.0,,Africa,Africa,False,False,False,False,False
Central African Republic,CAF,2023,Country or economy,Wind,False,0.0,0.0,,0.0,0.0,0.0,0.0,0.0,,0.0,,Africa,Africa,False,False,False,False,False
Central African Republic,CAF,2023,Country or economy,Hydro,False,0.14,0.0,0.0,100.0,0.0,0.02,0.003,0.0,0.0,90.188,21.429,Africa,Africa,False,False,False,False,False
Central African Republic,CAF,2023,Country or economy,Bioenergy,False,0.0,0.0,,0.0,0.0,0.0,0.0,0.0,,0.0,,Africa,Africa,False,False,False,False,False
Central African Republic,CAF,2023,Country or economy,Other renewables,False,0.0,0.0,,0.0,0.0,0.0,0.0,0.0,,0.0,,Africa,Africa,False,False,False,False,False
Central African Republic,CAF,2023,Country or economy,Nuclear,False,0.0,0.0,,0.0,0.0,0.0,0.0,0.0,,0.0,,Africa,Africa,False,False,False,False,False
Central African Republic,CAF,2023,Country or economy,Coal,False,0.0,0.0,,0.0,0.0,,0.0,0.0,,0.0,,Africa,Africa,False,False,False,False,False
Central African Republic,CAF,2023,Country or economy,Gas,False,0.0,0.0,,0.0,0.0,,0.0,0.0,,0.0,,Africa,Africa,False,False,False,False,False
Central African Republic,CAF,2023,Country or economy,Other fossil,False,0.0,0.0,,0.0,0.0,0.07,0.0,0.0,,0.0,,Africa,Africa,False,False,False,False,False
Central African Republic,CAF,2023,Country or economy,Net imports,False,0.0,0.0,,0.0,0.0,,0.0,0.0,,0.0,,Africa,Africa,False,False,False,False,False
Central African Republic,CAF,2023,Country or economy,Wind and solar,True,0.0,0.0,,0.0,0.0,0.04,0.0,0.0,,0.0,,Africa,Africa,False,False,False,False,False
Central African Republic,CAF,2023,Country or economy,"Hydro, bioenergy and other renewables",True,0.14,0.0,0.0,100.0,0.0,0.02,0.003,0.0,0.0,90.188,21.429,Africa,Africa,False,False,False,False,False
Central African Republic,CAF,2023,Country or economy,Renewables,True,0.14,0.0,0.0,100.0,0.0,0.06,0.003,0.0,0.0,90.188,21.429,Africa,Africa,False,False,False,False,False
Central African Republic,CAF,2023,Country or economy,Clean,True,0.14,0.0,0.0,100.0,0.0,0.06,0.003,0.0,0.0,90.188,21.429,Africa,Africa,False,False,False,False,False
Central African Republic,CAF,2023,Country or economy,Fossil,True,0.0,0.0,,0.0,0.0,0.07,0.0,0.0,,0.0,,Africa,Africa,False,False,False,False,False
Central African Republic,CAF,2023,Country or economy,Total generation,True,0.14,0.0,0.0,100.0,0.0,0.13,0.003,0.0,0.0,90.188,21.429,Africa,Africa,False,False,False,False,False
Central African Republic,CAF,2023,Country or economy,Demand,True,0.14,0.0,0.0,100.0,0.0,,,,,,,Africa,Africa,False,False,False,False,False
Chad,TCD,2000,Country or economy,Solar,False,0.0,,,0.0,,0.0,0.0,,,0.0,,Africa,Africa,False,False,False,False,False
Chad,TCD,2000,Country or economy,Wind,False,0.0,,,0.0,,0.0,0.0,,,0.0,,Africa,Africa,False,False,False,False,False
Chad,TCD,2000,Country or economy,Hydro,False,0.0,,,0.0,,0.0,0.0,,,0.0,,Africa,Africa,False,False,False,False,False
Chad,TCD,2000,Country or economy,Bioenergy,False,0.0,,,0.0,,0.0,0.0,,,0.0,,Africa,Africa,False,False,False,False,False
Chad,TCD,2000,Country or economy,Other renewables,False,0.0,,,0.0,,0.0,0.0,,,0.0,,Africa,Africa,False,False,False,False,False
Chad,TCD,2000,Country or economy,Nuclear,False,0.0,,,0.0,,0.0,0.0,,,0.0,,Africa,Africa,False,False,False,False,False
Chad,TCD,2000,Country or economy,Coal,False,0.0,,,0.0,,,0.0,,,0.0,,Africa,Africa,False,False,False,False,False
Chad,TCD,2000,Country or economy,Gas,False,0.0,,,0.0,,0.0,0.0,,,0.0,,Africa,Africa,False,False,False,False,False
Chad,TCD,2000,Country or economy,Other fossil,False,0.09,,,100.0,,0.03,0.059,,,99.629,655.556,Africa,Africa,False,False,False,False,False
Chad,TCD,2000,Country or economy,Net imports,False,0.0,,,0.0,,,0.0,,,0.0,,Africa,Africa,False,False,False,False,False
Chad,TCD,2000,Country or economy,Wind and solar,True,0.0,,,0.0,,0.0,0.0,,,0.0,,Africa,Africa,False,False,False,False,False
Chad,TCD,2000,Country or economy,"Hydro, bioenergy and other renewables",True,0.0,,,0.0,,0.0,0.0,,,0.0,,Africa,Africa,False,False,False,False,False
Chad,TCD,2000,Country or economy,Renewables,True,0.0,,,0.0,,0.0,0.0,,,0.0,,Africa,Africa,False,False,False,False,False
Chad,TCD,2000,Country or economy,Clean,True,0.0,,,0.0,,0.0,0.0,,,0.0,,Africa,Africa,False,False,False,False,False
Chad,TCD,2000,Country or economy,Fossil,True,0.09,,,100.0,,0.03,0.059,,,99.629,655.556,Africa,Africa,False,False,False,False,False
Chad,TCD,2000,Country or economy,Total generation,True,0.09,,,100.0,,0.03,0.059,,,99.629,655.556,Africa,Africa,False,False,False,False,False
Chad,TCD,2000,Country or economy,Demand,True,0.09,,,100.0,,,,,,,,Africa,Africa,False,False,False,False,False
Chad,TCD,2001,Country or economy,Solar,False,0.0,0.0,,0.0,0.0,0.0,0.0,0.0,,0.0,,Africa,Africa,False,False,False,False,False
Chad,TCD,2001,Country or economy,Wind,False,0.0,0.0,,0.0,0.0,0.0,0.0,0.0,,0.0,,Africa,Africa,False,False,False,False,False
Chad,TCD,2001,Country or economy,Hydro,False,0.0,0.0,,0.0,0.0,0.0,0.0,0.0,,0.0,,Africa,Africa,False,False,False,False,False
Chad,TCD,2001,Country or economy,Bioenergy,False,0.0,0.0,,0.0,0.0,0.0,0.0,0.0,,0.0,,Africa,Africa,False,False,False,False,False
Chad,TCD,2001,Country or economy,Other renewables,False,0.0,0.0,,0.0,0.0,0.0,0.0,0.0,,0.0,,Africa,Africa,False,False,False,False,False
Chad,TCD,2001,Country or economy,Nuclear,False,0.0,0.0,,0.0,0.0,0.0,0.0,0.0,,0.0,,Africa,Africa,False,False,False,False,False
Chad,TCD,2001,Country or economy,Coal,False,0.0,0.0,,0.0,0.0,,0.0,0.0,,0.0,,Africa,Africa,False,False,False,False,False
Chad,TCD,2001,Country or economy,Gas,False,0.0,0.0,,0.0,0.0,0.0,0.0,0.0,,0.0,,Africa,Africa,False,False,False,False,False
Chad,TCD,2001,Country or economy,Other fossil,False,0.1,0.01,11.111,100.0,0.0,0.03,0.066,0.007,11.864,100.304,660.0,Africa,Africa,False,False,False,False,False
Chad,TCD,2001,Country or economy,Net imports,False,0.0,0.0,,0.0,0.0,,0.0,0.0,,0.0,,Africa,Africa,False,False,False,False,False
Chad,TCD,2001,Country or economy,Wind and solar,True,0.0,0.0,,0.0,0.0,0.0,0.0,0.0,,0.0,,Africa,Africa,False,False,False,False,False
Chad,TCD,2001,Country or economy,"Hydro, bioenergy and other renewables",True,0.0,0.0,,0.0,0.0,0.0,0.0,0.0,,0.0,,Africa,Africa,False,False,False,False,False
Chad,TCD,2001,Country or economy,Renewables,True,0.0,0.0,,0.0,0.0,0.0,0.0,0.0,,0.0,,Africa,Africa,False,False,False,False,False
Chad,TCD,2001,Country or economy,Clean,True,0.0,0.0,,0.0,0.0,0.0,0.0,0.0,,0.0,,Africa,Africa,False,False,False,False,False
Chad,TCD,2001,Country or economy,Fossil,True,0.1,0.01,11.111,100.0,0.0,0.03,0.066,0.007,11.864,100.304,660.0,Africa,Africa,False,False,False,False,False
Chad,TCD,2001,Country or economy,Total generation,True,0.1,0.01,11.111,100.0,0.0,0.03,0.066,0.007,11.864,100.304,660.0,Africa,Africa,False,False,False,False,False
Chad,TCD,2001,Country or economy,Demand,True,0.1,0.01,11.111,100.0,0.0,,,,,,,Africa,Africa,False,False,False,False,False
Chad,TCD,2002,Country or economy,Solar,False,0.0,0.0,,0.0,0.0,0.0,0.0,0.0,,0.0,,Africa,Africa,False,False,False,False,False
Chad,TCD,2002,Country or economy,Wind,False,0.0,0.0,,0.0,0.0,0.0,0.0,0.0,,0.0,,Africa,Africa,False,False,False,False,False
Chad,TCD,2002,Country or economy,Hydro,False,0.0,0.0,,0.0,0.0,0.0,0.0,0.0,,0.0,,Africa,Africa,False,False,False,False,False
Chad,TCD,2002,Country or economy,Bioenergy,False,0.0,0.0,,0.0,0.0,0.0,0.0,0.0,,0.0,,Africa,Africa,False,False,False,False,False
Chad,TCD,2002,Country or economy,Other renewables,False,0.0,0.0,,0.0,0.0,0.0,0.0,0.0,,0.0,,Africa,Africa,False,False,False,False,False
Chad,TCD,2002,Country or economy,Nuclear,False,0.0,0.0,,0.0,0.0,0.0,0.0,0.0,,0.0,,Africa,Africa,False,False,False,False,False
Chad,TCD,2002,Country or economy,Coal,False,0.0,0.0,,0.0,0.0,,0.0,0.0,,0.0,,Africa,Africa,False,False,False,False,False
Chad,TCD,2002,Country or economy,Gas,False,0.0,0.0,,0.0,0.0,0.0,0.0,0.0,,0.0,,Africa,Africa,False,False,False,False,False
Chad,TCD,2002,Country or economy,Other fossil,False,0.1,0.0,0.0,100.0,0.0,0.03,0.066,0.0,0.0,100.304,660.0,Africa,Africa,False,False,False,False,False
Chad,TCD,2002,Country or economy,Net imports,False,0.0,0.0,,0.0,0.0,,0.0,0.0,,0.0,,Africa,Africa,False,False,False,False,False
Chad,TCD,2002,Country or economy,Wind and solar,True,0.0,0.0,,0.0,0.0,0.0,0.0,0.0,,0.0,,Africa,Africa,False,False,False,False,False
Chad,TCD,2002,Country or economy,"Hydro, bioenergy and other renewables",True,0.0,0.0,,0.0,0.0,0.0,0.0,0.0,,0.0,,Africa,Africa,False,False,False,False,False
Chad,TCD,2002,Country or economy,Renewables,True,0.0,0.0,,0.0,0.0,0.0,0.0,0.0,,0.0,,Africa,Africa,False,False,False,False,False
Chad,TCD,2002,Country or economy,Clean,True,0.0,0.0,,0.0,0.0,0.0,0.0,0.0,,0.0,,Africa,Africa,False,False,False,False,False
Chad,TCD,2002,Country or economy,Fossil,True,0.1,0.0,0.0,100.0,0.0,0.03,0.066,0.0,0.0,100.304,660.0,Africa,Africa,False,False,False,False,False
Chad,TCD,2002,Country or economy,Total generation,True,0.1,0.0,0.0,100.0,0.0,0.03,0.066,0.0,0.0,100.304,660.0,Africa,Africa,False,False,False,False,False
Chad,TCD,2002,Country or economy,Demand,True,0.1,0.0,0.0,100.0,0.0,,,,,,,Africa,Africa,False,False,False,False,False
Chad,TCD,2003,Country or economy,Solar,False,0.0,0.0,,0.0,0.0,0.0,0.0,0.0,,0.0,,Africa,Africa,False,False,False,False,False
Chad,TCD,2003,Country or economy,Wind,False,0.0,0.0,,0.0,0.0,0.0,0.0,0.0,,0.0,,Africa,Africa,False,False,False,False,False
Chad,TCD,2003,Country or economy,Hydro,False,0.0,0.0,,0.0,0.0,0.0,0.0,0.0,,0.0,,Africa,Africa,False,False,False,False,False
Chad,TCD,2003,Country or economy,Bioenergy,False,0.0,0.0,,0.0,0.0,0.0,0.0,0.0,,0.0,,Africa,Africa,False,False,False,False,False
Chad,TCD,2003,Country or economy,Other renewables,False,0.0,0.0,,0.0,0.0,0.0,0.0,0.0,,0.0,,Africa,Africa,False,False,False,False,False
Chad,TCD,2003,Country or economy,Nuclear,False,0.0,0.0,,0.0,0.0,0.0,0.0,0.0,,0.0,,Africa,Africa,False,False,False,False,False
Chad,TCD,2003,Country or economy,Coal,False,0.0,0.0,,0.0,0.0,,0.0,0.0,,0.0,,Africa,Africa,False,False,False,False,False
Chad,TCD,2003,Country or economy,Gas,False,0.0,0.0,,0.0,0.0,0.12,0.0,0.0,,0.0,,Africa,Africa,False,False,False,False,False
Chad,TCD,2003,Country or economy,Other fossil,False,0.11,0.01,10.0,100.0,0.0,0.03,0.072,0.006,9.091,99.475,654.545,Africa,Africa,False,False,False,False,False
Chad,TCD,2003,Country or economy,Net imports,False,0.0,0.0,,0.0,0.0,,0.0,0.0,,0.0,,Africa,Africa,False,False,False,False,False
Chad,TCD,2003,Country or economy,Wind and solar,True,0.0,0.0,,0.0,0.0,0.0,0.0,0.0,,0.0,,Africa,Africa,False,False,False,False,False
Chad,TCD,2003,Country or economy,"Hydro, bioenergy and other renewables",True,0.0,0.0,,0.0,0.0,0.0,0.0,0.0,,0.0,,Africa,Africa,False,False,False,False,False
Chad,TCD,2003,Country or economy,Renewables,True,0.0,0.0,,0.0,0.0,0.0,0.0,0.0,,0.0,,Africa,Africa,False,False,False,False,False
Chad,TCD,2003,Country or economy,Clean,True,0.0,0.0,,0.0,0.0,0.0,0.0,0.0,,0.0,,Africa,Africa,False,False,False,False,False
Chad,TCD,2003,Country or economy,Fossil,True,0.11,0.01,10.0,100.0,0.0,0.15,0.072,0.006,9.091,99.475,654.545,Africa,Africa,False,False,False,False,False
Chad,TCD,2003,Country or economy,Total generation,True,0.11,0.01,10.0,100.0,0.0,0.15,0.072,0.006,9.091,99.475,654.545,Africa,Africa,False,False,False,False,False
Chad,TCD,2003,Country or economy,Demand,True,0.11,0.01,10.0,100.0,0.0,,,,,,,Africa,Africa,False,False,False,False,False
Chad,TCD,2004,Country or economy,Solar,False,0.0,0.0,,0.0,0.0,0.0,0.0,0.0,,0.0,,Africa,Africa,False,False,False,False,False
Chad,TCD,2004,Country or economy,Wind,False,0.0,0.0,,0.0,0.0,0.0,0.0,0.0,,0.0,,Africa,Africa,False,False,False,False,False
Chad,TCD,2004,Country or economy,Hydro,False,0.0,0.0,,0.0,0.0,0.0,0.0,0.0,,0.0,,Africa,Africa,False,False,False,False,False
Chad,TCD,2004,Country or economy,Bioenergy,False,0.0,0.0,,0.0,0.0,0.0,0.0,0.0,,0.0,,Africa,Africa,False,False,False,False,False
Chad,TCD,2004,Country or economy,Other renewables,False,0.0,0.0,,0.0,0.0,0.0,0.0,0.0,,0.0,,Africa,Africa,False,False,False,False,False
Chad,TCD,2004,Country or economy,Nuclear,False,0.0,0.0,,0.0,0.0,0.0,0.0,0.0,,0.0,,Africa,Africa,False,False,False,False,False
Chad,TCD,2004,Country or economy,Coal,False,0.0,0.0,,0.0,0.0,,0.0,0.0,,0.0,,Africa,Africa,False,False,False,False,False
Chad,TCD,2004,Country or economy,Gas,False,0.0,0.0,,0.0,0.0,0.12,0.0,0.0,,0.0,,Africa,Africa,False,False,False,False,False
Chad,TCD,2004,Country or economy,Other fossil,False,0.12,0.01,9.091,100.0,0.0,0.03,0.079,0.007,9.722,100.051,658.333,Africa,Africa,False,False,False,False,False
Chad,TCD,2004,Country or economy,Net imports,False,0.0,0.0,,0.0,0.0,,0.0,0.0,,0.0,,Africa,Africa,False,False,False,False,False
Chad,TCD,2004,Country or economy,Wind and solar,True,0.0,0.0,,0.0,0.0,0.0,0.0,0.0,,0.0,,Africa,Africa,False,False,False,False,False
Chad,TCD,2004,Country or economy,"Hydro, bioenergy and other renewables",True,0.0,0.0,,0.0,0.0,0.0,0.0,0.0,,0.0,,Africa,Africa,False,False,False,False,False
Chad,TCD,2004,Country or economy,Renewables,True,0.0,0.0,,0.0,0.0,0.0,0.0,0.0,,0.0,,Africa,Africa,False,False,False,False,False
Chad,TCD,2004,Country or economy,Clean,True,0.0,0.0,,0.0,0.0,0.0,0.0,0.0,,0.0,,Africa,Africa,False,False,False,False,False
Chad,TCD,2004,Country or economy,Fossil,True,0.12,0.01,9.091,100.0,0.0,0.15,0.079,0.007,9.722,100.051,658.333,Africa,Africa,False,False,False,False,False
Chad,TCD,2004,Country or economy,Total generation,True,0.12,0.01,9.091,100.0,0.0,0.15,0.079,0.007,9.722,100.051,658.333,Africa,Africa,False,False,False,False,False
Chad,TCD,2004,Country or economy,Demand,True,0.12,0.01,9.091,100.0,0.0,,,,,,,Africa,Africa,False,False,False,False,False
Chad,TCD,2005,Country or economy,Solar,False,0.0,0.0,,0.0,0.0,0.0,0.0,0.0,,0.0,,Africa,Africa,False,False,False,False,False
Chad,TCD,2005,Country or economy,Wind,False,0.0,0.0,,0.0,0.0,0.0,0.0,0.0,,0.0,,Africa,Africa,False,False,False,False,False
Chad,TCD,2005,Country or economy,Hydro,False,0.0,0.0,,0.0,0.0,0.0,0.0,0.0,,0.0,,Africa,Africa,False,False,False,False,False
Chad,TCD,2005,Country or economy,Bioenergy,False,0.0,0.0,,0.0,0.0,0.0,0.0,0.0,,0.0,,Africa,Africa,False,False,False,False,False
Chad,TCD,2005,Country or economy,Other renewables,False,0.0,0.0,,0.0,0.0,0.0,0.0,0.0,,0.0,,Africa,Africa,False,False,False,False,False
Chad,TCD,2005,Country or economy,Nuclear,False,0.0,0.0,,0.0,0.0,0.0,0.0,0.0,,0.0,,Africa,Africa,False,False,False,False,False
Chad,TCD,2005,Country or economy,Coal,False,0.0,0.0,,0.0,0.0,,0.0,0.0,,0.0,,Africa,Africa,False,False,False,False,False
Chad,TCD,2005,Country or economy,Gas,False,0.0,0.0,,0.0,0.0,0.12,0.0,0.0,,0.0,,Africa,Africa,False,False,False,False,False
Chad,TCD,2005,Country or economy,Other fossil,False,0.12,0.0,0.0,100.0,0.0,0.04,0.079,0.0,0.0,100.051,658.333,Africa,Africa,False,False,False,False,False
Chad,TCD,2005,Country or economy,Net imports,False,0.0,0.0,,0.0,0.0,,0.0,0.0,,0.0,,Africa,Africa,False,False,False,False,False
Chad,TCD,2005,Country or economy,Wind and solar,True,0.0,0.0,,0.0,0.0,0.0,0.0,0.0,,0.0,,Africa,Africa,False,False,False,False,False
Chad,TCD,2005,Country or economy,"Hydro, bioenergy and other renewables",True,0.0,0.0,,0.0,0.0,0.0,0.0,0.0,,0.0,,Africa,Africa,False,False,False,False,False
Chad,TCD,2005,Country or economy,Renewables,True,0.0,0.0,,0.0,0.0,0.0,0.0,0.0,,0.0,,Africa,Africa,False,False,False,False,False
Chad,TCD,2005,Country or economy,Clean,True,0.0,0.0,,0.0,0.0,0.0,0.0,0.0,,0.0,,Africa,Africa,False,False,False,False,False
Chad,TCD,2005,Country or economy,Fossil,True,0.12,0.0,0.0,100.0,0.0,0.16,0.079,0.0,0.0,100.051,658.333,Africa,Africa,False,False,False,False,False
Chad,TCD,2005,Country or economy,Total generation,True,0.12,0.0,0.0,100.0,0.0,0.16,0.079,0.0,0.0,100.051,658.333,Africa,Africa,False,False,False,False,False
Chad,TCD,2005,Country or economy,Demand,True,0.12,0.0,0.0,100.0,0.0,,,,,,,Africa,Africa,False,False,False,False,False
Chad,TCD,2006,Country or economy,Solar,False,0.0,0.0,,0.0,0.0,0.0,0.0,0.0,,0.0,,Africa,Africa,False,False,False,False,False
Chad,TCD,2006,Country or economy,Wind,False,0.0,0.0,,0.0,0.0,0.0,0.0,0.0,,0.0,,Africa,Africa,False,False,False,False,False
Chad,TCD,2006,Country or economy,Hydro,False,0.0,0.0,,0.0,0.0,0.0,0.0,0.0,,0.0,,Africa,Africa,False,False,False,False,False
Chad,TCD,2006,Country or economy,Bioenergy,False,0.0,0.0,,0.0,0.0,0.0,0.0,0.0,,0.0,,Africa,Africa,False,False,False,False,False
Chad,TCD,2006,Country or economy,Other renewables,False,0.0,0.0,,0.0,0.0,0.0,0.0,0.0,,0.0,,Africa,Africa,False,False,False,False,False
Chad,TCD,2006,Country or economy,Nuclear,False,0.0,0.0,,0.0,0.0,0.0,0.0,0.0,,0.0,,Africa,Africa,False,False,False,False,False
Chad,TCD,2006,Country or economy,Coal,False,0.0,0.0,,0.0,0.0,,0.0,0.0,,0.0,,Africa,Africa,False,False,False,False,False
Chad,TCD,2006,Country or economy,Gas,False,0.0,0.0,,0.0,0.0,0.12,0.0,0.0,,0.0,,Africa,Africa,False,False,False,False,False
Chad,TCD,2006,Country or economy,Other fossil,False,0.12,0.0,0.0,100.0,0.0,0.04,0.079,0.0,0.0,100.051,658.333,Africa,Africa,False,False,False,False,False
Chad,TCD,2006,Country or economy,Net imports,False,0.0,0.0,,0.0,0.0,,0.0,0.0,,0.0,,Africa,Africa,False,False,False,False,False
Chad,TCD,2006,Country or economy,Wind and solar,True,0.0,0.0,,0.0,0.0,0.0,0.0,0.0,,0.0,,Africa,Africa,False,False,False,False,False
Chad,TCD,2006,Country or economy,"Hydro, bioenergy and other renewables",True,0.0,0.0,,0.0,0.0,0.0,0.0,0.0,,0.0,,Africa,Africa,False,False,False,False,False
Chad,TCD,2006,Country or economy,Renewables,True,0.0,0.0,,0.0,0.0,0.0,0.0,0.0,,0.0,,Africa,Africa,False,False,False,False,False
Chad,TCD,2006,Country or economy,Clean,True,0.0,0.0,,0.0,0.0,0.0,0.0,0.0,,0.0,,Africa,Africa,False,False,False,False,False
Chad,TCD,2006,Country or economy,Fossil,True,0.12,0.0,0.0,100.0,0.0,0.16,0.079,0.0,0.0,100.051,658.333,Africa,Africa,False,False,False,False,False
Chad,TCD,2006,Country or economy,Total generation,True,0.12,0.0,0.0,100.0,0.0,0.16,0.079,0.0,0.0,100.051,658.333,Africa,Africa,False,False,False,False,False
Chad,TCD,2006,Country or economy,Demand,True,0.12,0.0,0.0,100.0,0.0,,,,,,,Africa,Africa,False,False,False,False,False
Chad,TCD,2007,Country or economy,Solar,False,0.0,0.0,,0.0,0.0,0.0,0.0,0.0,,0.0,,Africa,Africa,False,False,False,False,False
Chad,TCD,2007,Country or economy,Wind,False,0.0,0.0,,0.0,0.0,0.0,0.0,0.0,,0.0,,Africa,Africa,False,False,False,False,False
Chad,TCD,2007,Country or economy,Hydro,False,0.0,0.0,,0.0,0.0,0.0,0.0,0.0,,0.0,,Africa,Africa,False,False,False,False,False
Chad,TCD,2007,Country or economy,Bioenergy,False,0.0,0.0,,0.0,0.0,0.0,0.0,0.0,,0.0,,Africa,Africa,False,False,False,False,False
Chad,TCD,2007,Country or economy,Other renewables,False,0.0,0.0,,0.0,0.0,0.0,0.0,0.0,,0.0,,Africa,Africa,False,False,False,False,False
Chad,TCD,2007,Country or economy,Nuclear,False,0.0,0.0,,0.0,0.0,0.0,0.0,0.0,,0.0,,Africa,Africa,False,False,False,False,False
Chad,TCD,2007,Country or economy,Coal,False,0.0,0.0,,0.0,0.0,,0.0,0.0,,0.0,,Africa,Africa,False,False,False,False,False
Chad,TCD,2007,Country or economy,Gas,False,0.0,0.0,,0.0,0.0,0.12,0.0,0.0,,0.0,,Africa,Africa,False,False,False,False,False
Chad,TCD,2007,Country or economy,Other fossil,False,0.12,0.0,0.0,100.0,0.0,0.06,0.079,0.0,0.0,100.051,658.333,Africa,Africa,False,False,False,False,False
Chad,TCD,2007,Country or economy,Net imports,False,0.0,0.0,,0.0,0.0,,0.0,0.0,,0.0,,Africa,Africa,False,False,False,False,False
Chad,TCD,2007,Country or economy,Wind and solar,True,0.0,0.0,,0.0,0.0,0.0,0.0,0.0,,0.0,,Africa,Africa,False,False,False,False,False
Chad,TCD,2007,Country or economy,"Hydro, bioenergy and other renewables",True,0.0,0.0,,0.0,0.0,0.0,0.0,0.0,,0.0,,Africa,Africa,False,False,False,False,False
Chad,TCD,2007,Country or economy,Renewables,True,0.0,0.0,,0.0,0.0,0.0,0.0,0.0,,0.0,,Africa,Africa,False,False,False,False,False
Chad,TCD,2007,Country or economy,Clean,True,0.0,0.0,,0.0,0.0,0.0,0.0,0.0,,0.0,,Africa,Africa,False,False,False,False,False
Chad,TCD,2007,Country or economy,Fossil,True,0.12,0.0,0.0,100.0,0.0,0.18,0.079,0.0,0.0,100.051,658.333,Africa,Africa,False,False,False,False,False
Chad,TCD,2007,Country or economy,Total generation,True,0.12,0.0,0.0,100.0,0.0,0.18,0.079,0.0,0.0,100.051,658.333,Africa,Africa,False,False,False,False,False
Chad,TCD,2007,Country or economy,Demand,True,0.12,0.0,0.0,100.0,0.0,,,,,,,Africa,Africa,False,False,False,False,False
Chad,TCD,2008,Country or economy,Solar,False,0.0,0.0,,0.0,0.0,0.0,0.0,0.0,,0.0,,Africa,Africa,False,False,False,False,False
Chad,TCD,2008,Country or economy,Wind,False,0.0,0.0,,0.0,0.0,0.0,0.0,0.0,,0.0,,Africa,Africa,False,False,False,False,False
Chad,TCD,2008,Country or economy,Hydro,False,0.0,0.0,,0.0,0.0,0.0,0.0,0.0,,0.0,,Africa,Africa,False,False,False,False,False
Chad,TCD,2008,Country or economy,Bioenergy,False,0.0,0.0,,0.0,0.0,0.0,0.0,0.0,,0.0,,Africa,Africa,False,False,False,False,False
Chad,TCD,2008,Country or economy,Other renewables,False,0.0,0.0,,0.0,0.0,0.0,0.0,0.0,,0.0,,Africa,Africa,False,False,False,False,False
Chad,TCD,2008,Country or economy,Nuclear,False,0.0,0.0,,0.0,0.0,0.0,0.0,0.0,,0.0,,Africa,Africa,False,False,False,False,False
Chad,TCD,2008,Country or economy,Coal,False,0.0,0.0,,0.0,0.0,,0.0,0.0,,0.0,,Africa,Africa,False,False,False,False,False
Chad,TCD,2008,Country or economy,Gas,False,0.0,0.0,,0.0,0.0,0.12,0.0,0.0,,0.0,,Africa,Africa,False,False,False,False,False
Chad,TCD,2008,Country or economy,Other fossil,False,0.14,0.02,16.667,100.0,0.0,0.06,0.092,0.013,16.456,99.87,657.143,Africa,Africa,False,False,False,False,False
Chad,TCD,2008,Country or economy,Net imports,False,0.0,0.0,,0.0,0.0,,0.0,0.0,,0.0,,Africa,Africa,False,False,False,False,False
Chad,TCD,2008,Country or economy,Wind and solar,True,0.0,0.0,,0.0,0.0,0.0,0.0,0.0,,0.0,,Africa,Africa,False,False,False,False,False
Chad,TCD,2008,Country or economy,"Hydro, bioenergy and other renewables",True,0.0,0.0,,0.0,0.0,0.0,0.0,0.0,,0.0,,Africa,Africa,False,False,False,False,False
Chad,TCD,2008,Country or economy,Renewables,True,0.0,0.0,,0.0,0.0,0.0,0.0,0.0,,0.0,,Africa,Africa,False,False,False,False,False
Chad,TCD,2008,Country or economy,Clean,True,0.0,0.0,,0.0,0.0,0.0,0.0,0.0,,0.0,,Africa,Africa,False,False,False,False,False
Chad,TCD,2008,Country or economy,Fossil,True,0.14,0.02,16.667,100.0,0.0,0.18,0.092,0.013,16.456,99.87,657.143,Africa,Africa,False,False,False,False,False
Chad,TCD,2008,Country or economy,Total generation,True,0.14,0.02,16.667,100.0,0.0,0.18,0.092,0.013,16.456,99.87,657.143,Africa,Africa,False,False,False,False,False
Chad,TCD,2008,Country or economy,Demand,True,0.14,0.02,16.667,100.0,0.0,,,,,,,Africa,Africa,False,False,False,False,False
Chad,TCD,2009,Country or economy,Solar,False,0.0,0.0,,0.0,0.0,0.0,0.0,0.0,,0.0,,Africa,Africa,False,False,False,False,False
Chad,TCD,2009,Country or economy,Wind,False,0.0,0.0,,0.0,0.0,0.0,0.0,0.0,,0.0,,Africa,Africa,False,False,False,False,False
Chad,TCD,2009,Country or economy,Hydro,False,0.0,0.0,,0.0,0.0,0.0,0.0,0.0,,0.0,,Africa,Africa,False,False,False,False,False
Chad,TCD,2009,Country or economy,Bioenergy,False,0.0,0.0,,0.0,0.0,0.0,0.0,0.0,,0.0,,Africa,Africa,False,False,False,False,False
Chad,TCD,2009,Country or economy,Other renewables,False,0.0,0.0,,0.0,0.0,0.0,0.0,0.0,,0.0,,Africa,Africa,False,False,False,False,False
Chad,TCD,2009,Country or economy,Nuclear,False,0.0,0.0,,0.0,0.0,0.0,0.0,0.0,,0.0,,Africa,Africa,False,False,False,False,False
Chad,TCD,2009,Country or economy,Coal,False,0.0,0.0,,0.0,0.0,,0.0,0.0,,0.0,,Africa,Africa,False,False,False,False,False
Chad,TCD,2009,Country or economy,Gas,False,0.0,0.0,,0.0,0.0,0.12,0.0,0.0,,0.0,,Africa,Africa,False,False,False,False,False
Chad,TCD,2009,Country or economy,Other fossil,False,0.17,0.03,21.429,100.0,0.0,0.06,0.112,0.02,21.739,100.125,658.824,Africa,Africa,False,False,False,False,False
Chad,TCD,2009,Country or economy,Net imports,False,0.0,0.0,,0.0,0.0,,0.0,0.0,,0.0,,Africa,Africa,False,False,False,False,False
Chad,TCD,2009,Country or economy,Wind and solar,True,0.0,0.0,,0.0,0.0,0.0,0.0,0.0,,0.0,,Africa,Africa,False,False,False,False,False
Chad,TCD,2009,Country or economy,"Hydro, bioenergy and other renewables",True,0.0,0.0,,0.0,0.0,0.0,0.0,0.0,,0.0,,Africa,Africa,False,False,False,False,False
Chad,TCD,2009,Country or economy,Renewables,True,0.0,0.0,,0.0,0.0,0.0,0.0,0.0,,0.0,,Africa,Africa,False,False,False,False,False
Chad,TCD,2009,Country or economy,Clean,True,0.0,0.0,,0.0,0.0,0.0,0.0,0.0,,0.0,,Africa,Africa,False,False,False,False,False
Chad,TCD,2009,Country or economy,Fossil,True,0.17,0.03,21.429,100.0,0.0,0.18,0.112,0.02,21.739,100.125,658.824,Africa,Africa,False,False,False,False,False
Chad,TCD,2009,Country or economy,Total generation,True,0.17,0.03,21.429,100.0,0.0,0.18,0.112,0.02,21.739,100.125,658.824,Africa,Africa,False,False,False,False,False
Chad,TCD,2009,Country or economy,Demand,True,0.17,0.03,21.429,100.0,0.0,,,,,,,Africa,Africa,False,False,False,False,False
Chad,TCD,2010,Country or economy,Solar,False,0.0,0.0,,0.0,0.0,0.0,0.0,0.0,,0.0,,Africa,Africa,False,False,False,False,False
Chad,TCD,2010,Country or economy,Wind,False,0.0,0.0,,0.0,0.0,0.0,0.0,0.0,,0.0,,Africa,Africa,False,False,False,False,False
Chad,TCD,2010,Country or economy,Hydro,False,0.0,0.0,,0.0,0.0,0.0,0.0,0.0,,0.0,,Africa,Africa,False,False,False,False,False
Chad,TCD,2010,Country or economy,Bioenergy,False,0.0,0.0,,0.0,0.0,0.0,0.0,0.0,,0.0,,Africa,Africa,False,False,False,False,False
Chad,TCD,2010,Country or economy,Other renewables,False,0.0,0.0,,0.0,0.0,0.0,0.0,0.0,,0.0,,Africa,Africa,False,False,False,False,False
Chad,TCD,2010,Country or economy,Nuclear,False,0.0,0.0,,0.0,0.0,0.0,0.0,0.0,,0.0,,Africa,Africa,False,False,False,False,False
Chad,TCD,2010,Country or economy,Coal,False,0.0,0.0,,0.0,0.0,,0.0,0.0,,0.0,,Africa,Africa,False,False,False,False,False
Chad,TCD,2010,Country or economy,Gas,False,0.0,0.0,,0.0,0.0,0.12,0.0,0.0,,0.0,,Africa,Africa,False,False,False,False,False
Chad,TCD,2010,Country or economy,Other fossil,False,0.19,0.02,11.765,100.0,0.0,0.06,0.125,0.013,11.607,99.984,657.895,Africa,Africa,False,False,False,False,False
Chad,TCD,2010,Country or economy,Net imports,False,0.0,0.0,,0.0,0.0,,0.0,0.0,,0.0,,Africa,Africa,False,False,False,False,False
Chad,TCD,2010,Country or economy,Wind and solar,True,0.0,0.0,,0.0,0.0,0.0,0.0,0.0,,0.0,,Africa,Africa,False,False,False,False,False
Chad,TCD,2010,Country or economy,"Hydro, bioenergy and other renewables",True,0.0,0.0,,0.0,0.0,0.0,0.0,0.0,,0.0,,Africa,Africa,False,False,False,False,False
Chad,TCD,2010,Country or economy,Renewables,True,0.0,0.0,,0.0,0.0,0.0,0.0,0.0,,0.0,,Africa,Africa,False,False,False,False,False
Chad,TCD,2010,Country or economy,Clean,True,0.0,0.0,,0.0,0.0,0.0,0.0,0.0,,0.0,,Africa,Africa,False,False,False,False,False
Chad,TCD,2010,Country or economy,Fossil,True,0.19,0.02,11.765,100.0,0.0,0.18,0.125,0.013,11.607,99.984,657.895,Africa,Africa,False,False,False,False,False
Chad,TCD,2010,Country or economy,Total generation,True,0.19,0.02,11.765,100.0,0.0,0.18,0.125,0.013,11.607,99.984,657.895,Africa,Africa,False,False,False,False,False
Chad,TCD,2010,Country or economy,Demand,True,0.19,0.02,11.765,100.0,0.0,,,,,,,Africa,Africa,False,False,False,False,False
Chad,TCD,2011,Country or economy,Solar,False,0.0,0.0,,0.0,0.0,0.0,0.0,0.0,,0.0,,Africa,Africa,False,False,False,False,False
Chad,TCD,2011,Country or economy,Wind,False,0.0,0.0,,0.0,0.0,0.0,0.0,0.0,,0.0,,Africa,Africa,False,False,False,False,False
Chad,TCD,2011,Country or economy,Hydro,False,0.0,0.0,,0.0,0.0,0.0,0.0,0.0,,0.0,,Africa,Africa,False,False,False,False,False
Chad,TCD,2011,Country or economy,Bioenergy,False,0.0,0.0,,0.0,0.0,0.0,0.0,0.0,,0.0,,Africa,Africa,False,False,False,False,False
Chad,TCD,2011,Country or economy,Other renewables,False,0.0,0.0,,0.0,0.0,0.0,0.0,0.0,,0.0,,Africa,Africa,False,False,False,False,False
Chad,TCD,2011,Country or economy,Nuclear,False,0.0,0.0,,0.0,0.0,0.0,0.0,0.0,,0.0,,Africa,Africa,False,False,False,False,False
Chad,TCD,2011,Country or economy,Coal,False,0.0,0.0,,0.0,0.0,,0.0,0.0,,0.0,,Africa,Africa,False,False,False,False,False
Chad,TCD,2011,Country or economy,Gas,False,0.0,0.0,,0.0,0.0,0.12,0.0,0.0,,0.0,,Africa,Africa,False,False,False,False,False
Chad,TCD,2011,Country or economy,Other fossil,False,0.2,0.01,5.263,100.0,0.0,0.06,0.132,0.007,5.6,100.304,660.0,Africa,Africa,False,False,False,False,False
Chad,TCD,2011,Country or economy,Net imports,False,0.0,0.0,,0.0,0.0,,0.0,0.0,,0.0,,Africa,Africa,False,False,False,False,False
Chad,TCD,2011,Country or economy,Wind and solar,True,0.0,0.0,,0.0,0.0,0.0,0.0,0.0,,0.0,,Africa,Africa,False,False,False,False,False
Chad,TCD,2011,Country or economy,"Hydro, bioenergy and other renewables",True,0.0,0.0,,0.0,0.0,0.0,0.0,0.0,,0.0,,Africa,Africa,False,False,False,False,False
Chad,TCD,2011,Country or economy,Renewables,True,0.0,0.0,,0.0,0.0,0.0,0.0,0.0,,0.0,,Africa,Africa,False,False,False,False,False
Chad,TCD,2011,Country or economy,Clean,True,0.0,0.0,,0.0,0.0,0.0,0.0,0.0,,0.0,,Africa,Africa,False,False,False,False,False
Chad,TCD,2011,Country or economy,Fossil,True,0.2,0.01,5.263,100.0,0.0,0.18,0.132,0.007,5.6,100.304,660.0,Africa,Africa,False,False,False,False,False
Chad,TCD,2011,Country or economy,Total generation,True,0.2,0.01,5.263,100.0,0.0,0.18,0.132,0.007,5.6,100.304,660.0,Africa,Africa,False,False,False,False,False
Chad,TCD,2011,Country or economy,Demand,True,0.2,0.01,5.263,100.0,0.0,,,,,,,Africa,Africa,False,False,False,False,False
Chad,TCD,2012,Country or economy,Solar,False,0.0,0.0,,0.0,0.0,0.0,0.0,0.0,,0.0,,Africa,Africa,False,False,False,False,False
Chad,TCD,2012,Country or economy,Wind,False,0.0,0.0,,0.0,0.0,0.0,0.0,0.0,,0.0,,Africa,Africa,False,False,False,False,False
Chad,TCD,2012,Country or economy,Hydro,False,0.0,0.0,,0.0,0.0,0.0,0.0,0.0,,0.0,,Africa,Africa,False,False,False,False,False
Chad,TCD,2012,Country or economy,Bioenergy,False,0.01,0.01,,4.167,4.167,0.0,0.002,0.002,,1.303,200.0,Africa,Africa,False,False,False,False,False
Chad,TCD,2012,Country or economy,Other renewables,False,0.0,0.0,,0.0,0.0,0.0,0.0,0.0,,0.0,,Africa,Africa,False,False,False,False,False
Chad,TCD,2012,Country or economy,Nuclear,False,0.0,0.0,,0.0,0.0,0.0,0.0,0.0,,0.0,,Africa,Africa,False,False,False,False,False
Chad,TCD,2012,Country or economy,Coal,False,0.0,0.0,,0.0,0.0,,0.0,0.0,,0.0,,Africa,Africa,False,False,False,False,False
Chad,TCD,2012,Country or economy,Gas,False,0.0,0.0,,0.0,0.0,0.12,0.0,0.0,,0.0,,Africa,Africa,False,False,False,False,False
Chad,TCD,2012,Country or economy,Other fossil,False,0.23,0.03,15.0,95.833,-4.167,0.16,0.151,0.019,14.394,98.37,656.522,Africa,Africa,False,False,False,False,False
Chad,TCD,2012,Country or economy,Net imports,False,0.0,0.0,,0.0,0.0,,0.0,0.0,,0.0,,Africa,Africa,False,False,False,False,False
Chad,TCD,2012,Country or economy,Wind and solar,True,0.0,0.0,,0.0,0.0,0.0,0.0,0.0,,0.0,,Africa,Africa,False,False,False,False,False
Chad,TCD,2012,Country or economy,"Hydro, bioenergy and other renewables",True,0.01,0.01,,4.167,4.167,0.0,0.002,0.002,,1.303,200.0,Africa,Africa,False,False,False,False,False
Chad,TCD,2012,Country or economy,Renewables,True,0.01,0.01,,4.167,4.167,0.0,0.002,0.002,,1.303,200.0,Africa,Africa,False,False,False,False,False
Chad,TCD,2012,Country or economy,Clean,True,0.01,0.01,,4.167,4.167,0.0,0.002,0.002,,1.303,200.0,Africa,Africa,False,False,False,False,False
Chad,TCD,2012,Country or economy,Fossil,True,0.23,0.03,15.0,95.833,-4.167,0.28,0.151,0.019,14.394,98.37,656.522,Africa,Africa,False,False,False,False,False
Chad,TCD,2012,Country or economy,Total generation,True,0.24,0.04,20.0,100.0,0.0,0.28,0.154,0.022,16.667,100.324,641.667,Africa,Africa,False,False,False,False,False
Chad,TCD,2012,Country or economy,Demand,True,0.24,0.04,20.0,100.0,0.0,,,,,,,Africa,Africa,False,False,False,False,False
Chad,TCD,2013,Country or economy,Solar,False,0.0,0.0,,0.0,0.0,0.0,0.0,0.0,,0.0,,Africa,Africa,False,False,False,False,False
Chad,TCD,2013,Country or economy,Wind,False,0.0,0.0,,0.0,0.0,0.0,0.0,0.0,,0.0,,Africa,Africa,False,False,False,False,False
Chad,TCD,2013,Country or economy,Hydro,False,0.0,0.0,,0.0,0.0,0.0,0.0,0.0,,0.0,,Africa,Africa,False,False,False,False,False
Chad,TCD,2013,Country or economy,Bioenergy,False,0.01,0.0,0.0,3.571,-0.596,0.0,0.002,0.0,0.0,1.112,200.0,Africa,Africa,False,False,False,False,False
Chad,TCD,2013,Country or economy,Other renewables,False,0.0,0.0,,0.0,0.0,0.0,0.0,0.0,,0.0,,Africa,Africa,False,False,False,False,False
Chad,TCD,2013,Country or economy,Nuclear,False,0.0,0.0,,0.0,0.0,0.0,0.0,0.0,,0.0,,Africa,Africa,False,False,False,False,False
Chad,TCD,2013,Country or economy,Coal,False,0.0,0.0,,0.0,0.0,,0.0,0.0,,0.0,,Africa,Africa,False,False,False,False,False
Chad,TCD,2013,Country or economy,Gas,False,0.0,0.0,,0.0,0.0,0.12,0.0,0.0,,0.0,,Africa,Africa,False,False,False,False,False
Chad,TCD,2013,Country or economy,Other fossil,False,0.27,0.04,17.391,96.429,0.596,0.16,0.178,0.027,17.881,98.987,659.259,Africa,Africa,False,False,False,False,False
Chad,TCD,2013,Country or economy,Net imports,False,0.0,0.0,,0.0,0.0,,0.0,0.0,,0.0,,Africa,Africa,False,False,False,False,False
Chad,TCD,2013,Country or economy,Wind and solar,True,0.0,0.0,,0.0,0.0,0.0,0.0,0.0,,0.0,,Africa,Africa,False,False,False,False,False
Chad,TCD,2013,Country or economy,"Hydro, bioenergy and other renewables",True,0.01,0.0,0.0,3.571,-0.596,0.0,0.002,0.0,0.0,1.112,200.0,Africa,Africa,False,False,False,False,False
Chad,TCD,2013,Country or economy,Renewables,True,0.01,0.0,0.0,3.571,-0.596,0.0,0.002,0.0,0.0,1.112,200.0,Africa,Africa,False,False,False,False,False
Chad,TCD,2013,Country or economy,Clean,True,0.01,0.0,0.0,3.571,-0.596,0.0,0.002,0.0,0.0,1.112,200.0,Africa,Africa,False,False,False,False,False
Chad,TCD,2013,Country or economy,Fossil,True,0.27,0.04,17.391,96.429,0.596,0.28,0.178,0.027,17.881,98.987,659.259,Africa,Africa,False,False,False,False,False
Chad,TCD,2013,Country or economy,Total generation,True,0.28,0.04,16.667,100.0,0.0,0.28,0.18,0.026,16.883,100.099,642.857,Africa,Africa,False,False,False,False,False
Chad,TCD,2013,Country or economy,Demand,True,0.28,0.04,16.667,100.0,0.0,,,,,,,Africa,Africa,False,False,False,False,False
Chad,TCD,2014,Country or economy,Solar,False,0.0,0.0,,0.0,0.0,0.0,0.0,0.0,,0.0,,Africa,Africa,False,False,False,False,False
Chad,TCD,2014,Country or economy,Wind,False,0.0,0.0,,0.0,0.0,0.0,0.0,0.0,,0.0,,Africa,Africa,False,False,False,False,False
Chad,TCD,2014,Country or economy,Hydro,False,0.0,0.0,,0.0,0.0,0.0,0.0,0.0,,0.0,,Africa,Africa,False,False,False,False,False
Chad,TCD,2014,Country or economy,Bioenergy,False,0.01,0.0,0.0,3.333,-0.238,0.0,0.002,0.0,0.0,1.036,200.0,Africa,Africa,False,False,False,False,False
Chad,TCD,2014,Country or economy,Other renewables,False,0.0,0.0,,0.0,0.0,0.0,0.0,0.0,,0.0,,Africa,Africa,False,False,False,False,False
Chad,TCD,2014,Country or economy,Nuclear,False,0.0,0.0,,0.0,0.0,0.0,0.0,0.0,,0.0,,Africa,Africa,False,False,False,False,False
Chad,TCD,2014,Country or economy,Coal,False,0.0,0.0,,0.0,0.0,,0.0,0.0,,0.0,,Africa,Africa,False,False,False,False,False
Chad,TCD,2014,Country or economy,Gas,False,0.0,0.0,,0.0,0.0,0.12,0.0,0.0,,0.0,,Africa,Africa,False,False,False,False,False
Chad,TCD,2014,Country or economy,Other fossil,False,0.29,0.02,7.407,96.667,0.238,0.16,0.191,0.013,7.303,98.973,658.621,Africa,Africa,False,False,False,False,False
Chad,TCD,2014,Country or economy,Net imports,False,0.0,0.0,,0.0,0.0,,0.0,0.0,,0.0,,Africa,Africa,False,False,False,False,False
Chad,TCD,2014,Country or economy,Wind and solar,True,0.0,0.0,,0.0,0.0,0.0,0.0,0.0,,0.0,,Africa,Africa,False,False,False,False,False
Chad,TCD,2014,Country or economy,"Hydro, bioenergy and other renewables",True,0.01,0.0,0.0,3.333,-0.238,0.0,0.002,0.0,0.0,1.036,200.0,Africa,Africa,False,False,False,False,False
Chad,TCD,2014,Country or economy,Renewables,True,0.01,0.0,0.0,3.333,-0.238,0.0,0.002,0.0,0.0,1.036,200.0,Africa,Africa,False,False,False,False,False
Chad,TCD,2014,Country or economy,Clean,True,0.01,0.0,0.0,3.333,-0.238,0.0,0.002,0.0,0.0,1.036,200.0,Africa,Africa,False,False,False,False,False
Chad,TCD,2014,Country or economy,Fossil,True,0.29,0.02,7.407,96.667,0.238,0.28,0.191,0.013,7.303,98.973,658.621,Africa,Africa,False,False,False,False,False
Chad,TCD,2014,Country or economy,Total generation,True,0.3,0.02,7.143,100.0,0.0,0.28,0.193,0.013,7.222,100.009,643.333,Africa,Africa,False,False,False,False,False
Chad,TCD,2014,Country or economy,Demand,True,0.3,0.02,7.143,100.0,0.0,,,,,,,Africa,Africa,False,False,False,False,False
Chad,TCD,2015,Country or economy,Solar,False,0.0,0.0,,0.0,0.0,0.0,0.0,0.0,,0.0,,Africa,Africa,False,False,False,False,False
Chad,TCD,2015,Country or economy,Wind,False,0.0,0.0,,0.0,0.0,0.0,0.0,0.0,,0.0,,Africa,Africa,False,False,False,False,False
Chad,TCD,2015,Country or economy,Hydro,False,0.0,0.0,,0.0,0.0,0.0,0.0,0.0,,0.0,,Africa,Africa,False,False,False,False,False
Chad,TCD,2015,Country or economy,Bioenergy,False,0.01,0.0,0.0,3.333,0.0,0.0,0.002,0.0,0.0,1.036,200.0,Africa,Africa,False,False,False,False,False
Chad,TCD,2015,Country or economy,Other renewables,False,0.0,0.0,,0.0,0.0,0.0,0.0,0.0,,0.0,,Africa,Africa,False,False,False,False,False
Chad,TCD,2015,Country or economy,Nuclear,False,0.0,0.0,,0.0,0.0,0.0,0.0,0.0,,0.0,,Africa,Africa,False,False,False,False,False
Chad,TCD,2015,Country or economy,Coal,False,0.0,0.0,,0.0,0.0,,0.0,0.0,,0.0,,Africa,Africa,False,False,False,False,False
Chad,TCD,2015,Country or economy,Gas,False,0.0,0.0,,0.0,0.0,0.12,0.0,0.0,,0.0,,Africa,Africa,False,False,False,False,False
Chad,TCD,2015,Country or economy,Other fossil,False,0.29,0.0,0.0,96.667,0.0,0.16,0.191,0.0,0.0,98.973,658.621,Africa,Africa,False,False,False,False,False
Chad,TCD,2015,Country or economy,Net imports,False,0.0,0.0,,0.0,0.0,,0.0,0.0,,0.0,,Africa,Africa,False,False,False,False,False
Chad,TCD,2015,Country or economy,Wind and solar,True,0.0,0.0,,0.0,0.0,0.0,0.0,0.0,,0.0,,Africa,Africa,False,False,False,False,False
Chad,TCD,2015,Country or economy,"Hydro, bioenergy and other renewables",True,0.01,0.0,0.0,3.333,0.0,0.0,0.002,0.0,0.0,1.036,200.0,Africa,Africa,False,False,False,False,False
Chad,TCD,2015,Country or economy,Renewables,True,0.01,0.0,0.0,3.333,0.0,0.0,0.002,0.0,0.0,1.036,200.0,Africa,Africa,False,False,False,False,False
Chad,TCD,2015,Country or economy,Clean,True,0.01,0.0,0.0,3.333,0.0,0.0,0.002,0.0,0.0,1.036,200.0,Africa,Africa,False,False,False,False,False
Chad,TCD,2015,Country or economy,Fossil,True,0.29,0.0,0.0,96.667,0.0,0.28,0.191,0.0,0.0,98.973,658.621,Africa,Africa,False,False,False,False,False
Chad,TCD,2015,Country or economy,Total generation,True,0.3,0.0,0.0,100.0,0.0,0.28,0.193,0.0,0.0,100.009,643.333,Africa,Africa,False,False,False,False,False
Chad,TCD,2015,Country or economy,Demand,True,0.3,0.0,0.0,100.0,0.0,,,,,,,Africa,Africa,False,False,False,False,False
Chad,TCD,2016,Country or economy,Solar,False,0.0,0.0,,0.0,0.0,0.0,0.0,0.0,,0.0,,Africa,Africa,False,False,False,False,False
Chad,TCD,2016,Country or economy,Wind,False,0.01,0.01,,3.226,3.226,0.0,0.0,0.0,,0.0,0.0,Africa,Africa,False,False,False,False,False
Chad,TCD,2016,Country or economy,Hydro,False,0.0,0.0,,0.0,0.0,0.0,0.0,0.0,,0.0,,Africa,Africa,False,False,False,False,False
Chad,TCD,2016,Country or economy,Bioenergy,False,0.01,0.0,0.0,3.226,-0.107,0.0,0.002,0.0,0.0,1.036,200.0,Africa,Africa,False,False,False,False,False
Chad,TCD,2016,Country or economy,Other renewables,False,0.0,0.0,,0.0,0.0,0.0,0.0,0.0,,0.0,,Africa,Africa,False,False,False,False,False
Chad,TCD,2016,Country or economy,Nuclear,False,0.0,0.0,,0.0,0.0,0.0,0.0,0.0,,0.0,,Africa,Africa,False,False,False,False,False
Chad,TCD,2016,Country or economy,Coal,False,0.0,0.0,,0.0,0.0,,0.0,0.0,,0.0,,Africa,Africa,False,False,False,False,False
Chad,TCD,2016,Country or economy,Gas,False,0.0,0.0,,0.0,0.0,0.12,0.0,0.0,,0.0,,Africa,Africa,False,False,False,False,False
Chad,TCD,2016,Country or economy,Other fossil,False,0.29,0.0,0.0,93.548,-3.119,0.16,0.191,0.0,0.0,98.924,658.621,Africa,Africa,False,False,False,False,False
Chad,TCD,2016,Country or economy,Net imports,False,0.0,0.0,,0.0,0.0,,0.0,0.0,,0.0,,Africa,Africa,False,False,False,False,False
Chad,TCD,2016,Country or economy,Wind and solar,True,0.01,0.01,,3.226,3.226,0.0,0.0,0.0,,0.0,0.0,Africa,Africa,False,False,False,False,False
Chad,TCD,2016,Country or economy,"Hydro, bioenergy and other renewables",True,0.01,0.0,0.0,3.226,-0.107,0.0,0.002,0.0,0.0,1.036,200.0,Africa,Africa,False,False,False,False,False
Chad,TCD,2016,Country or economy,Renewables,True,0.02,0.01,100.0,6.452,3.119,0.0,0.002,0.0,0.0,1.036,100.0,Africa,Africa,False,False,False,False,False
Chad,TCD,2016,Country or economy,Clean,True,0.02,0.01,100.0,6.452,3.119,0.0,0.002,0.0,0.0,1.036,100.0,Africa,Africa,False,False,False,False,False
Chad,TCD,2016,Country or economy,Fossil,True,0.29,0.0,0.0,93.548,-3.119,0.28,0.191,0.0,0.0,98.924,658.621,Africa,Africa,False,False,False,False,False
Chad,TCD,2016,Country or economy,Total generation,True,0.31,0.01,3.333,100.0,0.0,0.28,0.193,0.0,0.0,99.959,622.581,Africa,Africa,False,False,False,False,False
Chad,TCD,2016,Country or economy,Demand,True,0.31,0.01,3.333,100.0,0.0,,,,,,,Africa,Africa,False,False,False,False,False
Chad,TCD,2017,Country or economy,Solar,False,0.0,0.0,,0.0,0.0,0.0,0.0,0.0,,0.0,,Africa,Africa,False,False,False,False,False
Chad,TCD,2017,Country or economy,Wind,False,0.01,0.0,0.0,3.125,-0.101,0.0,0.0,0.0,,0.0,0.0,Africa,Africa,False,False,False,False,False
Chad,TCD,2017,Country or economy,Hydro,False,0.0,0.0,,0.0,0.0,0.0,0.0,0.0,,0.0,,Africa,Africa,False,False,False,False,False
Chad,TCD,2017,Country or economy,Bioenergy,False,0.01,0.0,0.0,3.125,-0.101,0.0,0.002,0.0,0.0,1.002,200.0,Africa,Africa,False,False,False,False,False
Chad,TCD,2017,Country or economy,Other renewables,False,0.0,0.0,,0.0,0.0,0.0,0.0,0.0,,0.0,,Africa,Africa,False,False,False,False,False
Chad,TCD,2017,Country or economy,Nuclear,False,0.0,0.0,,0.0,0.0,0.0,0.0,0.0,,0.0,,Africa,Africa,False,False,False,False,False
Chad,TCD,2017,Country or economy,Coal,False,0.0,0.0,,0.0,0.0,,0.0,0.0,,0.0,,Africa,Africa,False,False,False,False,False
Chad,TCD,2017,Country or economy,Gas,False,0.0,0.0,,0.0,0.0,0.12,0.0,0.0,,0.0,,Africa,Africa,False,False,False,False,False
Chad,TCD,2017,Country or economy,Other fossil,False,0.3,0.01,3.448,93.75,0.202,0.16,0.197,0.006,3.141,98.669,656.667,Africa,Africa,False,False,False,False,False
Chad,TCD,2017,Country or economy,Net imports,False,0.0,0.0,,0.0,0.0,,0.0,0.0,,0.0,,Africa,Africa,False,False,False,False,False
Chad,TCD,2017,Country or economy,Wind and solar,True,0.01,0.0,0.0,3.125,-0.101,0.0,0.0,0.0,,0.0,0.0,Africa,Africa,False,False,False,False,False
Chad,TCD,2017,Country or economy,"Hydro, bioenergy and other renewables",True,0.01,0.0,0.0,3.125,-0.101,0.0,0.002,0.0,0.0,1.002,200.0,Africa,Africa,False,False,False,False,False
Chad,TCD,2017,Country or economy,Renewables,True,0.02,0.0,0.0,6.25,-0.202,0.0,0.002,0.0,0.0,1.002,100.0,Africa,Africa,False,False,False,False,False
Chad,TCD,2017,Country or economy,Clean,True,0.02,0.0,0.0,6.25,-0.202,0.0,0.002,0.0,0.0,1.002,100.0,Africa,Africa,False,False,False,False,False
Chad,TCD,2017,Country or economy,Fossil,True,0.3,0.01,3.448,93.75,0.202,0.28,0.197,0.006,3.141,98.669,656.667,Africa,Africa,False,False,False,False,False
Chad,TCD,2017,Country or economy,Total generation,True,0.32,0.01,3.226,100.0,0.0,0.28,0.2,0.007,3.627,100.171,625.0,Africa,Africa,False,False,False,False,False
Chad,TCD,2017,Country or economy,Demand,True,0.32,0.01,3.226,100.0,0.0,,,,,,,Africa,Africa,False,False,False,False,False
Chad,TCD,2018,Country or economy,Solar,False,0.0,0.0,,0.0,0.0,0.0,0.0,0.0,,0.0,,Africa,Africa,False,False,False,False,False
Chad,TCD,2018,Country or economy,Wind,False,0.01,0.0,0.0,2.941,-0.184,0.0,0.0,0.0,,0.0,0.0,Africa,Africa,False,False,False,False,False
Chad,TCD,2018,Country or economy,Hydro,False,0.0,0.0,,0.0,0.0,0.0,0.0,0.0,,0.0,,Africa,Africa,False,False,False,False,False
Chad,TCD,2018,Country or economy,Bioenergy,False,0.01,0.0,0.0,2.941,-0.184,0.0,0.002,0.0,0.0,0.94,200.0,Africa,Africa,False,False,False,False,False
Chad,TCD,2018,Country or economy,Other renewables,False,0.0,0.0,,0.0,0.0,0.0,0.0,0.0,,0.0,,Africa,Africa,False,False,False,False,False
Chad,TCD,2018,Country or economy,Nuclear,False,0.0,0.0,,0.0,0.0,0.0,0.0,0.0,,0.0,,Africa,Africa,False,False,False,False,False
Chad,TCD,2018,Country or economy,Coal,False,0.0,0.0,,0.0,0.0,,0.0,0.0,,0.0,,Africa,Africa,False,False,False,False,False
Chad,TCD,2018,Country or economy,Gas,False,0.0,0.0,,0.0,0.0,0.12,0.0,0.0,,0.0,,Africa,Africa,False,False,False,False,False
Chad,TCD,2018,Country or economy,Other fossil,False,0.32,0.02,6.667,94.118,0.368,0.16,0.211,0.014,7.107,99.146,659.375,Africa,Africa,False,False,False,False,False
Chad,TCD,2018,Country or economy,Net imports,False,0.0,0.0,,0.0,0.0,,0.0,0.0,,0.0,,Africa,Africa,False,False,False,False,False
Chad,TCD,2018,Country or economy,Wind and solar,True,0.01,0.0,0.0,2.941,-0.184,0.0,0.0,0.0,,0.0,0.0,Africa,Africa,False,False,False,False,False
Chad,TCD,2018,Country or economy,"Hydro, bioenergy and other renewables",True,0.01,0.0,0.0,2.941,-0.184,0.0,0.002,0.0,0.0,0.94,200.0,Africa,Africa,False,False,False,False,False
Chad,TCD,2018,Country or economy,Renewables,True,0.02,0.0,0.0,5.882,-0.368,0.0,0.002,0.0,0.0,0.94,100.0,Africa,Africa,False,False,False,False,False
Chad,TCD,2018,Country or economy,Clean,True,0.02,0.0,0.0,5.882,-0.368,0.0,0.002,0.0,0.0,0.94,100.0,Africa,Africa,False,False,False,False,False
Chad,TCD,2018,Country or economy,Fossil,True,0.32,0.02,6.667,94.118,0.368,0.28,0.211,0.014,7.107,99.146,659.375,Africa,Africa,False,False,False,False,False
Chad,TCD,2018,Country or economy,Total generation,True,0.34,0.02,6.25,100.0,0.0,0.28,0.213,0.013,6.5,100.085,626.471,Africa,Africa,False,False,False,False,False
Chad,TCD,2018,Country or economy,Demand,True,0.34,0.02,6.25,100.0,0.0,,,,,,,Africa,Africa,False,False,False,False,False
Chad,TCD,2019,Country or economy,Solar,False,0.0,0.0,,0.0,0.0,0.0,0.0,0.0,,0.0,,Africa,Africa,False,False,False,False,False
Chad,TCD,2019,Country or economy,Wind,False,0.01,0.0,0.0,2.857,-0.084,0.0,0.0,0.0,,0.0,0.0,Africa,Africa,False,False,False,False,False
Chad,TCD,2019,Country or economy,Hydro,False,0.0,0.0,,0.0,0.0,0.0,0.0,0.0,,0.0,,Africa,Africa,False,False,False,False,False
Chad,TCD,2019,Country or economy,Bioenergy,False,0.01,0.0,0.0,2.857,-0.084,0.0,0.002,0.0,0.0,0.912,200.0,Africa,Africa,False,False,False,False,False
Chad,TCD,2019,Country or economy,Other renewables,False,0.0,0.0,,0.0,0.0,0.0,0.0,0.0,,0.0,,Africa,Africa,False,False,False,False,False
Chad,TCD,2019,Country or economy,Nuclear,False,0.0,0.0,,0.0,0.0,0.0,0.0,0.0,,0.0,,Africa,Africa,False,False,False,False,False
Chad,TCD,2019,Country or economy,Coal,False,0.0,0.0,,0.0,0.0,,0.0,0.0,,0.0,,Africa,Africa,False,False,False,False,False
Chad,TCD,2019,Country or economy,Gas,False,0.0,0.0,,0.0,0.0,0.12,0.0,0.0,,0.0,,Africa,Africa,False,False,False,False,False
Chad,TCD,2019,Country or economy,Other fossil,False,0.33,0.01,3.125,94.286,0.168,0.16,0.217,0.006,2.844,98.907,657.576,Africa,Africa,False,False,False,False,False
Chad,TCD,2019,Country or economy,Net imports,False,0.0,0.0,,0.0,0.0,,0.0,0.0,,0.0,,Africa,Africa,False,False,False,False,False
Chad,TCD,2019,Country or economy,Wind and solar,True,0.01,0.0,0.0,2.857,-0.084,0.0,0.0,0.0,,0.0,0.0,Africa,Africa,False,False,False,False,False
Chad,TCD,2019,Country or economy,"Hydro, bioenergy and other renewables",True,0.01,0.0,0.0,2.857,-0.084,0.0,0.002,0.0,0.0,0.912,200.0,Africa,Africa,False,False,False,False,False
Chad,TCD,2019,Country or economy,Renewables,True,0.02,0.0,0.0,5.714,-0.168,0.0,0.002,0.0,0.0,0.912,100.0,Africa,Africa,False,False,False,False,False
Chad,TCD,2019,Country or economy,Clean,True,0.02,0.0,0.0,5.714,-0.168,0.0,0.002,0.0,0.0,0.912,100.0,Africa,Africa,False,False,False,False,False
Chad,TCD,2019,Country or economy,Fossil,True,0.33,0.01,3.125,94.286,0.168,0.28,0.217,0.006,2.844,98.907,657.576,Africa,Africa,False,False,False,False,False
Chad,TCD,2019,Country or economy,Total generation,True,0.35,0.01,2.941,100.0,0.0,0.28,0.219,0.006,2.817,99.818,625.714,Africa,Africa,False,False,False,False,False
Chad,TCD,2019,Country or economy,Demand,True,0.35,0.01,2.941,100.0,0.0,,,,,,,Africa,Africa,False,False,False,False,False
Chad,TCD,2020,Country or economy,Solar,False,0.0,0.0,,0.0,0.0,0.0,0.0,0.0,,0.0,,Africa,Africa,False,False,False,False,False
Chad,TCD,2020,Country or economy,Wind,False,0.01,0.0,0.0,2.857,0.0,0.0,0.0,0.0,,0.0,0.0,Africa,Africa,False,False,False,False,False
Chad,TCD,2020,Country or economy,Hydro,False,0.0,0.0,,0.0,0.0,0.0,0.0,0.0,,0.0,,Africa,Africa,False,False,False,False,False
Chad,TCD,2020,Country or economy,Bioenergy,False,0.01,0.0,0.0,2.857,0.0,0.0,0.002,0.0,0.0,0.912,200.0,Africa,Africa,False,False,False,False,False
Chad,TCD,2020,Country or economy,Other renewables,False,0.0,0.0,,0.0,0.0,0.0,0.0,0.0,,0.0,,Africa,Africa,False,False,False,False,False
Chad,TCD,2020,Country or economy,Nuclear,False,0.0,0.0,,0.0,0.0,0.0,0.0,0.0,,0.0,,Africa,Africa,False,False,False,False,False
Chad,TCD,2020,Country or economy,Coal,False,0.0,0.0,,0.0,0.0,,0.0,0.0,,0.0,,Africa,Africa,False,False,False,False,False
Chad,TCD,2020,Country or economy,Gas,False,0.0,0.0,,0.0,0.0,0.12,0.0,0.0,,0.0,,Africa,Africa,False,False,False,False,False
Chad,TCD,2020,Country or economy,Other fossil,False,0.33,0.0,0.0,94.286,0.0,0.16,0.217,0.0,0.0,98.907,657.576,Africa,Africa,False,False,False,False,False
Chad,TCD,2020,Country or economy,Net imports,False,0.0,0.0,,0.0,0.0,,0.0,0.0,,0.0,,Africa,Africa,False,False,False,False,False
Chad,TCD,2020,Country or economy,Wind and solar,True,0.01,0.0,0.0,2.857,0.0,0.0,0.0,0.0,,0.0,0.0,Africa,Africa,False,False,False,False,False
Chad,TCD,2020,Country or economy,"Hydro, bioenergy and other renewables",True,0.01,0.0,0.0,2.857,0.0,0.0,0.002,0.0,0.0,0.912,200.0,Africa,Africa,False,False,False,False,False
Chad,TCD,2020,Country or economy,Renewables,True,0.02,0.0,0.0,5.714,0.0,0.0,0.002,0.0,0.0,0.912,100.0,Africa,Africa,False,False,False,False,False
Chad,TCD,2020,Country or economy,Clean,True,0.02,0.0,0.0,5.714,0.0,0.0,0.002,0.0,0.0,0.912,100.0,Africa,Africa,False,False,False,False,False
Chad,TCD,2020,Country or economy,Fossil,True,0.33,0.0,0.0,94.286,0.0,0.28,0.217,0.0,0.0,98.907,657.576,Africa,Africa,False,False,False,False,False
Chad,TCD,2020,Country or economy,Total generation,True,0.35,0.0,0.0,100.0,0.0,0.28,0.219,0.0,0.0,99.818,625.714,Africa,Africa,False,False,False,False,False
Chad,TCD,2020,Country or economy,Demand,True,0.35,0.0,0.0,100.0,0.0,,,,,,,Africa,Africa,False,False,False,False,False
Chad,TCD,2021,Country or economy,Solar,False,0.0,0.0,,0.0,0.0,0.0,0.0,0.0,,0.0,,Africa,Africa,False,False,False,False,False
Chad,TCD,2021,Country or economy,Wind,False,0.01,0.0,0.0,2.326,-0.531,0.0,0.0,0.0,,0.0,0.0,Africa,Africa,False,False,False,False,False
Chad,TCD,2021,Country or economy,Hydro,False,0.0,0.0,,0.0,0.0,0.0,0.0,0.0,,0.0,,Africa,Africa,False,False,False,False,False
Chad,TCD,2021,Country or economy,Bioenergy,False,0.01,0.0,0.0,2.326,-0.531,0.0,0.002,0.0,0.0,0.735,200.0,Africa,Africa,False,False,False,False,False
Chad,TCD,2021,Country or economy,Other renewables,False,0.0,0.0,,0.0,0.0,0.0,0.0,0.0,,0.0,,Africa,Africa,False,False,False,False,False
Chad,TCD,2021,Country or economy,Nuclear,False,0.0,0.0,,0.0,0.0,0.0,0.0,0.0,,0.0,,Africa,Africa,False,False,False,False,False
Chad,TCD,2021,Country or economy,Coal,False,0.0,0.0,,0.0,0.0,,0.0,0.0,,0.0,,Africa,Africa,False,False,False,False,False
Chad,TCD,2021,Country or economy,Gas,False,0.0,0.0,,0.0,0.0,0.12,0.0,0.0,,0.0,,Africa,Africa,False,False,False,False,False
Chad,TCD,2021,Country or economy,Other fossil,False,0.41,0.08,24.242,95.349,1.063,0.16,0.27,0.053,24.424,99.251,658.537,Africa,Africa,False,False,False,False,False
Chad,TCD,2021,Country or economy,Net imports,False,0.0,0.0,,0.0,0.0,,0.0,0.0,,0.0,,Africa,Africa,False,False,False,False,False
Chad,TCD,2021,Country or economy,Wind and solar,True,0.01,0.0,0.0,2.326,-0.531,0.0,0.0,0.0,,0.0,0.0,Africa,Africa,False,False,False,False,False
Chad,TCD,2021,Country or economy,"Hydro, bioenergy and other renewables",True,0.01,0.0,0.0,2.326,-0.531,0.0,0.002,0.0,0.0,0.735,200.0,Africa,Africa,False,False,False,False,False
Chad,TCD,2021,Country or economy,Renewables,True,0.02,0.0,0.0,4.651,-1.063,0.0,0.002,0.0,0.0,0.735,100.0,Africa,Africa,False,False,False,False,False
Chad,TCD,2021,Country or economy,Clean,True,0.02,0.0,0.0,4.651,-1.063,0.0,0.002,0.0,0.0,0.735,100.0,Africa,Africa,False,False,False,False,False
Chad,TCD,2021,Country or economy,Fossil,True,0.41,0.08,24.242,95.349,1.063,0.28,0.27,0.053,24.424,99.251,658.537,Africa,Africa,False,False,False,False,False
Chad,TCD,2021,Country or economy,Total generation,True,0.43,0.08,22.857,100.0,0.0,0.28,0.272,0.053,24.201,99.986,632.558,Africa,Africa,False,False,False,False,False
Chad,TCD,2021,Country or economy,Demand,True,0.43,0.08,22.857,100.0,0.0,,,,,,,Africa,Africa,False,False,False,False,False
Chad,TCD,2022,Country or economy,Solar,False,0.0,0.0,,0.0,0.0,0.0,0.0,0.0,,0.0,,Africa,Africa,False,False,False,False,False
Chad,TCD,2022,Country or economy,Wind,False,0.01,0.0,0.0,2.564,0.238,0.0,0.0,0.0,,0.0,0.0,Africa,Africa,False,False,False,False,False
Chad,TCD,2022,Country or economy,Hydro,False,0.0,0.0,,0.0,0.0,0.0,0.0,0.0,,0.0,,Africa,Africa,False,False,False,False,False
Chad,TCD,2022,Country or economy,Bioenergy,False,0.01,0.0,0.0,2.564,0.238,0.0,0.002,0.0,0.0,0.814,200.0,Africa,Africa,False,False,False,False,False
Chad,TCD,2022,Country or economy,Other renewables,False,0.0,0.0,,0.0,0.0,0.0,0.0,0.0,,0.0,,Africa,Africa,False,False,False,False,False
Chad,TCD,2022,Country or economy,Nuclear,False,0.0,0.0,,0.0,0.0,0.0,0.0,0.0,,0.0,,Africa,Africa,False,False,False,False,False
Chad,TCD,2022,Country or economy,Coal,False,0.0,0.0,,0.0,0.0,,0.0,0.0,,0.0,,Africa,Africa,False,False,False,False,False
Chad,TCD,2022,Country or economy,Gas,False,0.0,0.0,,0.0,0.0,0.12,0.0,0.0,,0.0,,Africa,Africa,False,False,False,False,False
Chad,TCD,2022,Country or economy,Other fossil,False,0.37,-0.04,-9.756,94.872,-0.477,0.16,0.243,-0.027,-10.0,98.894,656.757,Africa,Africa,False,False,False,False,False
Chad,TCD,2022,Country or economy,Net imports,False,0.0,0.0,,0.0,0.0,,0.0,0.0,,0.0,,Africa,Africa,False,False,False,False,False
Chad,TCD,2022,Country or economy,Wind and solar,True,0.01,0.0,0.0,2.564,0.238,0.0,0.0,0.0,,0.0,0.0,Africa,Africa,False,False,False,False,False
Chad,TCD,2022,Country or economy,"Hydro, bioenergy and other renewables",True,0.01,0.0,0.0,2.564,0.238,0.0,0.002,0.0,0.0,0.814,200.0,Africa,Africa,False,False,False,False,False
Chad,TCD,2022,Country or economy,Renewables,True,0.02,0.0,0.0,5.128,0.477,0.0,0.002,0.0,0.0,0.814,100.0,Africa,Africa,False,False,False,False,False
Chad,TCD,2022,Country or economy,Clean,True,0.02,0.0,0.0,5.128,0.477,0.0,0.002,0.0,0.0,0.814,100.0,Africa,Africa,False,False,False,False,False
Chad,TCD,2022,Country or economy,Fossil,True,0.37,-0.04,-9.756,94.872,-0.477,0.28,0.243,-0.027,-10.0,98.894,656.757,Africa,Africa,False,False,False,False,False
Chad,TCD,2022,Country or economy,Total generation,True,0.39,-0.04,-9.302,100.0,0.0,0.28,0.246,-0.026,-9.559,100.115,630.769,Africa,Africa,False,False,False,False,False
Chad,TCD,2022,Country or economy,Demand,True,0.39,-0.04,-9.302,100.0,0.0,,,,,,,Africa,Africa,False,False,False,False,False
Chad,TCD,2023,Country or economy,Solar,False,0.0,0.0,,0.0,0.0,0.0,0.0,0.0,,0.0,,Africa,Africa,False,False,False,False,False
Chad,TCD,2023,Country or economy,Wind,False,0.01,0.0,0.0,2.778,0.214,0.0,0.0,0.0,,0.0,0.0,Africa,Africa,False,False,False,False,False
Chad,TCD,2023,Country or economy,Hydro,False,0.0,0.0,,0.0,0.0,0.0,0.0,0.0,,0.0,,Africa,Africa,False,False,False,False,False
Chad,TCD,2023,Country or economy,Bioenergy,False,0.01,0.0,0.0,2.778,0.214,0.0,0.002,0.0,0.0,0.885,200.0,Africa,Africa,False,False,False,False,False
Chad,TCD,2023,Country or economy,Other renewables,False,0.0,0.0,,0.0,0.0,0.0,0.0,0.0,,0.0,,Africa,Africa,False,False,False,False,False
Chad,TCD,2023,Country or economy,Nuclear,False,0.0,0.0,,0.0,0.0,0.0,0.0,0.0,,0.0,,Africa,Africa,False,False,False,False,False
Chad,TCD,2023,Country or economy,Coal,False,0.0,0.0,,0.0,0.0,,0.0,0.0,,0.0,,Africa,Africa,False,False,False,False,False
Chad,TCD,2023,Country or economy,Gas,False,0.0,0.0,,0.0,0.0,0.12,0.0,0.0,,0.0,,Africa,Africa,False,False,False,False,False
Chad,TCD,2023,Country or economy,Other fossil,False,0.34,-0.03,-8.108,94.444,-0.428,0.16,0.224,-0.019,-7.819,99.125,658.824,Africa,Africa,False,False,False,False,False
Chad,TCD,2023,Country or economy,Net imports,False,0.0,0.0,,0.0,0.0,,0.0,0.0,,0.0,,Africa,Africa,False,False,False,False,False
Chad,TCD,2023,Country or economy,Wind and solar,True,0.01,0.0,0.0,2.778,0.214,0.0,0.0,0.0,,0.0,0.0,Africa,Africa,False,False,False,False,False
Chad,TCD,2023,Country or economy,"Hydro, bioenergy and other renewables",True,0.01,0.0,0.0,2.778,0.214,0.0,0.002,0.0,0.0,0.885,200.0,Africa,Africa,False,False,False,False,False
Chad,TCD,2023,Country or economy,Renewables,True,0.02,0.0,0.0,5.556,0.428,0.0,0.002,0.0,0.0,0.885,100.0,Africa,Africa,False,False,False,False,False
Chad,TCD,2023,Country or economy,Clean,True,0.02,0.0,0.0,5.556,0.428,0.0,0.002,0.0,0.0,0.885,100.0,Africa,Africa,False,False,False,False,False
Chad,TCD,2023,Country or economy,Fossil,True,0.34,-0.03,-8.108,94.444,-0.428,0.28,0.224,-0.019,-7.819,99.125,658.824,Africa,Africa,False,False,False,False,False
Chad,TCD,2023,Country or economy,Total generation,True,0.36,-0.03,-7.692,100.0,0.0,0.28,0.226,-0.02,-8.13,100.01,627.778,Africa,Africa,False,False,False,False,False
Chad,TCD,2023,Country or economy,Demand,True,0.36,-0.03,-7.692,100.0,0.0,,,,,,,Africa,Africa,False,False,False,False,False
Chad,TCD,2024,Country or economy,Solar,False,0.0,0.0,,0.0,0.0,0.0,0.0,0.0,,0.0,,Africa,Africa,False,False,False,False,False
Chad,TCD,2024,Country or economy,Wind,False,0.01,0.0,0.0,2.703,-0.075,0.0,0.0,0.0,,0.0,0.0,Africa,Africa,False,False,False,False,False
Chad,TCD,2024,Country or economy,Hydro,False,0.0,0.0,,0.0,0.0,0.0,0.0,0.0,,0.0,,Africa,Africa,False,False,False,False,False
Chad,TCD,2024,Country or economy,Bioenergy,False,0.01,0.0,0.0,2.703,-0.075,0.0,0.002,0.0,0.0,0.86,200.0,Africa,Africa,False,False,False,False,False
Chad,TCD,2024,Country or economy,Other renewables,False,0.0,0.0,,0.0,0.0,0.0,0.0,0.0,,0.0,,Africa,Africa,False,False,False,False,False
Chad,TCD,2024,Country or economy,Nuclear,False,0.0,0.0,,0.0,0.0,0.0,0.0,0.0,,0.0,,Africa,Africa,False,False,False,False,False
Chad,TCD,2024,Country or economy,Coal,False,0.0,0.0,,0.0,0.0,,0.0,0.0,,0.0,,Africa,Africa,False,False,False,False,False
Chad,TCD,2024,Country or economy,Gas,False,0.0,0.0,,0.0,0.0,0.12,0.0,0.0,,0.0,,Africa,Africa,False,False,False,False,False
Chad,TCD,2024,Country or economy,Other fossil,False,0.35,0.01,2.941,94.595,0.151,0.16,0.23,0.006,2.679,98.9,657.143,Africa,Africa,False,False,False,False,False
Chad,TCD,2024,Country or economy,Net imports,False,0.0,0.0,,0.0,0.0,,0.0,0.0,,0.0,,Africa,Africa,False,False,False,False,False
Chad,TCD,2024,Country or economy,Wind and solar,True,0.01,0.0,0.0,2.703,-0.075,0.0,0.0,0.0,,0.0,0.0,Africa,Africa,False,False,False,False,False
Chad,TCD,2024,Country or economy,"Hydro, bioenergy and other renewables",True,0.01,0.0,0.0,2.703,-0.075,0.0,0.002,0.0,0.0,0.86,200.0,Africa,Africa,False,False,False,False,False
Chad,TCD,2024,Country or economy,Renewables,True,0.02,0.0,0.0,5.405,-0.151,0.0,0.002,0.0,0.0,0.86,100.0,Africa,Africa,False,False,False,False,False
Chad,TCD,2024,Country or economy,Clean,True,0.02,0.0,0.0,5.405,-0.151,0.0,0.002,0.0,0.0,0.86,100.0,Africa,Africa,False,False,False,False,False
Chad,TCD,2024,Country or economy,Fossil,True,0.35,0.01,2.941,94.595,0.151,0.28,0.23,0.006,2.679,98.9,657.143,Africa,Africa,False,False,False,False,False
Chad,TCD,2024,Country or economy,Total generation,True,0.37,0.01,2.778,100.0,0.0,0.28,0.233,0.007,3.097,100.19,629.73,Africa,Africa,False,False,False,False,False
Chad,TCD,2024,Country or economy,Demand,True,0.37,0.01,2.778,100.0,0.0,,,,,,,Africa,Africa,False,False,False,False,False
Congo,COG,2000,Country or economy,Solar,False,0.0,,,0.0,,0.0,0.0,,,0.0,,Africa,Africa,False,False,False,False,False
Congo,COG,2000,Country or economy,Wind,False,0.0,,,0.0,,0.0,0.0,,,0.0,,Africa,Africa,False,False,False,False,False
Congo,COG,2000,Country or economy,Hydro,False,0.29,,,100.0,,0.07,0.007,,,101.591,24.138,Africa,Africa,False,False,False,False,False
Congo,COG,2000,Country or economy,Bioenergy,False,0.0,,,0.0,,0.01,0.0,,,0.0,,Africa,Africa,False,False,False,False,False
Congo,COG,2000,Country or economy,Other renewables,False,0.0,,,0.0,,0.0,0.0,,,0.0,,Africa,Africa,False,False,False,False,False
Congo,COG,2000,Country or economy,Nuclear,False,0.0,,,0.0,,0.0,0.0,,,0.0,,Africa,Africa,False,False,False,False,False
Congo,COG,2000,Country or economy,Coal,False,0.0,,,0.0,,,0.0,,,0.0,,Africa,Africa,False,False,False,False,False
Congo,COG,2000,Country or economy,Gas,False,0.0,,,0.0,,0.0,0.0,,,0.0,,Africa,Africa,False,False,False,False,False
Congo,COG,2000,Country or economy,Other fossil,False,0.0,,,0.0,,0.03,0.0,,,0.0,,Africa,Africa,False,False,False,False,False
Congo,COG,2000,Country or economy,Net imports,False,0.26,,,89.655,,,0.0,,,0.0,0.0,Africa,Africa,False,False,False,False,False
Congo,COG,2000,Country or economy,Wind and solar,True,0.0,,,0.0,,0.0,0.0,,,0.0,,Africa,Africa,False,False,False,False,False
Congo,COG,2000,Country or economy,"Hydro, bioenergy and other renewables",True,0.29,,,100.0,,0.08,0.007,,,101.591,24.138,Africa,Africa,False,False,False,False,False
Congo,COG,2000,Country or economy,Renewables,True,0.29,,,100.0,,0.08,0.007,,,101.591,24.138,Africa,Africa,False,False,False,False,False
Congo,COG,2000,Country or economy,Clean,True,0.29,,,100.0,,0.08,0.007,,,101.591,24.138,Africa,Africa,False,False,False,False,False
Congo,COG,2000,Country or economy,Fossil,True,0.0,,,0.0,,0.03,0.0,,,0.0,,Africa,Africa,False,False,False,False,False
Congo,COG,2000,Country or economy,Total generation,True,0.29,,,100.0,,0.11,0.007,,,101.591,24.138,Africa,Africa,False,False,False,False,False
Congo,COG,2000,Country or economy,Demand,True,0.55,,,189.655,,,,,,,,Africa,Africa,False,False,False,False,False
Congo,COG,2001,Country or economy,Solar,False,0.0,0.0,,0.0,0.0,0.0,0.0,0.0,,0.0,,Africa,Africa,False,False,False,False,False
Congo,COG,2001,Country or economy,Wind,False,0.0,0.0,,0.0,0.0,0.0,0.0,0.0,,0.0,,Africa,Africa,False,False,False,False,False
Congo,COG,2001,Country or economy,Hydro,False,0.33,0.04,13.793,100.0,0.0,0.07,0.008,0.001,14.286,102.03,24.242,Africa,Africa,False,False,False,False,False
Congo,COG,2001,Country or economy,Bioenergy,False,0.0,0.0,,0.0,0.0,0.01,0.0,0.0,,0.0,,Africa,Africa,False,False,False,False,False
Congo,COG,2001,Country or economy,Other renewables,False,0.0,0.0,,0.0,0.0,0.0,0.0,0.0,,0.0,,Africa,Africa,False,False,False,False,False
Congo,COG,2001,Country or economy,Nuclear,False,0.0,0.0,,0.0,0.0,0.0,0.0,0.0,,0.0,,Africa,Africa,False,False,False,False,False
Congo,COG,2001,Country or economy,Coal,False,0.0,0.0,,0.0,0.0,,0.0,0.0,,0.0,,Africa,Africa,False,False,False,False,False
Congo,COG,2001,Country or economy,Gas,False,0.0,0.0,,0.0,0.0,0.0,0.0,0.0,,0.0,,Africa,Africa,False,False,False,False,False
Congo,COG,2001,Country or economy,Other fossil,False,0.0,0.0,,0.0,0.0,0.03,0.0,0.0,,0.0,,Africa,Africa,False,False,False,False,False
Congo,COG,2001,Country or economy,Net imports,False,0.3,0.04,15.385,90.909,1.254,,0.0,0.0,,0.0,0.0,Africa,Africa,False,False,False,False,False
Congo,COG,2001,Country or economy,Wind and solar,True,0.0,0.0,,0.0,0.0,0.0,0.0,0.0,,0.0,,Africa,Africa,False,False,False,False,False
Congo,COG,2001,Country or economy,"Hydro, bioenergy and other renewables",True,0.33,0.04,13.793,100.0,0.0,0.08,0.008,0.001,14.286,102.03,24.242,Africa,Africa,False,False,False,False,False
Congo,COG,2001,Country or economy,Renewables,True,0.33,0.04,13.793,100.0,0.0,0.08,0.008,0.001,14.286,102.03,24.242,Africa,Africa,False,False,False,False,False
Congo,COG,2001,Country or economy,Clean,True,0.33,0.04,13.793,100.0,0.0,0.08,0.008,0.001,14.286,102.03,24.242,Africa,Africa,False,False,False,False,False
Congo,COG,2001,Country or economy,Fossil,True,0.0,0.0,,0.0,0.0,0.03,0.0,0.0,,0.0,,Africa,Africa,False,False,False,False,False
Congo,COG,2001,Country or economy,Total generation,True,0.33,0.04,13.793,100.0,0.0,0.11,0.008,0.001,14.286,102.03,24.242,Africa,Africa,False,False,False,False,False
Congo,COG,2001,Country or economy,Demand,True,0.63,0.08,14.545,190.909,1.254,,,,,,,Africa,Africa,False,False,False,False,False
Congo,COG,2002,Country or economy,Solar,False,0.0,0.0,,0.0,0.0,0.0,0.0,0.0,,0.0,,Africa,Africa,False,False,False,False,False
Congo,COG,2002,Country or economy,Wind,False,0.0,0.0,,0.0,0.0,0.0,0.0,0.0,,0.0,,Africa,Africa,False,False,False,False,False
Congo,COG,2002,Country or economy,Hydro,False,0.39,0.06,18.182,100.0,0.0,0.07,0.009,0.001,12.5,97.125,23.077,Africa,Africa,False,False,False,False,False
Congo,COG,2002,Country or economy,Bioenergy,False,0.0,0.0,,0.0,0.0,0.01,0.0,0.0,,0.0,,Africa,Africa,False,False,False,False,False
Congo,COG,2002,Country or economy,Other renewables,False,0.0,0.0,,0.0,0.0,0.0,0.0,0.0,,0.0,,Africa,Africa,False,False,False,False,False
Congo,COG,2002,Country or economy,Nuclear,False,0.0,0.0,,0.0,0.0,0.0,0.0,0.0,,0.0,,Africa,Africa,False,False,False,False,False
Congo,COG,2002,Country or economy,Coal,False,0.0,0.0,,0.0,0.0,,0.0,0.0,,0.0,,Africa,Africa,False,False,False,False,False
Congo,COG,2002,Country or economy,Gas,False,0.0,0.0,,0.0,0.0,0.0,0.0,0.0,,0.0,,Africa,Africa,False,False,False,False,False
Congo,COG,2002,Country or economy,Other fossil,False,0.0,0.0,,0.0,0.0,0.03,0.0,0.0,,0.0,,Africa,Africa,False,False,False,False,False
Congo,COG,2002,Country or economy,Net imports,False,0.36,0.06,20.0,92.308,1.399,,0.0,0.0,,0.0,0.0,Africa,Africa,False,False,False,False,False
Congo,COG,2002,Country or economy,Wind and solar,True,0.0,0.0,,0.0,0.0,0.0,0.0,0.0,,0.0,,Africa,Africa,False,False,False,False,False
Congo,COG,2002,Country or economy,"Hydro, bioenergy and other renewables",True,0.39,0.06,18.182,100.0,0.0,0.08,0.009,0.001,12.5,97.125,23.077,Africa,Africa,False,False,False,False,False
Congo,COG,2002,Country or economy,Renewables,True,0.39,0.06,18.182,100.0,0.0,0.08,0.009,0.001,12.5,97.125,23.077,Africa,Africa,False,False,False,False,False
Congo,COG,2002,Country or economy,Clean,True,0.39,0.06,18.182,100.0,0.0,0.08,0.009,0.001,12.5,97.125,23.077,Africa,Africa,False,False,False,False,False
Congo,COG,2002,Country or economy,Fossil,True,0.0,0.0,,0.0,0.0,0.03,0.0,0.0,,0.0,,Africa,Africa,False,False,False,False,False
Congo,COG,2002,Country or economy,Total generation,True,0.39,0.06,18.182,100.0,0.0,0.11,0.009,0.001,12.5,97.125,23.077,Africa,Africa,False,False,False,False,False
Congo,COG,2002,Country or economy,Demand,True,0.75,0.12,19.048,192.308,1.399,,,,,,,Africa,Africa,False,False,False,False,False
Congo,COG,2003,Country or economy,Solar,False,0.0,0.0,,0.0,0.0,0.0,0.0,0.0,,0.0,,Africa,Africa,False,False,False,False,False
Congo,COG,2003,Country or economy,Wind,False,0.0,0.0,,0.0,0.0,0.0,0.0,0.0,,0.0,,Africa,Africa,False,False,False,False,False
Congo,COG,2003,Country or economy,Hydro,False,0.34,-0.05,-12.821,85.0,-15.0,0.07,0.008,-0.001,-11.111,12.715,23.529,Africa,Africa,False,False,False,False,False
Congo,COG,2003,Country or economy,Bioenergy,False,0.0,0.0,,0.0,0.0,0.01,0.0,0.0,,0.0,,Africa,Africa,False,False,False,False,False
Congo,COG,2003,Country or economy,Other renewables,False,0.0,0.0,,0.0,0.0,0.0,0.0,0.0,,0.0,,Africa,Africa,False,False,False,False,False
Congo,COG,2003,Country or economy,Nuclear,False,0.0,0.0,,0.0,0.0,0.0,0.0,0.0,,0.0,,Africa,Africa,False,False,False,False,False
Congo,COG,2003,Country or economy,Coal,False,0.0,0.0,,0.0,0.0,,0.0,0.0,,0.0,,Africa,Africa,False,False,False,False,False
Congo,COG,2003,Country or economy,Gas,False,0.06,0.06,,15.0,15.0,0.0,0.055,0.055,,87.418,916.667,Africa,Africa,False,False,False,False,False
Congo,COG,2003,Country or economy,Other fossil,False,0.0,0.0,,0.0,0.0,0.03,0.0,0.0,,0.0,,Africa,Africa,False,False,False,False,False
Congo,COG,2003,Country or economy,Net imports,False,0.36,0.0,0.0,90.0,-2.308,,0.0,0.0,,0.0,0.0,Africa,Africa,False,False,False,False,False
Congo,COG,2003,Country or economy,Wind and solar,True,0.0,0.0,,0.0,0.0,0.0,0.0,0.0,,0.0,,Africa,Africa,False,False,False,False,False
Congo,COG,2003,Country or economy,"Hydro, bioenergy and other renewables",True,0.34,-0.05,-12.821,85.0,-15.0,0.08,0.008,-0.001,-11.111,12.715,23.529,Africa,Africa,False,False,False,False,False
Congo,COG,2003,Country or economy,Renewables,True,0.34,-0.05,-12.821,85.0,-15.0,0.08,0.008,-0.001,-11.111,12.715,23.529,Africa,Africa,False,False,False,False,False
Congo,COG,2003,Country or economy,Clean,True,0.34,-0.05,-12.821,85.0,-15.0,0.08,0.008,-0.001,-11.111,12.715,23.529,Africa,Africa,False,False,False,False,False
Congo,COG,2003,Country or economy,Fossil,True,0.06,0.06,,15.0,15.0,0.03,0.055,0.055,,87.418,916.667,Africa,Africa,False,False,False,False,False
Congo,COG,2003,Country or economy,Total generation,True,0.4,0.01,2.564,100.0,0.0,0.11,0.063,0.054,600.0,100.134,157.5,Africa,Africa,False,False,False,False,False
Congo,COG,2003,Country or economy,Demand,True,0.76,0.01,1.333,190.0,-2.308,,,,,,,Africa,Africa,False,False,False,False,False
Congo,COG,2004,Country or economy,Solar,False,0.0,0.0,,0.0,0.0,0.0,0.0,0.0,,0.0,,Africa,Africa,False,False,False,False,False
Congo,COG,2004,Country or economy,Wind,False,0.0,0.0,,0.0,0.0,0.0,0.0,0.0,,0.0,,Africa,Africa,False,False,False,False,False
Congo,COG,2004,Country or economy,Hydro,False,0.33,-0.01,-2.941,82.5,-2.5,0.07,0.008,0.0,0.0,11.139,24.242,Africa,Africa,False,False,False,False,False
Congo,COG,2004,Country or economy,Bioenergy,False,0.0,0.0,,0.0,0.0,0.01,0.0,0.0,,0.0,,Africa,Africa,False,False,False,False,False
Congo,COG,2004,Country or economy,Other renewables,False,0.0,0.0,,0.0,0.0,0.0,0.0,0.0,,0.0,,Africa,Africa,False,False,False,False,False
Congo,COG,2004,Country or economy,Nuclear,False,0.0,0.0,,0.0,0.0,0.0,0.0,0.0,,0.0,,Africa,Africa,False,False,False,False,False
Congo,COG,2004,Country or economy,Coal,False,0.0,0.0,,0.0,0.0,,0.0,0.0,,0.0,,Africa,Africa,False,False,False,False,False
Congo,COG,2004,Country or economy,Gas,False,0.07,0.01,16.667,17.5,2.5,0.0,0.064,0.009,16.364,89.114,914.286,Africa,Africa,False,False,False,False,False
Congo,COG,2004,Country or economy,Other fossil,False,0.0,0.0,,0.0,0.0,0.03,0.0,0.0,,0.0,,Africa,Africa,False,False,False,False,False
Congo,COG,2004,Country or economy,Net imports,False,0.4,0.04,11.111,100.0,10.0,,0.0,0.0,,0.0,0.0,Africa,Africa,False,False,False,False,False
Congo,COG,2004,Country or economy,Wind and solar,True,0.0,0.0,,0.0,0.0,0.0,0.0,0.0,,0.0,,Africa,Africa,False,False,False,False,False
Congo,COG,2004,Country or economy,"Hydro, bioenergy and other renewables",True,0.33,-0.01,-2.941,82.5,-2.5,0.08,0.008,0.0,0.0,11.139,24.242,Africa,Africa,False,False,False,False,False
Congo,COG,2004,Country or economy,Renewables,True,0.33,-0.01,-2.941,82.5,-2.5,0.08,0.008,0.0,0.0,11.139,24.242,Africa,Africa,False,False,False,False,False
Congo,COG,2004,Country or economy,Clean,True,0.33,-0.01,-2.941,82.5,-2.5,0.08,0.008,0.0,0.0,11.139,24.242,Africa,Africa,False,False,False,False,False
Congo,COG,2004,Country or economy,Fossil,True,0.07,0.01,16.667,17.5,2.5,0.03,0.064,0.009,16.364,89.114,914.286,Africa,Africa,False,False,False,False,False
Congo,COG,2004,Country or economy,Total generation,True,0.4,0.0,0.0,100.0,0.0,0.11,0.072,0.009,14.286,100.254,180.0,Africa,Africa,False,False,False,False,False
Congo,COG,2004,Country or economy,Demand,True,0.8,0.04,5.263,200.0,10.0,,,,,,,Africa,Africa,False,False,False,False,False
Congo,COG,2005,Country or economy,Solar,False,0.0,0.0,,0.0,0.0,0.0,0.0,0.0,,0.0,,Africa,Africa,False,False,False,False,False
Congo,COG,2005,Country or economy,Wind,False,0.0,0.0,,0.0,0.0,0.0,0.0,0.0,,0.0,,Africa,Africa,False,False,False,False,False
Congo,COG,2005,Country or economy,Hydro,False,0.35,0.02,6.061,81.395,-1.105,0.07,0.008,0.0,0.0,9.824,22.857,Africa,Africa,False,False,False,False,False
Congo,COG,2005,Country or economy,Bioenergy,False,0.0,0.0,,0.0,0.0,0.01,0.0,0.0,,0.0,,Africa,Africa,False,False,False,False,False
Congo,COG,2005,Country or economy,Other renewables,False,0.0,0.0,,0.0,0.0,0.0,0.0,0.0,,0.0,,Africa,Africa,False,False,False,False,False
Congo,COG,2005,Country or economy,Nuclear,False,0.0,0.0,,0.0,0.0,0.0,0.0,0.0,,0.0,,Africa,Africa,False,False,False,False,False
Congo,COG,2005,Country or economy,Coal,False,0.0,0.0,,0.0,0.0,,0.0,0.0,,0.0,,Africa,Africa,False,False,False,False,False
Congo,COG,2005,Country or economy,Gas,False,0.08,0.01,14.286,18.605,1.105,0.0,0.073,0.009,14.062,89.645,912.5,Africa,Africa,False,False,False,False,False
Congo,COG,2005,Country or economy,Other fossil,False,0.0,0.0,,0.0,0.0,0.03,0.0,0.0,,0.0,,Africa,Africa,False,False,False,False,False
Congo,COG,2005,Country or economy,Net imports,False,0.42,0.02,5.0,97.674,-2.326,,0.0,0.0,,0.0,0.0,Africa,Africa,False,False,False,False,False
Congo,COG,2005,Country or economy,Wind and solar,True,0.0,0.0,,0.0,0.0,0.0,0.0,0.0,,0.0,,Africa,Africa,False,False,False,False,False
Congo,COG,2005,Country or economy,"Hydro, bioenergy and other renewables",True,0.35,0.02,6.061,81.395,-1.105,0.08,0.008,0.0,0.0,9.824,22.857,Africa,Africa,False,False,False,False,False
Congo,COG,2005,Country or economy,Renewables,True,0.35,0.02,6.061,81.395,-1.105,0.08,0.008,0.0,0.0,9.824,22.857,Africa,Africa,False,False,False,False,False
Congo,COG,2005,Country or economy,Clean,True,0.35,0.02,6.061,81.395,-1.105,0.08,0.008,0.0,0.0,9.824,22.857,Africa,Africa,False,False,False,False,False
Congo,COG,2005,Country or economy,Fossil,True,0.08,0.01,14.286,18.605,1.105,0.03,0.073,0.009,14.062,89.645,912.5,Africa,Africa,False,False,False,False,False
Congo,COG,2005,Country or economy,Total generation,True,0.43,0.03,7.5,100.0,0.0,0.11,0.081,0.009,12.5,99.469,188.372,Africa,Africa,False,False,False,False,False
Congo,COG,2005,Country or economy,Demand,True,0.85,0.05,6.25,197.674,-2.326,,,,,,,Africa,Africa,False,False,False,False,False
Congo,COG,2006,Country or economy,Solar,False,0.0,0.0,,0.0,0.0,0.0,0.0,0.0,,0.0,,Africa,Africa,False,False,False,False,False
Congo,COG,2006,Country or economy,Wind,False,0.0,0.0,,0.0,0.0,0.0,0.0,0.0,,0.0,,Africa,Africa,False,False,False,False,False
Congo,COG,2006,Country or economy,Hydro,False,0.37,0.02,5.714,82.222,0.827,0.07,0.009,0.001,12.5,10.988,24.324,Africa,Africa,False,False,False,False,False
Congo,COG,2006,Country or economy,Bioenergy,False,0.0,0.0,,0.0,0.0,0.01,0.0,0.0,,0.0,,Africa,Africa,False,False,False,False,False
Congo,COG,2006,Country or economy,Other renewables,False,0.0,0.0,,0.0,0.0,0.0,0.0,0.0,,0.0,,Africa,Africa,False,False,False,False,False
Congo,COG,2006,Country or economy,Nuclear,False,0.0,0.0,,0.0,0.0,0.0,0.0,0.0,,0.0,,Africa,Africa,False,False,False,False,False
Congo,COG,2006,Country or economy,Coal,False,0.0,0.0,,0.0,0.0,,0.0,0.0,,0.0,,Africa,Africa,False,False,False,False,False
Congo,COG,2006,Country or economy,Gas,False,0.08,0.0,0.0,17.778,-0.827,0.0,0.073,0.0,0.0,89.125,912.5,Africa,Africa,False,False,False,False,False
Congo,COG,2006,Country or economy,Other fossil,False,0.0,0.0,,0.0,0.0,0.03,0.0,0.0,,0.0,,Africa,Africa,False,False,False,False,False
Congo,COG,2006,Country or economy,Net imports,False,0.41,-0.01,-2.381,91.111,-6.563,,0.0,0.0,,0.0,0.0,Africa,Africa,False,False,False,False,False
Congo,COG,2006,Country or economy,Wind and solar,True,0.0,0.0,,0.0,0.0,0.0,0.0,0.0,,0.0,,Africa,Africa,False,False,False,False,False
Congo,COG,2006,Country or economy,"Hydro, bioenergy and other renewables",True,0.37,0.02,5.714,82.222,0.827,0.08,0.009,0.001,12.5,10.988,24.324,Africa,Africa,False,False,False,False,False
Congo,COG,2006,Country or economy,Renewables,True,0.37,0.02,5.714,82.222,0.827,0.08,0.009,0.001,12.5,10.988,24.324,Africa,Africa,False,False,False,False,False
Congo,COG,2006,Country or economy,Clean,True,0.37,0.02,5.714,82.222,0.827,0.08,0.009,0.001,12.5,10.988,24.324,Africa,Africa,False,False,False,False,False
Congo,COG,2006,Country or economy,Fossil,True,0.08,0.0,0.0,17.778,-0.827,0.03,0.073,0.0,0.0,89.125,912.5,Africa,Africa,False,False,False,False,False
Congo,COG,2006,Country or economy,Total generation,True,0.45,0.02,4.651,100.0,0.0,0.11,0.082,0.001,1.235,100.113,182.222,Africa,Africa,False,False,False,False,False
Congo,COG,2006,Country or economy,Demand,True,0.86,0.01,1.176,191.111,-6.563,,,,,,,Africa,Africa,False,False,False,False,False
Congo,COG,2007,Country or economy,Solar,False,0.0,0.0,,0.0,0.0,0.0,0.0,0.0,,0.0,,Africa,Africa,False,False,False,False,False
Congo,COG,2007,Country or economy,Wind,False,0.0,0.0,,0.0,0.0,0.0,0.0,0.0,,0.0,,Africa,Africa,False,False,False,False,False
Congo,COG,2007,Country or economy,Hydro,False,0.33,-0.04,-10.811,82.5,0.278,0.07,0.008,-0.001,-11.111,11.139,24.242,Africa,Africa,False,False,False,False,False
Congo,COG,2007,Country or economy,Bioenergy,False,0.0,0.0,,0.0,0.0,0.01,0.0,0.0,,0.0,,Africa,Africa,False,False,False,False,False
Congo,COG,2007,Country or economy,Other renewables,False,0.0,0.0,,0.0,0.0,0.0,0.0,0.0,,0.0,,Africa,Africa,False,False,False,False,False
Congo,COG,2007,Country or economy,Nuclear,False,0.0,0.0,,0.0,0.0,0.0,0.0,0.0,,0.0,,Africa,Africa,False,False,False,False,False
Congo,COG,2007,Country or economy,Coal,False,0.0,0.0,,0.0,0.0,,0.0,0.0,,0.0,,Africa,Africa,False,False,False,False,False
Congo,COG,2007,Country or economy,Gas,False,0.07,-0.01,-12.5,17.5,-0.278,0.0,0.064,-0.009,-12.329,89.114,914.286,Africa,Africa,False,False,False,False,False
Congo,COG,2007,Country or economy,Other fossil,False,0.0,0.0,,0.0,0.0,0.06,0.0,0.0,,0.0,,Africa,Africa,False,False,False,False,False
Congo,COG,2007,Country or economy,Net imports,False,0.45,0.04,9.756,112.5,21.389,,0.0,0.0,,0.0,0.0,Africa,Africa,False,False,False,False,False
Congo,COG,2007,Country or economy,Wind and solar,True,0.0,0.0,,0.0,0.0,0.0,0.0,0.0,,0.0,,Africa,Africa,False,False,False,False,False
Congo,COG,2007,Country or economy,"Hydro, bioenergy and other renewables",True,0.33,-0.04,-10.811,82.5,0.278,0.08,0.008,-0.001,-11.111,11.139,24.242,Africa,Africa,False,False,False,False,False
Congo,COG,2007,Country or economy,Renewables,True,0.33,-0.04,-10.811,82.5,0.278,0.08,0.008,-0.001,-11.111,11.139,24.242,Africa,Africa,False,False,False,False,False
Congo,COG,2007,Country or economy,Clean,True,0.33,-0.04,-10.811,82.5,0.278,0.08,0.008,-0.001,-11.111,11.139,24.242,Africa,Africa,False,False,False,False,False
Congo,COG,2007,Country or economy,Fossil,True,0.07,-0.01,-12.5,17.5,-0.278,0.06,0.064,-0.009,-12.329,89.114,914.286,Africa,Africa,False,False,False,False,False
Congo,COG,2007,Country or economy,Total generation,True,0.4,-0.05,-11.111,100.0,0.0,0.14,0.072,-0.01,-12.195,100.254,180.0,Africa,Africa,False,False,False,False,False
Congo,COG,2007,Country or economy,Demand,True,0.85,-0.01,-1.163,212.5,21.389,,,,,,,Africa,Africa,False,False,False,False,False
Congo,COG,2008,Country or economy,Solar,False,0.0,0.0,,0.0,0.0,0.0,0.0,0.0,,0.0,,Africa,Africa,False,False,False,False,False
Congo,COG,2008,Country or economy,Wind,False,0.0,0.0,,0.0,0.0,0.0,0.0,0.0,,0.0,,Africa,Africa,False,False,False,False,False
Congo,COG,2008,Country or economy,Hydro,False,0.37,0.04,12.121,80.435,-2.065,0.07,0.009,0.001,12.5,9.885,24.324,Africa,Africa,False,False,False,False,False
Congo,COG,2008,Country or economy,Bioenergy,False,0.0,0.0,,0.0,0.0,0.01,0.0,0.0,,0.0,,Africa,Africa,False,False,False,False,False
Congo,COG,2008,Country or economy,Other renewables,False,0.0,0.0,,0.0,0.0,0.0,0.0,0.0,,0.0,,Africa,Africa,False,False,False,False,False
Congo,COG,2008,Country or economy,Nuclear,False,0.0,0.0,,0.0,0.0,0.0,0.0,0.0,,0.0,,Africa,Africa,False,False,False,False,False
Congo,COG,2008,Country or economy,Coal,False,0.0,0.0,,0.0,0.0,,0.0,0.0,,0.0,,Africa,Africa,False,False,False,False,False
Congo,COG,2008,Country or economy,Gas,False,0.09,0.02,28.571,19.565,2.065,0.0,0.082,0.018,28.125,90.063,911.111,Africa,Africa,False,False,False,False,False
Congo,COG,2008,Country or economy,Other fossil,False,0.0,0.0,,0.0,0.0,0.06,0.0,0.0,,0.0,,Africa,Africa,False,False,False,False,False
Congo,COG,2008,Country or economy,Net imports,False,0.44,-0.01,-2.222,95.652,-16.848,,0.0,0.0,,0.0,0.0,Africa,Africa,False,False,False,False,False
Congo,COG,2008,Country or economy,Wind and solar,True,0.0,0.0,,0.0,0.0,0.0,0.0,0.0,,0.0,,Africa,Africa,False,False,False,False,False
Congo,COG,2008,Country or economy,"Hydro, bioenergy and other renewables",True,0.37,0.04,12.121,80.435,-2.065,0.08,0.009,0.001,12.5,9.885,24.324,Africa,Africa,False,False,False,False,False
Congo,COG,2008,Country or economy,Renewables,True,0.37,0.04,12.121,80.435,-2.065,0.08,0.009,0.001,12.5,9.885,24.324,Africa,Africa,False,False,False,False,False
Congo,COG,2008,Country or economy,Clean,True,0.37,0.04,12.121,80.435,-2.065,0.08,0.009,0.001,12.5,9.885,24.324,Africa,Africa,False,False,False,False,False
Congo,COG,2008,Country or economy,Fossil,True,0.09,0.02,28.571,19.565,2.065,0.06,0.082,0.018,28.125,90.063,911.111,Africa,Africa,False,False,False,False,False
Congo,COG,2008,Country or economy,Total generation,True,0.46,0.06,15.0,100.0,0.0,0.14,0.091,0.019,26.389,99.948,197.826,Africa,Africa,False,False,False,False,False
Congo,COG,2008,Country or economy,Demand,True,0.9,0.05,5.882,195.652,-16.848,,,,,,,Africa,Africa,False,False,False,False,False
Congo,COG,2009,Country or economy,Solar,False,0.0,0.0,,0.0,0.0,0.0,0.0,0.0,,0.0,,Africa,Africa,False,False,False,False,False
Congo,COG,2009,Country or economy,Wind,False,0.0,0.0,,0.0,0.0,0.0,0.0,0.0,,0.0,,Africa,Africa,False,False,False,False,False
Congo,COG,2009,Country or economy,Hydro,False,0.33,-0.04,-10.811,61.111,-19.324,0.07,0.008,-0.001,-11.111,4.11,24.242,Africa,Africa,False,False,False,False,False
Congo,COG,2009,Country or economy,Bioenergy,False,0.0,0.0,,0.0,0.0,0.01,0.0,0.0,,0.0,,Africa,Africa,False,False,False,False,False
Congo,COG,2009,Country or economy,Other renewables,False,0.0,0.0,,0.0,0.0,0.0,0.0,0.0,,0.0,,Africa,Africa,False,False,False,False,False
Congo,COG,2009,Country or economy,Nuclear,False,0.0,0.0,,0.0,0.0,0.0,0.0,0.0,,0.0,,Africa,Africa,False,False,False,False,False
Congo,COG,2009,Country or economy,Coal,False,0.0,0.0,,0.0,0.0,,0.0,0.0,,0.0,,Africa,Africa,False,False,False,False,False
Congo,COG,2009,Country or economy,Gas,False,0.19,0.1,111.111,35.185,15.62,0.0,0.174,0.092,112.195,89.39,915.789,Africa,Africa,False,False,False,False,False
Congo,COG,2009,Country or economy,Other fossil,False,0.02,0.02,,3.704,3.704,0.06,0.013,0.013,,6.679,650.0,Africa,Africa,False,False,False,False,False
Congo,COG,2009,Country or economy,Net imports,False,0.44,0.0,0.0,81.481,-14.171,,0.0,0.0,,0.0,0.0,Africa,Africa,False,False,False,False,False
Congo,COG,2009,Country or economy,Wind and solar,True,0.0,0.0,,0.0,0.0,0.0,0.0,0.0,,0.0,,Africa,Africa,False,False,False,False,False
Congo,COG,2009,Country or economy,"Hydro, bioenergy and other renewables",True,0.33,-0.04,-10.811,61.111,-19.324,0.08,0.008,-0.001,-11.111,4.11,24.242,Africa,Africa,False,False,False,False,False
Congo,COG,2009,Country or economy,Renewables,True,0.33,-0.04,-10.811,61.111,-19.324,0.08,0.008,-0.001,-11.111,4.11,24.242,Africa,Africa,False,False,False,False,False
Congo,COG,2009,Country or economy,Clean,True,0.33,-0.04,-10.811,61.111,-19.324,0.08,0.008,-0.001,-11.111,4.11,24.242,Africa,Africa,False,False,False,False,False
Congo,COG,2009,Country or economy,Fossil,True,0.21,0.12,133.333,38.889,19.324,0.06,0.187,0.105,128.049,96.069,890.476,Africa,Africa,False,False,False,False,False
Congo,COG,2009,Country or economy,Total generation,True,0.54,0.08,17.391,100.0,0.0,0.14,0.195,0.104,114.286,100.178,361.111,Africa,Africa,False,False,False,False,False
Congo,COG,2009,Country or economy,Demand,True,0.98,0.08,8.889,181.481,-14.171,,,,,,,Africa,Africa,False,False,False,False,False
Congo,COG,2010,Country or economy,Solar,False,0.0,0.0,,0.0,0.0,0.0,0.0,0.0,,0.0,,Africa,Africa,False,False,False,False,False
Congo,COG,2010,Country or economy,Wind,False,0.0,0.0,,0.0,0.0,0.0,0.0,0.0,,0.0,,Africa,Africa,False,False,False,False,False
Congo,COG,2010,Country or economy,Hydro,False,0.43,0.1,30.303,53.086,-8.025,0.07,0.01,0.002,25.0,2.994,23.256,Africa,Africa,False,False,False,False,False
Congo,COG,2010,Country or economy,Bioenergy,False,0.03,0.03,,3.704,3.704,0.01,0.006,0.006,,1.796,200.0,Africa,Africa,False,False,False,False,False
Congo,COG,2010,Country or economy,Other renewables,False,0.0,0.0,,0.0,0.0,0.0,0.0,0.0,,0.0,,Africa,Africa,False,False,False,False,False
Congo,COG,2010,Country or economy,Nuclear,False,0.0,0.0,,0.0,0.0,0.0,0.0,0.0,,0.0,,Africa,Africa,False,False,False,False,False
Congo,COG,2010,Country or economy,Coal,False,0.0,0.0,,0.0,0.0,,0.0,0.0,,0.0,,Africa,Africa,False,False,False,False,False
Congo,COG,2010,Country or economy,Gas,False,0.34,0.15,78.947,41.975,6.79,0.31,0.311,0.137,78.736,93.106,914.706,Africa,Africa,False,False,False,False,False
Congo,COG,2010,Country or economy,Other fossil,False,0.01,-0.01,-50.0,1.235,-2.469,0.06,0.007,-0.006,-46.154,2.096,700.0,Africa,Africa,False,False,False,False,False
Congo,COG,2010,Country or economy,Net imports,False,0.28,-0.16,-36.364,34.568,-46.913,,0.0,0.0,,0.0,0.0,Africa,Africa,False,False,False,False,False
Congo,COG,2010,Country or economy,Wind and solar,True,0.0,0.0,,0.0,0.0,0.0,0.0,0.0,,0.0,,Africa,Africa,False,False,False,False,False
Congo,COG,2010,Country or economy,"Hydro, bioenergy and other renewables",True,0.46,0.13,39.394,56.79,-4.321,0.08,0.017,0.009,112.5,5.089,36.957,Africa,Africa,False,False,False,False,False
Congo,COG,2010,Country or economy,Renewables,True,0.46,0.13,39.394,56.79,-4.321,0.08,0.017,0.009,112.5,5.089,36.957,Africa,Africa,False,False,False,False,False
Congo,COG,2010,Country or economy,Clean,True,0.46,0.13,39.394,56.79,-4.321,0.08,0.017,0.009,112.5,5.089,36.957,Africa,Africa,False,False,False,False,False
Congo,COG,2010,Country or economy,Fossil,True,0.35,0.14,66.667,43.21,4.321,0.37,0.317,0.13,69.519,94.902,905.714,Africa,Africa,False,False,False,False,False
Congo,COG,2010,Country or economy,Total generation,True,0.81,0.27,50.0,100.0,0.0,0.45,0.334,0.139,71.282,99.992,412.346,Africa,Africa,False,False,False,False,False
Congo,COG,2010,Country or economy,Demand,True,1.09,0.11,11.224,134.568,-46.913,,,,,,,Africa,Africa,False,False,False,False,False
Congo,COG,2011,Country or economy,Solar,False,0.0,0.0,,0.0,0.0,0.0,0.0,0.0,,0.0,,Africa,Africa,False,False,False,False,False
Congo,COG,2011,Country or economy,Wind,False,0.0,0.0,,0.0,0.0,0.0,0.0,0.0,,0.0,,Africa,Africa,False,False,False,False,False
Congo,COG,2011,Country or economy,Hydro,False,0.78,0.35,81.395,59.542,6.456,0.07,0.019,0.009,90.0,3.963,24.359,Africa,Africa,False,False,False,False,False
Congo,COG,2011,Country or economy,Bioenergy,False,0.03,0.0,0.0,2.29,-1.414,0.01,0.006,0.0,0.0,1.251,200.0,Africa,Africa,False,False,False,False,False
Congo,COG,2011,Country or economy,Other renewables,False,0.0,0.0,,0.0,0.0,0.0,0.0,0.0,,0.0,,Africa,Africa,False,False,False,False,False
Congo,COG,2011,Country or economy,Nuclear,False,0.0,0.0,,0.0,0.0,0.0,0.0,0.0,,0.0,,Africa,Africa,False,False,False,False,False
Congo,COG,2011,Country or economy,Coal,False,0.0,0.0,,0.0,0.0,,0.0,0.0,,0.0,,Africa,Africa,False,False,False,False,False
Congo,COG,2011,Country or economy,Gas,False,0.49,0.15,44.118,37.405,-4.57,0.31,0.448,0.137,44.051,93.443,914.286,Africa,Africa,False,False,False,False,False
Congo,COG,2011,Country or economy,Other fossil,False,0.01,0.0,0.0,0.763,-0.472,0.06,0.007,0.0,0.0,1.46,700.0,Africa,Africa,False,False,False,False,False
Congo,COG,2011,Country or economy,Net imports,False,0.03,-0.25,-89.286,2.29,-32.278,,0.0,0.0,,0.0,0.0,Africa,Africa,False,False,False,False,False
Congo,COG,2011,Country or economy,Wind and solar,True,0.0,0.0,,0.0,0.0,0.0,0.0,0.0,,0.0,,Africa,Africa,False,False,False,False,False
Congo,COG,2011,Country or economy,"Hydro, bioenergy and other renewables",True,0.81,0.35,76.087,61.832,5.042,0.08,0.025,0.008,47.059,5.214,30.864,Africa,Africa,False,False,False,False,False
Congo,COG,2011,Country or economy,Renewables,True,0.81,0.35,76.087,61.832,5.042,0.08,0.025,0.008,47.059,5.214,30.864,Africa,Africa,False,False,False,False,False
Congo,COG,2011,Country or economy,Clean,True,0.81,0.35,76.087,61.832,5.042,0.08,0.025,0.008,47.059,5.214,30.864,Africa,Africa,False,False,False,False,False
Congo,COG,2011,Country or economy,Fossil,True,0.5,0.15,42.857,38.168,-5.042,0.37,0.454,0.137,43.218,94.694,908.0,Africa,Africa,False,False,False,False,False
Congo,COG,2011,Country or economy,Total generation,True,1.31,0.5,61.728,100.0,0.0,0.45,0.479,0.145,43.413,99.909,365.649,Africa,Africa,False,False,False,False,False
Congo,COG,2011,Country or economy,Demand,True,1.34,0.25,22.936,102.29,-32.278,,,,,,,Africa,Africa,False,False,False,False,False
Congo,COG,2012,Country or economy,Solar,False,0.0,0.0,,0.0,0.0,0.0,0.0,0.0,,0.0,,Africa,Africa,False,False,False,False,False
Congo,COG,2012,Country or economy,Wind,False,0.0,0.0,,0.0,0.0,0.0,0.0,0.0,,0.0,,Africa,Africa,False,False,False,False,False
Congo,COG,2012,Country or economy,Hydro,False,0.98,0.2,25.641,56.977,-2.565,0.19,0.023,0.004,21.053,3.389,23.469,Africa,Africa,False,False,False,False,False
Congo,COG,2012,Country or economy,Bioenergy,False,0.03,0.0,0.0,1.744,-0.546,0.01,0.006,0.0,0.0,0.884,200.0,Africa,Africa,False,False,False,False,False
Congo,COG,2012,Country or economy,Other renewables,False,0.0,0.0,,0.0,0.0,0.0,0.0,0.0,,0.0,,Africa,Africa,False,False,False,False,False
Congo,COG,2012,Country or economy,Nuclear,False,0.0,0.0,,0.0,0.0,0.0,0.0,0.0,,0.0,,Africa,Africa,False,False,False,False,False
Congo,COG,2012,Country or economy,Coal,False,0.0,0.0,,0.0,0.0,,0.0,0.0,,0.0,,Africa,Africa,False,False,False,False,False
Congo,COG,2012,Country or economy,Gas,False,0.71,0.22,44.898,41.279,3.874,0.31,0.649,0.201,44.866,95.627,914.085,Africa,Africa,False,False,False,False,False
Congo,COG,2012,Country or economy,Other fossil,False,0.0,-0.01,-100.0,0.0,-0.763,0.06,0.0,-0.007,-100.0,0.0,,Africa,Africa,False,False,False,False,False
Congo,COG,2012,Country or economy,Net imports,False,0.03,0.0,0.0,1.744,-0.546,,0.0,0.0,,0.0,0.0,Africa,Africa,False,False,False,False,False
Congo,COG,2012,Country or economy,Wind and solar,True,0.0,0.0,,0.0,0.0,0.0,0.0,0.0,,0.0,,Africa,Africa,False,False,False,False,False
Congo,COG,2012,Country or economy,"Hydro, bioenergy and other renewables",True,1.01,0.2,24.691,58.721,-3.111,0.2,0.03,0.005,20.0,4.42,29.703,Africa,Africa,False,False,False,False,False
Congo,COG,2012,Country or economy,Renewables,True,1.01,0.2,24.691,58.721,-3.111,0.2,0.03,0.005,20.0,4.42,29.703,Africa,Africa,False,False,False,False,False
Congo,COG,2012,Country or economy,Clean,True,1.01,0.2,24.691,58.721,-3.111,0.2,0.03,0.005,20.0,4.42,29.703,Africa,Africa,False,False,False,False,False
Congo,COG,2012,Country or economy,Fossil,True,0.71,0.21,42.0,41.279,3.111,0.37,0.649,0.195,42.952,95.627,914.085,Africa,Africa,False,False,False,False,False
Congo,COG,2012,Country or economy,Total generation,True,1.72,0.41,31.298,100.0,0.0,0.5700000000000001,0.679,0.2,41.754,100.047,394.767,Africa,Africa,False,False,False,False,False
Congo,COG,2012,Country or economy,Demand,True,1.75,0.41,30.597,101.744,-0.546,,,,,,,Africa,Africa,False,False,False,False,False
Congo,COG,2013,Country or economy,Solar,False,0.0,0.0,,0.0,0.0,0.0,0.0,0.0,,0.0,,Africa,Africa,False,False,False,False,False
Congo,COG,2013,Country or economy,Wind,False,0.0,0.0,,0.0,0.0,0.0,0.0,0.0,,0.0,,Africa,Africa,False,False,False,False,False
Congo,COG,2013,Country or economy,Hydro,False,0.96,-0.02,-2.041,55.491,-1.486,0.19,0.023,0.0,0.0,3.26,23.958,Africa,Africa,False,False,False,False,False
Congo,COG,2013,Country or economy,Bioenergy,False,0.03,0.0,0.0,1.734,-0.01,0.01,0.006,0.0,0.0,0.85,200.0,Africa,Africa,False,False,False,False,False
Congo,COG,2013,Country or economy,Other renewables,False,0.0,0.0,,0.0,0.0,0.0,0.0,0.0,,0.0,,Africa,Africa,False,False,False,False,False
Congo,COG,2013,Country or economy,Nuclear,False,0.0,0.0,,0.0,0.0,0.0,0.0,0.0,,0.0,,Africa,Africa,False,False,False,False,False
Congo,COG,2013,Country or economy,Coal,False,0.0,0.0,,0.0,0.0,,0.0,0.0,,0.0,,Africa,Africa,False,False,False,False,False
Congo,COG,2013,Country or economy,Gas,False,0.74,0.03,4.225,42.775,1.496,0.31,0.676,0.027,4.16,95.802,913.514,Africa,Africa,False,False,False,False,False
Congo,COG,2013,Country or economy,Other fossil,False,0.0,0.0,,0.0,0.0,0.06,0.0,0.0,,0.0,,Africa,Africa,False,False,False,False,False
Congo,COG,2013,Country or economy,Net imports,False,0.04,0.01,33.333,2.312,0.568,,0.0,0.0,,0.0,0.0,Africa,Africa,False,False,False,False,False
Congo,COG,2013,Country or economy,Wind and solar,True,0.0,0.0,,0.0,0.0,0.0,0.0,0.0,,0.0,,Africa,Africa,False,False,False,False,False
Congo,COG,2013,Country or economy,"Hydro, bioenergy and other renewables",True,0.99,-0.02,-1.98,57.225,-1.496,0.2,0.029,-0.001,-3.333,4.11,29.293,Africa,Africa,False,False,False,False,False
Congo,COG,2013,Country or economy,Renewables,True,0.99,-0.02,-1.98,57.225,-1.496,0.2,0.029,-0.001,-3.333,4.11,29.293,Africa,Africa,False,False,False,False,False
Congo,COG,2013,Country or economy,Clean,True,0.99,-0.02,-1.98,57.225,-1.496,0.2,0.029,-0.001,-3.333,4.11,29.293,Africa,Africa,False,False,False,False,False
Congo,COG,2013,Country or economy,Fossil,True,0.74,0.03,4.225,42.775,1.496,0.37,0.676,0.027,4.16,95.802,913.514,Africa,Africa,False,False,False,False,False
Congo,COG,2013,Country or economy,Total generation,True,1.73,0.01,0.581,100.0,0.0,0.5700000000000001,0.706,0.027,3.976,100.053,408.092,Africa,Africa,False,False,False,False,False
Congo,COG,2013,Country or economy,Demand,True,1.77,0.02,1.143,102.312,0.568,,,,,,,Africa,Africa,False,False,False,False,False
Congo,COG,2014,Country or economy,Solar,False,0.0,0.0,,0.0,0.0,0.0,0.0,0.0,,0.0,,Africa,Africa,False,False,False,False,False
Congo,COG,2014,Country or economy,Wind,False,0.0,0.0,,0.0,0.0,0.0,0.0,0.0,,0.0,,Africa,Africa,False,False,False,False,False
Congo,COG,2014,Country or economy,Hydro,False,0.94,-0.02,-2.083,53.409,-2.082,0.19,0.022,-0.001,-4.348,2.93,23.404,Africa,Africa,False,False,False,False,False
Congo,COG,2014,Country or economy,Bioenergy,False,0.03,0.0,0.0,1.705,-0.029,0.01,0.006,0.0,0.0,0.799,200.0,Africa,Africa,False,False,False,False,False
Congo,COG,2014,Country or economy,Other renewables,False,0.0,0.0,,0.0,0.0,0.0,0.0,0.0,,0.0,,Africa,Africa,False,False,False,False,False
Congo,COG,2014,Country or economy,Nuclear,False,0.0,0.0,,0.0,0.0,0.0,0.0,0.0,,0.0,,Africa,Africa,False,False,False,False,False
Congo,COG,2014,Country or economy,Coal,False,0.0,0.0,,0.0,0.0,,0.0,0.0,,0.0,,Africa,Africa,False,False,False,False,False
Congo,COG,2014,Country or economy,Gas,False,0.79,0.05,6.757,44.886,2.111,0.31,0.722,0.046,6.805,96.158,913.924,Africa,Africa,False,False,False,False,False
Congo,COG,2014,Country or economy,Other fossil,False,0.0,0.0,,0.0,0.0,0.06,0.0,0.0,,0.0,,Africa,Africa,False,False,False,False,False
Congo,COG,2014,Country or economy,Net imports,False,0.0,-0.04,-100.0,0.0,-2.312,,0.0,0.0,,0.0,,Africa,Africa,False,False,False,False,False
Congo,COG,2014,Country or economy,Wind and solar,True,0.0,0.0,,0.0,0.0,0.0,0.0,0.0,,0.0,,Africa,Africa,False,False,False,False,False
Congo,COG,2014,Country or economy,"Hydro, bioenergy and other renewables",True,0.97,-0.02,-2.02,55.114,-2.111,0.2,0.029,0.0,0.0,3.862,29.897,Africa,Africa,False,False,False,False,False
Congo,COG,2014,Country or economy,Renewables,True,0.97,-0.02,-2.02,55.114,-2.111,0.2,0.029,0.0,0.0,3.862,29.897,Africa,Africa,False,False,False,False,False
Congo,COG,2014,Country or economy,Clean,True,0.97,-0.02,-2.02,55.114,-2.111,0.2,0.029,0.0,0.0,3.862,29.897,Africa,Africa,False,False,False,False,False
Congo,COG,2014,Country or economy,Fossil,True,0.79,0.05,6.757,44.886,2.111,0.37,0.722,0.046,6.805,96.158,913.924,Africa,Africa,False,False,False,False,False
Congo,COG,2014,Country or economy,Total generation,True,1.76,0.03,1.734,100.0,0.0,0.5700000000000001,0.751,0.045,6.374,100.02,426.705,Africa,Africa,False,False,False,False,False
Congo,COG,2014,Country or economy,Demand,True,1.76,-0.01,-0.565,100.0,-2.312,,,,,,,Africa,Africa,False,False,False,False,False
Congo,COG,2015,Country or economy,Solar,False,0.0,0.0,,0.0,0.0,0.0,0.0,0.0,,0.0,,Africa,Africa,False,False,False,False,False
Congo,COG,2015,Country or economy,Wind,False,0.0,0.0,,0.0,0.0,0.0,0.0,0.0,,0.0,,Africa,Africa,False,False,False,False,False
Congo,COG,2015,Country or economy,Hydro,False,1.09,0.15,15.957,39.068,-14.341,0.19,0.026,0.004,18.182,1.737,23.853,Africa,Africa,False,False,False,False,False
Congo,COG,2015,Country or economy,Bioenergy,False,0.03,0.0,0.0,1.075,-0.63,0.01,0.006,0.0,0.0,0.401,200.0,Africa,Africa,False,False,False,False,False
Congo,COG,2015,Country or economy,Other renewables,False,0.0,0.0,,0.0,0.0,0.0,0.0,0.0,,0.0,,Africa,Africa,False,False,False,False,False
Congo,COG,2015,Country or economy,Nuclear,False,0.0,0.0,,0.0,0.0,0.0,0.0,0.0,,0.0,,Africa,Africa,False,False,False,False,False
Congo,COG,2015,Country or economy,Coal,False,0.0,0.0,,0.0,0.0,,0.0,0.0,,0.0,,Africa,Africa,False,False,False,False,False
Congo,COG,2015,Country or economy,Gas,False,1.43,0.64,81.013,51.254,6.368,0.31,1.307,0.585,81.025,87.293,913.986,Africa,Africa,False,False,False,False,False
Congo,COG,2015,Country or economy,Other fossil,False,0.24,0.24,,8.602,8.602,0.06,0.158,0.158,,10.553,658.333,Africa,Africa,False,False,False,False,False
Congo,COG,2015,Country or economy,Net imports,False,-0.02,-0.02,,-0.717,-0.717,,0.0,0.0,,0.0,0.0,Africa,Africa,False,False,False,False,False
Congo,COG,2015,Country or economy,Wind and solar,True,0.0,0.0,,0.0,0.0,0.0,0.0,0.0,,0.0,,Africa,Africa,False,False,False,False,False
Congo,COG,2015,Country or economy,"Hydro, bioenergy and other renewables",True,1.12,0.15,15.464,40.143,-14.971,0.2,0.032,0.003,10.345,2.137,28.571,Africa,Africa,False,False,False,False,False
Congo,COG,2015,Country or economy,Renewables,True,1.12,0.15,15.464,40.143,-14.971,0.2,0.032,0.003,10.345,2.137,28.571,Africa,Africa,False,False,False,False,False
Congo,COG,2015,Country or economy,Clean,True,1.12,0.15,15.464,40.143,-14.971,0.2,0.032,0.003,10.345,2.137,28.571,Africa,Africa,False,False,False,False,False
Congo,COG,2015,Country or economy,Fossil,True,1.67,0.88,111.392,59.857,14.971,0.37,1.465,0.743,102.909,97.845,877.246,Africa,Africa,False,False,False,False,False
Congo,COG,2015,Country or economy,Total generation,True,2.79,1.03,58.523,100.0,0.0,0.5700000000000001,1.497,0.746,99.334,99.982,536.559,Africa,Africa,False,False,False,False,False
Congo,COG,2015,Country or economy,Demand,True,2.77,1.01,57.386,99.283,-0.717,,,,,,,Africa,Africa,False,False,False,False,False
Congo,COG,2016,Country or economy,Solar,False,0.0,0.0,,0.0,0.0,0.0,0.0,0.0,,0.0,,Africa,Africa,False,False,False,False,False
Congo,COG,2016,Country or economy,Wind,False,0.0,0.0,,0.0,0.0,0.0,0.0,0.0,,0.0,,Africa,Africa,False,False,False,False,False
Congo,COG,2016,Country or economy,Hydro,False,1.12,0.03,2.752,37.71,-1.358,0.2,0.027,0.001,3.846,1.636,24.107,Africa,Africa,False,False,False,False,False
Congo,COG,2016,Country or economy,Bioenergy,False,0.03,0.0,0.0,1.01,-0.065,0.01,0.006,0.0,0.0,0.364,200.0,Africa,Africa,False,False,False,False,False
Congo,COG,2016,Country or economy,Other renewables,False,0.0,0.0,,0.0,0.0,0.0,0.0,0.0,,0.0,,Africa,Africa,False,False,False,False,False
Congo,COG,2016,Country or economy,Nuclear,False,0.0,0.0,,0.0,0.0,0.0,0.0,0.0,,0.0,,Africa,Africa,False,False,False,False,False
Congo,COG,2016,Country or economy,Coal,False,0.0,0.0,,0.0,0.0,,0.0,0.0,,0.0,,Africa,Africa,False,False,False,False,False
Congo,COG,2016,Country or economy,Gas,False,1.64,0.21,14.685,55.219,3.965,0.31,1.499,0.192,14.69,90.825,914.024,Africa,Africa,False,False,False,False,False
Congo,COG,2016,Country or economy,Other fossil,False,0.18,-0.06,-25.0,6.061,-2.541,0.06,0.118,-0.04,-25.316,7.15,655.556,Africa,Africa,False,False,False,False,False
Congo,COG,2016,Country or economy,Net imports,False,0.0,0.02,-100.0,0.0,0.717,,0.0,0.0,,0.0,,Africa,Africa,False,False,False,False,False
Congo,COG,2016,Country or economy,Wind and solar,True,0.0,0.0,,0.0,0.0,0.0,0.0,0.0,,0.0,,Africa,Africa,False,False,False,False,False
Congo,COG,2016,Country or economy,"Hydro, bioenergy and other renewables",True,1.15,0.03,2.679,38.721,-1.422,0.21,0.033,0.001,3.125,1.999,28.696,Africa,Africa,False,False,False,False,False
Congo,COG,2016,Country or economy,Renewables,True,1.15,0.03,2.679,38.721,-1.422,0.21,0.033,0.001,3.125,1.999,28.696,Africa,Africa,False,False,False,False,False
Congo,COG,2016,Country or economy,Clean,True,1.15,0.03,2.679,38.721,-1.422,0.21,0.033,0.001,3.125,1.999,28.696,Africa,Africa,False,False,False,False,False
Congo,COG,2016,Country or economy,Fossil,True,1.82,0.15,8.982,61.279,1.422,0.37,1.617,0.152,10.375,97.975,888.462,Africa,Africa,False,False,False,False,False
Congo,COG,2016,Country or economy,Total generation,True,2.97,0.18,6.452,100.0,0.0,0.5800000000000001,1.65,0.153,10.22,99.974,555.556,Africa,Africa,False,False,False,False,False
Congo,COG,2016,Country or economy,Demand,True,2.97,0.2,7.22,100.0,0.717,,,,,,,Africa,Africa,False,False,False,False,False
Congo,COG,2017,Country or economy,Solar,False,0.0,0.0,,0.0,0.0,0.0,0.0,0.0,,0.0,,Africa,Africa,False,False,False,False,False
Congo,COG,2017,Country or economy,Wind,False,0.0,0.0,,0.0,0.0,0.0,0.0,0.0,,0.0,,Africa,Africa,False,False,False,False,False
Congo,COG,2017,Country or economy,Hydro,False,1.19,0.07,6.25,39.933,2.223,0.21,0.028,0.001,3.704,1.734,23.529,Africa,Africa,False,False,False,False,False
Congo,COG,2017,Country or economy,Bioenergy,False,0.03,0.0,0.0,1.007,-0.003,0.01,0.006,0.0,0.0,0.371,200.0,Africa,Africa,False,False,False,False,False
Congo,COG,2017,Country or economy,Other renewables,False,0.0,0.0,,0.0,0.0,0.0,0.0,0.0,,0.0,,Africa,Africa,False,False,False,False,False
Congo,COG,2017,Country or economy,Nuclear,False,0.0,0.0,,0.0,0.0,0.0,0.0,0.0,,0.0,,Africa,Africa,False,False,False,False,False
Congo,COG,2017,Country or economy,Coal,False,0.0,0.0,,0.0,0.0,,0.0,0.0,,0.0,,Africa,Africa,False,False,False,False,False
Congo,COG,2017,Country or economy,Gas,False,1.65,0.01,0.61,55.369,0.15,0.31,1.508,0.009,0.6,93.365,913.939,Africa,Africa,False,False,False,False,False
Congo,COG,2017,Country or economy,Other fossil,False,0.11,-0.07,-38.889,3.691,-2.37,0.06,0.072,-0.046,-38.983,4.458,654.545,Africa,Africa,False,False,False,False,False
Congo,COG,2017,Country or economy,Net imports,False,0.0,0.0,,0.0,0.0,,0.0,0.0,,0.0,,Africa,Africa,False,False,False,False,False
Congo,COG,2017,Country or economy,Wind and solar,True,0.0,0.0,,0.0,0.0,0.0,0.0,0.0,,0.0,,Africa,Africa,False,False,False,False,False
Congo,COG,2017,Country or economy,"Hydro, bioenergy and other renewables",True,1.22,0.07,6.087,40.94,2.219,0.22,0.035,0.002,6.061,2.167,28.689,Africa,Africa,False,False,False,False,False
Congo,COG,2017,Country or economy,Renewables,True,1.22,0.07,6.087,40.94,2.219,0.22,0.035,0.002,6.061,2.167,28.689,Africa,Africa,False,False,False,False,False
Congo,COG,2017,Country or economy,Clean,True,1.22,0.07,6.087,40.94,2.219,0.22,0.035,0.002,6.061,2.167,28.689,Africa,Africa,False,False,False,False,False
Congo,COG,2017,Country or economy,Fossil,True,1.76,-0.06,-3.297,59.06,-2.219,0.37,1.58,-0.037,-2.288,97.823,897.727,Africa,Africa,False,False,False,False,False
Congo,COG,2017,Country or economy,Total generation,True,2.98,0.01,0.337,100.0,0.0,0.5900000000000001,1.615,-0.035,-2.121,99.99,541.946,Africa,Africa,False,False,False,False,False
Congo,COG,2017,Country or economy,Demand,True,2.98,0.01,0.337,100.0,0.0,,,,,,,Africa,Africa,False,False,False,False,False
Congo,COG,2018,Country or economy,Solar,False,0.0,0.0,,0.0,0.0,0.0,0.0,0.0,,0.0,,Africa,Africa,False,False,False,False,False
Congo,COG,2018,Country or economy,Wind,False,0.0,0.0,,0.0,0.0,0.0,0.0,0.0,,0.0,,Africa,Africa,False,False,False,False,False
Congo,COG,2018,Country or economy,Hydro,False,1.05,-0.14,-11.765,34.091,-5.842,0.21,0.025,-0.003,-10.714,1.369,23.81,Africa,Africa,False,False,False,False,False
Congo,COG,2018,Country or economy,Bioenergy,False,0.03,0.0,0.0,0.974,-0.033,0.01,0.006,0.0,0.0,0.329,200.0,Africa,Africa,False,False,False,False,False
Congo,COG,2018,Country or economy,Other renewables,False,0.0,0.0,,0.0,0.0,0.0,0.0,0.0,,0.0,,Africa,Africa,False,False,False,False,False
Congo,COG,2018,Country or economy,Nuclear,False,0.0,0.0,,0.0,0.0,0.0,0.0,0.0,,0.0,,Africa,Africa,False,False,False,False,False
Congo,COG,2018,Country or economy,Coal,False,0.0,0.0,,0.0,0.0,,0.0,0.0,,0.0,,Africa,Africa,False,False,False,False,False
Congo,COG,2018,Country or economy,Gas,False,1.87,0.22,13.333,60.714,5.345,0.31,1.709,0.201,13.329,93.589,913.904,Africa,Africa,False,False,False,False,False
Congo,COG,2018,Country or economy,Other fossil,False,0.13,0.02,18.182,4.221,0.53,0.06,0.086,0.014,19.444,4.71,661.538,Africa,Africa,False,False,False,False,False
Congo,COG,2018,Country or economy,Net imports,False,0.0,0.0,,0.0,0.0,,0.0,0.0,,0.0,,Africa,Africa,False,False,False,False,False
Congo,COG,2018,Country or economy,Wind and solar,True,0.0,0.0,,0.0,0.0,0.0,0.0,0.0,,0.0,,Africa,Africa,False,False,False,False,False
Congo,COG,2018,Country or economy,"Hydro, bioenergy and other renewables",True,1.08,-0.14,-11.475,35.065,-5.875,0.22,0.031,-0.004,-11.429,1.698,28.704,Africa,Africa,False,False,False,False,False
Congo,COG,2018,Country or economy,Renewables,True,1.08,-0.14,-11.475,35.065,-5.875,0.22,0.031,-0.004,-11.429,1.698,28.704,Africa,Africa,False,False,False,False,False
Congo,COG,2018,Country or economy,Clean,True,1.08,-0.14,-11.475,35.065,-5.875,0.22,0.031,-0.004,-11.429,1.698,28.704,Africa,Africa,False,False,False,False,False
Congo,COG,2018,Country or economy,Fossil,True,2.0,0.24,13.636,64.935,5.875,0.37,1.795,0.215,13.608,98.298,897.5,Africa,Africa,False,False,False,False,False
Congo,COG,2018,Country or economy,Total generation,True,3.08,0.1,3.356,100.0,0.0,0.5900000000000001,1.826,0.211,13.065,99.996,592.857,Africa,Africa,False,False,False,False,False
Congo,COG,2018,Country or economy,Demand,True,3.08,0.1,3.356,100.0,0.0,,,,,,,Africa,Africa,False,False,False,False,False
Congo,COG,2019,Country or economy,Solar,False,0.0,0.0,,0.0,0.0,0.0,0.0,0.0,,0.0,,Africa,Africa,False,False,False,False,False
Congo,COG,2019,Country or economy,Wind,False,0.0,0.0,,0.0,0.0,0.0,0.0,0.0,,0.0,,Africa,Africa,False,False,False,False,False
Congo,COG,2019,Country or economy,Hydro,False,1.05,0.0,0.0,26.992,-7.099,0.21,0.025,0.0,0.0,0.979,23.81,Africa,Africa,False,False,False,False,False
Congo,COG,2019,Country or economy,Bioenergy,False,0.03,0.0,0.0,0.771,-0.203,0.01,0.006,0.0,0.0,0.235,200.0,Africa,Africa,False,False,False,False,False
Congo,COG,2019,Country or economy,Other renewables,False,0.0,0.0,,0.0,0.0,0.0,0.0,0.0,,0.0,,Africa,Africa,False,False,False,False,False
Congo,COG,2019,Country or economy,Nuclear,False,0.0,0.0,,0.0,0.0,0.0,0.0,0.0,,0.0,,Africa,Africa,False,False,False,False,False
Congo,COG,2019,Country or economy,Coal,False,0.0,0.0,,0.0,0.0,,0.0,0.0,,0.0,,Africa,Africa,False,False,False,False,False
Congo,COG,2019,Country or economy,Gas,False,2.63,0.76,40.642,67.609,6.895,0.31,2.404,0.695,40.667,94.142,914.068,Africa,Africa,False,False,False,False,False
Congo,COG,2019,Country or economy,Other fossil,False,0.18,0.05,38.462,4.627,0.406,0.06,0.118,0.032,37.209,4.621,655.556,Africa,Africa,False,False,False,False,False
Congo,COG,2019,Country or economy,Net imports,False,-0.02,-0.02,,-0.514,-0.514,,0.0,0.0,,0.0,0.0,Africa,Africa,False,False,False,False,False
Congo,COG,2019,Country or economy,Wind and solar,True,0.0,0.0,,0.0,0.0,0.0,0.0,0.0,,0.0,,Africa,Africa,False,False,False,False,False
Congo,COG,2019,Country or economy,"Hydro, bioenergy and other renewables",True,1.08,0.0,0.0,27.763,-7.302,0.22,0.031,0.0,0.0,1.214,28.704,Africa,Africa,False,False,False,False,False
Congo,COG,2019,Country or economy,Renewables,True,1.08,0.0,0.0,27.763,-7.302,0.22,0.031,0.0,0.0,1.214,28.704,Africa,Africa,False,False,False,False,False
Congo,COG,2019,Country or economy,Clean,True,1.08,0.0,0.0,27.763,-7.302,0.22,0.031,0.0,0.0,1.214,28.704,Africa,Africa,False,False,False,False,False
Congo,COG,2019,Country or economy,Fossil,True,2.81,0.81,40.5,72.237,7.302,0.37,2.522,0.727,40.501,98.763,897.509,Africa,Africa,False,False,False,False,False
Congo,COG,2019,Country or economy,Total generation,True,3.89,0.81,26.299,100.0,0.0,0.5900000000000001,2.554,0.728,39.869,100.016,656.555,Africa,Africa,False,False,False,False,False
Congo,COG,2019,Country or economy,Demand,True,3.87,0.79,25.649,99.486,-0.514,,,,,,,Africa,Africa,False,False,False,False,False
Congo,COG,2020,Country or economy,Solar,False,0.0,0.0,,0.0,0.0,0.0,0.0,0.0,,0.0,,Africa,Africa,False,False,False,False,False
Congo,COG,2020,Country or economy,Wind,False,0.0,0.0,,0.0,0.0,0.0,0.0,0.0,,0.0,,Africa,Africa,False,False,False,False,False
Congo,COG,2020,Country or economy,Hydro,False,1.05,0.0,0.0,26.185,-0.807,0.21,0.025,0.0,0.0,0.94,23.81,Africa,Africa,False,False,False,False,False
Congo,COG,2020,Country or economy,Bioenergy,False,0.03,0.0,0.0,0.748,-0.023,0.01,0.006,0.0,0.0,0.226,200.0,Africa,Africa,False,False,False,False,False
Congo,COG,2020,Country or economy,Other renewables,False,0.0,0.0,,0.0,0.0,0.0,0.0,0.0,,0.0,,Africa,Africa,False,False,False,False,False
Congo,COG,2020,Country or economy,Nuclear,False,0.0,0.0,,0.0,0.0,0.0,0.0,0.0,,0.0,,Africa,Africa,False,False,False,False,False
Congo,COG,2020,Country or economy,Coal,False,0.0,0.0,,0.0,0.0,,0.0,0.0,,0.0,,Africa,Africa,False,False,False,False,False
Congo,COG,2020,Country or economy,Gas,False,2.74,0.11,4.183,68.329,0.72,0.48,2.504,0.1,4.16,94.111,913.869,Africa,Africa,False,False,False,False,False
Congo,COG,2020,Country or economy,Other fossil,False,0.19,0.01,5.556,4.738,0.111,0.06,0.125,0.007,5.932,4.698,657.895,Africa,Africa,False,False,False,False,False
Congo,COG,2020,Country or economy,Net imports,False,0.0,0.02,-100.0,0.0,0.514,,0.0,0.0,,0.0,,Africa,Africa,False,False,False,False,False
Congo,COG,2020,Country or economy,Wind and solar,True,0.0,0.0,,0.0,0.0,0.0,0.0,0.0,,0.0,,Africa,Africa,False,False,False,False,False
Congo,COG,2020,Country or economy,"Hydro, bioenergy and other renewables",True,1.08,0.0,0.0,26.933,-0.83,0.22,0.031,0.0,0.0,1.165,28.704,Africa,Africa,False,False,False,False,False
Congo,COG,2020,Country or economy,Renewables,True,1.08,0.0,0.0,26.933,-0.83,0.22,0.031,0.0,0.0,1.165,28.704,Africa,Africa,False,False,False,False,False
Congo,COG,2020,Country or economy,Clean,True,1.08,0.0,0.0,26.933,-0.83,0.22,0.031,0.0,0.0,1.165,28.704,Africa,Africa,False,False,False,False,False
Congo,COG,2020,Country or economy,Fossil,True,2.93,0.12,4.27,73.067,0.83,0.54,2.629,0.107,4.243,98.809,897.27,Africa,Africa,False,False,False,False,False
Congo,COG,2020,Country or economy,Total generation,True,4.01,0.12,3.085,100.0,0.0,0.76,2.661,0.107,4.19,100.011,663.591,Africa,Africa,False,False,False,False,False
Congo,COG,2020,Country or economy,Demand,True,4.01,0.14,3.618,100.0,0.514,,,,,,,Africa,Africa,False,False,False,False,False
Congo,COG,2021,Country or economy,Solar,False,0.0,0.0,,0.0,0.0,0.0,0.0,0.0,,0.0,,Africa,Africa,False,False,False,False,False
Congo,COG,2021,Country or economy,Wind,False,0.0,0.0,,0.0,0.0,0.0,0.0,0.0,,0.0,,Africa,Africa,False,False,False,False,False
Congo,COG,2021,Country or economy,Hydro,False,1.05,0.0,0.0,25.547,-0.638,0.21,0.025,0.0,0.0,0.909,23.81,Africa,Africa,False,False,False,False,False
Congo,COG,2021,Country or economy,Bioenergy,False,0.03,0.0,0.0,0.73,-0.018,0.01,0.006,0.0,0.0,0.218,200.0,Africa,Africa,False,False,False,False,False
Congo,COG,2021,Country or economy,Other renewables,False,0.0,0.0,,0.0,0.0,0.0,0.0,0.0,,0.0,,Africa,Africa,False,False,False,False,False
Congo,COG,2021,Country or economy,Nuclear,False,0.0,0.0,,0.0,0.0,0.0,0.0,0.0,,0.0,,Africa,Africa,False,False,False,False,False
Congo,COG,2021,Country or economy,Coal,False,0.0,0.0,,0.0,0.0,,0.0,0.0,,0.0,,Africa,Africa,False,False,False,False,False
Congo,COG,2021,Country or economy,Gas,False,2.83,0.09,3.285,68.856,0.527,0.53,2.586,0.082,3.275,94.052,913.781,Africa,Africa,False,False,False,False,False
Congo,COG,2021,Country or economy,Other fossil,False,0.2,0.01,5.263,4.866,0.128,0.06,0.132,0.007,5.6,4.801,660.0,Africa,Africa,False,False,False,False,False
Congo,COG,2021,Country or economy,Net imports,False,0.0,0.0,,0.0,0.0,,0.0,0.0,,0.0,,Africa,Africa,False,False,False,False,False
Congo,COG,2021,Country or economy,Wind and solar,True,0.0,0.0,,0.0,0.0,0.0,0.0,0.0,,0.0,,Africa,Africa,False,False,False,False,False
Congo,COG,2021,Country or economy,"Hydro, bioenergy and other renewables",True,1.08,0.0,0.0,26.277,-0.656,0.22,0.031,0.0,0.0,1.127,28.704,Africa,Africa,False,False,False,False,False
Congo,COG,2021,Country or economy,Renewables,True,1.08,0.0,0.0,26.277,-0.656,0.22,0.031,0.0,0.0,1.127,28.704,Africa,Africa,False,False,False,False,False
Congo,COG,2021,Country or economy,Clean,True,1.08,0.0,0.0,26.277,-0.656,0.22,0.031,0.0,0.0,1.127,28.704,Africa,Africa,False,False,False,False,False
Congo,COG,2021,Country or economy,Fossil,True,3.03,0.1,3.413,73.723,0.656,0.5900000000000001,2.718,0.089,3.385,98.853,897.03,Africa,Africa,False,False,False,False,False
Congo,COG,2021,Country or economy,Total generation,True,4.11,0.1,2.494,100.0,0.0,0.81,2.75,0.089,3.345,100.017,669.1,Africa,Africa,False,False,False,False,False
Congo,COG,2021,Country or economy,Demand,True,4.11,0.1,2.494,100.0,0.0,,,,,,,Africa,Africa,False,False,False,False,False
Congo,COG,2022,Country or economy,Solar,False,0.0,0.0,,0.0,0.0,0.0,0.0,0.0,,0.0,,Africa,Africa,False,False,False,False,False
Congo,COG,2022,Country or economy,Wind,False,0.0,0.0,,0.0,0.0,0.0,0.0,0.0,,0.0,,Africa,Africa,False,False,False,False,False
Congo,COG,2022,Country or economy,Hydro,False,1.05,0.0,0.0,21.212,-4.335,0.21,0.025,0.0,0.0,0.714,23.81,Africa,Africa,False,False,False,False,False
Congo,COG,2022,Country or economy,Bioenergy,False,0.03,0.0,0.0,0.606,-0.124,0.01,0.006,0.0,0.0,0.171,200.0,Africa,Africa,False,False,False,False,False
Congo,COG,2022,Country or economy,Other renewables,False,0.0,0.0,,0.0,0.0,0.0,0.0,0.0,,0.0,,Africa,Africa,False,False,False,False,False
Congo,COG,2022,Country or economy,Nuclear,False,0.0,0.0,,0.0,0.0,0.0,0.0,0.0,,0.0,,Africa,Africa,False,False,False,False,False
Congo,COG,2022,Country or economy,Coal,False,0.0,0.0,,0.0,0.0,,0.0,0.0,,0.0,,Africa,Africa,False,False,False,False,False
Congo,COG,2022,Country or economy,Gas,False,3.6,0.77,27.208,72.727,3.871,0.53,3.29,0.704,27.224,94.018,913.889,Africa,Africa,False,False,False,False,False
Congo,COG,2022,Country or economy,Other fossil,False,0.27,0.07,35.0,5.455,0.589,0.06,0.178,0.046,34.848,5.087,659.259,Africa,Africa,False,False,False,False,False
Congo,COG,2022,Country or economy,Net imports,False,0.0,0.0,,0.0,0.0,,0.0,0.0,,0.0,,Africa,Africa,False,False,False,False,False
Congo,COG,2022,Country or economy,Wind and solar,True,0.0,0.0,,0.0,0.0,0.0,0.0,0.0,,0.0,,Africa,Africa,False,False,False,False,False
Congo,COG,2022,Country or economy,"Hydro, bioenergy and other renewables",True,1.08,0.0,0.0,21.818,-4.459,0.22,0.031,0.0,0.0,0.886,28.704,Africa,Africa,False,False,False,False,False
Congo,COG,2022,Country or economy,Renewables,True,1.08,0.0,0.0,21.818,-4.459,0.22,0.031,0.0,0.0,0.886,28.704,Africa,Africa,False,False,False,False,False
Congo,COG,2022,Country or economy,Clean,True,1.08,0.0,0.0,21.818,-4.459,0.22,0.031,0.0,0.0,0.886,28.704,Africa,Africa,False,False,False,False,False
Congo,COG,2022,Country or economy,Fossil,True,3.87,0.84,27.723,78.182,4.459,0.5900000000000001,3.468,0.75,27.594,99.104,896.124,Africa,Africa,False,False,False,False,False
Congo,COG,2022,Country or economy,Total generation,True,4.95,0.84,20.438,100.0,0.0,0.81,3.499,0.749,27.236,99.99,706.869,Africa,Africa,False,False,False,False,False
Congo,COG,2022,Country or economy,Demand,True,4.95,0.84,20.438,100.0,0.0,,,,,,,Africa,Africa,False,False,False,False,False
Congo,COG,2023,Country or economy,Solar,False,0.01,0.01,,0.187,0.187,0.0,0.0,0.0,,0.0,0.0,Africa,Africa,False,False,False,False,False
Congo,COG,2023,Country or economy,Wind,False,0.0,0.0,,0.0,0.0,0.0,0.0,0.0,,0.0,,Africa,Africa,False,False,False,False,False
Congo,COG,2023,Country or economy,Hydro,False,1.22,0.17,16.19,22.761,1.549,0.21,0.029,0.004,16.0,0.782,23.77,Africa,Africa,False,False,False,False,False
Congo,COG,2023,Country or economy,Bioenergy,False,0.03,0.0,0.0,0.56,-0.046,0.01,0.006,0.0,0.0,0.162,200.0,Africa,Africa,False,False,False,False,False
Congo,COG,2023,Country or economy,Other renewables,False,0.0,0.0,,0.0,0.0,0.0,0.0,0.0,,0.0,,Africa,Africa,False,False,False,False,False
Congo,COG,2023,Country or economy,Nuclear,False,0.0,0.0,,0.0,0.0,0.0,0.0,0.0,,0.0,,Africa,Africa,False,False,False,False,False
Congo,COG,2023,Country or economy,Coal,False,0.0,0.0,,0.0,0.0,,0.0,0.0,,0.0,,Africa,Africa,False,False,False,False,False
Congo,COG,2023,Country or economy,Gas,False,3.81,0.21,5.833,71.082,-1.645,0.53,3.482,0.192,5.836,93.881,913.911,Africa,Africa,False,False,False,False,False
Congo,COG,2023,Country or economy,Other fossil,False,0.29,0.02,7.407,5.41,-0.045,0.06,0.191,0.013,7.303,5.15,658.621,Africa,Africa,False,False,False,False,False
Congo,COG,2023,Country or economy,Net imports,False,-0.05,-0.05,,-0.933,-0.933,,0.0,0.0,,0.0,0.0,Africa,Africa,False,False,False,False,False
Congo,COG,2023,Country or economy,Wind and solar,True,0.01,0.01,,0.187,0.187,0.0,0.0,0.0,,0.0,0.0,Africa,Africa,False,False,False,False,False
Congo,COG,2023,Country or economy,"Hydro, bioenergy and other renewables",True,1.25,0.17,15.741,23.321,1.503,0.22,0.035,0.004,12.903,0.944,28.0,Africa,Africa,False,False,False,False,False
Congo,COG,2023,Country or economy,Renewables,True,1.26,0.18,16.667,23.507,1.689,0.22,0.036,0.005,16.129,0.971,28.571,Africa,Africa,False,False,False,False,False
Congo,COG,2023,Country or economy,Clean,True,1.26,0.18,16.667,23.507,1.689,0.22,0.036,0.005,16.129,0.971,28.571,Africa,Africa,False,False,False,False,False
Congo,COG,2023,Country or economy,Fossil,True,4.1,0.23,5.943,76.493,-1.689,0.5900000000000001,3.673,0.205,5.911,99.031,895.854,Africa,Africa,False,False,False,False,False
Congo,COG,2023,Country or economy,Total generation,True,5.36,0.41,8.283,100.0,0.0,0.81,3.709,0.21,6.002,100.001,691.978,Africa,Africa,False,False,False,False,False
Congo,COG,2023,Country or economy,Demand,True,5.31,0.36,7.273,99.067,-0.933,,,,,,,Africa,Africa,False,False,False,False,False
Congo,COG,2024,Country or economy,Solar,False,0.01,0.0,0.0,0.183,-0.004,0.0,0.0,0.0,,0.0,0.0,Africa,Africa,False,False,False,False,False
Congo,COG,2024,Country or economy,Wind,False,0.0,0.0,,0.0,0.0,0.0,0.0,0.0,,0.0,,Africa,Africa,False,False,False,False,False
Congo,COG,2024,Country or economy,Hydro,False,1.1,-0.12,-9.836,20.147,-2.614,0.21,0.026,-0.003,-10.345,0.665,23.636,Africa,Africa,False,False,False,False,False
Congo,COG,2024,Country or economy,Bioenergy,False,0.03,0.0,0.0,0.549,-0.011,0.01,0.006,0.0,0.0,0.154,200.0,Africa,Africa,False,False,False,False,False
Congo,COG,2024,Country or economy,Other renewables,False,0.0,0.0,,0.0,0.0,0.0,0.0,0.0,,0.0,,Africa,Africa,False,False,False,False,False
Congo,COG,2024,Country or economy,Nuclear,False,0.0,0.0,,0.0,0.0,0.0,0.0,0.0,,0.0,,Africa,Africa,False,False,False,False,False
Congo,COG,2024,Country or economy,Coal,False,0.0,0.0,,0.0,0.0,,0.0,0.0,,0.0,,Africa,Africa,False,False,False,False,False
Congo,COG,2024,Country or economy,Gas,False,4.03,0.22,5.774,73.81,2.728,0.53,3.683,0.201,5.773,94.263,913.896,Africa,Africa,False,False,False,False,False
Congo,COG,2024,Country or economy,Other fossil,False,0.29,0.0,0.0,5.311,-0.099,0.06,0.191,0.0,0.0,4.888,658.621,Africa,Africa,False,False,False,False,False
Congo,COG,2024,Country or economy,Net imports,False,-0.08,-0.03,60.0,-1.465,-0.532,,0.0,0.0,,0.0,0.0,Africa,Africa,False,False,False,False,False
Congo,COG,2024,Country or economy,Wind and solar,True,0.01,0.0,0.0,0.183,-0.004,0.0,0.0,0.0,,0.0,0.0,Africa,Africa,False,False,False,False,False
Congo,COG,2024,Country or economy,"Hydro, bioenergy and other renewables",True,1.13,-0.12,-9.6,20.696,-2.625,0.22,0.033,-0.002,-5.714,0.845,29.204,Africa,Africa,False,False,False,False,False
Congo,COG,2024,Country or economy,Renewables,True,1.14,-0.12,-9.524,20.879,-2.628,0.22,0.033,-0.003,-8.333,0.845,28.947,Africa,Africa,False,False,False,False,False
Congo,COG,2024,Country or economy,Clean,True,1.14,-0.12,-9.524,20.879,-2.628,0.22,0.033,-0.003,-8.333,0.845,28.947,Africa,Africa,False,False,False,False,False
Congo,COG,2024,Country or economy,Fossil,True,4.32,0.22,5.366,79.121,2.628,0.5900000000000001,3.874,0.201,5.472,99.151,896.759,Africa,Africa,False,False,False,False,False
Congo,COG,2024,Country or economy,Total generation,True,5.46,0.1,1.866,100.0,0.0,0.81,3.907,0.198,5.338,99.996,715.568,Africa,Africa,False,False,False,False,False
Congo,COG,2024,Country or economy,Demand,True,5.38,0.07,1.318,98.535,-0.532,,,,,,,Africa,Africa,False,False,False,False,False
Congo (DRC),COD,2000,Country or economy,Solar,False,0.0,,,0.0,,0.0,0.0,,,0.0,,Africa,Africa,False,False,False,False,False
Congo (DRC),COD,2000,Country or economy,Wind,False,0.0,,,0.0,,0.0,0.0,,,0.0,,Africa,Africa,False,False,False,False,False
Congo (DRC),COD,2000,Country or economy,Hydro,False,5.94,,,100.0,,2.4,0.141,,,99.905,23.737,Africa,Africa,False,False,False,False,False
Congo (DRC),COD,2000,Country or economy,Bioenergy,False,0.0,,,0.0,,0.0,0.0,,,0.0,,Africa,Africa,False,False,False,False,False
Congo (DRC),COD,2000,Country or economy,Other renewables,False,0.0,,,0.0,,0.0,0.0,,,0.0,,Africa,Africa,False,False,False,False,False
Congo (DRC),COD,2000,Country or economy,Nuclear,False,0.0,,,0.0,,0.0,0.0,,,0.0,,Africa,Africa,False,False,False,False,False
Congo (DRC),COD,2000,Country or economy,Coal,False,0.0,,,0.0,,,0.0,,,0.0,,Africa,Africa,False,False,False,False,False
Congo (DRC),COD,2000,Country or economy,Gas,False,0.0,,,0.0,,,0.0,,,0.0,,Africa,Africa,False,False,False,False,False
Congo (DRC),COD,2000,Country or economy,Other fossil,False,0.0,,,0.0,,0.02,0.0,,,0.0,,Africa,Africa,False,False,False,False,False
Congo (DRC),COD,2000,Country or economy,Net imports,False,-1.27,,,-21.38,,,0.0,,,0.0,0.0,Africa,Africa,False,False,False,False,False
Congo (DRC),COD,2000,Country or economy,Wind and solar,True,0.0,,,0.0,,0.0,0.0,,,0.0,,Africa,Africa,False,False,False,False,False
Congo (DRC),COD,2000,Country or economy,"Hydro, bioenergy and other renewables",True,5.94,,,100.0,,2.4,0.141,,,99.905,23.737,Africa,Africa,False,False,False,False,False
Congo (DRC),COD,2000,Country or economy,Renewables,True,5.94,,,100.0,,2.4,0.141,,,99.905,23.737,Africa,Africa,False,False,False,False,False
Congo (DRC),COD,2000,Country or economy,Clean,True,5.94,,,100.0,,2.4,0.141,,,99.905,23.737,Africa,Africa,False,False,False,False,False
Congo (DRC),COD,2000,Country or economy,Fossil,True,0.0,,,0.0,,0.02,0.0,,,0.0,,Africa,Africa,False,False,False,False,False
Congo (DRC),COD,2000,Country or economy,Total generation,True,5.94,,,100.0,,2.42,0.141,,,99.905,23.737,Africa,Africa,False,False,False,False,False
Congo (DRC),COD,2000,Country or economy,Demand,True,4.67,,,78.62,,,,,,,,Africa,Africa,False,False,False,False,False
Congo (DRC),COD,2001,Country or economy,Solar,False,0.0,0.0,,0.0,0.0,0.0,0.0,0.0,,0.0,,Africa,Africa,False,False,False,False,False
Congo (DRC),COD,2001,Country or economy,Wind,False,0.0,0.0,,0.0,0.0,0.0,0.0,0.0,,0.0,,Africa,Africa,False,False,False,False,False
Congo (DRC),COD,2001,Country or economy,Hydro,False,5.91,-0.03,-0.505,99.831,-0.169,2.41,0.14,-0.001,-0.709,95.237,23.689,Africa,Africa,False,False,False,False,False
Congo (DRC),COD,2001,Country or economy,Bioenergy,False,0.0,0.0,,0.0,0.0,0.0,0.0,0.0,,0.0,,Africa,Africa,False,False,False,False,False
Congo (DRC),COD,2001,Country or economy,Other renewables,False,0.0,0.0,,0.0,0.0,0.0,0.0,0.0,,0.0,,Africa,Africa,False,False,False,False,False
Congo (DRC),COD,2001,Country or economy,Nuclear,False,0.0,0.0,,0.0,0.0,0.0,0.0,0.0,,0.0,,Africa,Africa,False,False,False,False,False
Congo (DRC),COD,2001,Country or economy,Coal,False,0.0,0.0,,0.0,0.0,,0.0,0.0,,0.0,,Africa,Africa,False,False,False,False,False
Congo (DRC),COD,2001,Country or economy,Gas,False,0.0,0.0,,0.0,0.0,,0.0,0.0,,0.0,,Africa,Africa,False,False,False,False,False
Congo (DRC),COD,2001,Country or economy,Other fossil,False,0.01,0.01,,0.169,0.169,0.02,0.007,0.007,,4.762,700.0,Africa,Africa,False,False,False,False,False
Congo (DRC),COD,2001,Country or economy,Net imports,False,-1.19,0.08,-6.299,-20.101,1.279,,0.0,0.0,,0.0,0.0,Africa,Africa,False,False,False,False,False
Congo (DRC),COD,2001,Country or economy,Wind and solar,True,0.0,0.0,,0.0,0.0,0.0,0.0,0.0,,0.0,,Africa,Africa,False,False,False,False,False
Congo (DRC),COD,2001,Country or economy,"Hydro, bioenergy and other renewables",True,5.91,-0.03,-0.505,99.831,-0.169,2.41,0.14,-0.001,-0.709,95.237,23.689,Africa,Africa,False,False,False,False,False
Congo (DRC),COD,2001,Country or economy,Renewables,True,5.91,-0.03,-0.505,99.831,-0.169,2.41,0.14,-0.001,-0.709,95.237,23.689,Africa,Africa,False,False,False,False,False
Congo (DRC),COD,2001,Country or economy,Clean,True,5.91,-0.03,-0.505,99.831,-0.169,2.41,0.14,-0.001,-0.709,95.237,23.689,Africa,Africa,False,False,False,False,False
Congo (DRC),COD,2001,Country or economy,Fossil,True,0.01,0.01,,0.169,0.169,0.02,0.007,0.007,,4.762,700.0,Africa,Africa,False,False,False,False,False
Congo (DRC),COD,2001,Country or economy,Total generation,True,5.92,-0.02,-0.337,100.0,0.0,2.43,0.147,0.006,4.255,99.999,24.831,Africa,Africa,False,False,False,False,False
Congo (DRC),COD,2001,Country or economy,Demand,True,4.73,0.06,1.285,79.899,1.279,,,,,,,Africa,Africa,False,False,False,False,False
Congo (DRC),COD,2002,Country or economy,Solar,False,0.0,0.0,,0.0,0.0,0.0,0.0,0.0,,0.0,,Africa,Africa,False,False,False,False,False
Congo (DRC),COD,2002,Country or economy,Wind,False,0.0,0.0,,0.0,0.0,0.0,0.0,0.0,,0.0,,Africa,Africa,False,False,False,False,False
Congo (DRC),COD,2002,Country or economy,Hydro,False,6.05,0.14,2.369,99.835,0.004,2.41,0.144,0.004,2.857,95.791,23.802,Africa,Africa,False,False,False,False,False
Congo (DRC),COD,2002,Country or economy,Bioenergy,False,0.0,0.0,,0.0,0.0,0.0,0.0,0.0,,0.0,,Africa,Africa,False,False,False,False,False
Congo (DRC),COD,2002,Country or economy,Other renewables,False,0.0,0.0,,0.0,0.0,0.0,0.0,0.0,,0.0,,Africa,Africa,False,False,False,False,False
Congo (DRC),COD,2002,Country or economy,Nuclear,False,0.0,0.0,,0.0,0.0,0.0,0.0,0.0,,0.0,,Africa,Africa,False,False,False,False,False
Congo (DRC),COD,2002,Country or economy,Coal,False,0.0,0.0,,0.0,0.0,,0.0,0.0,,0.0,,Africa,Africa,False,False,False,False,False
Congo (DRC),COD,2002,Country or economy,Gas,False,0.0,0.0,,0.0,0.0,,0.0,0.0,,0.0,,Africa,Africa,False,False,False,False,False
Congo (DRC),COD,2002,Country or economy,Other fossil,False,0.01,0.0,0.0,0.165,-0.004,0.02,0.007,0.0,0.0,4.656,700.0,Africa,Africa,False,False,False,False,False
Congo (DRC),COD,2002,Country or economy,Net imports,False,-1.31,-0.12,10.084,-21.617,-1.516,,0.0,0.0,,0.0,0.0,Africa,Africa,False,False,False,False,False
Congo (DRC),COD,2002,Country or economy,Wind and solar,True,0.0,0.0,,0.0,0.0,0.0,0.0,0.0,,0.0,,Africa,Africa,False,False,False,False,False
Congo (DRC),COD,2002,Country or economy,"Hydro, bioenergy and other renewables",True,6.05,0.14,2.369,99.835,0.004,2.41,0.144,0.004,2.857,95.791,23.802,Africa,Africa,False,False,False,False,False
Congo (DRC),COD,2002,Country or economy,Renewables,True,6.05,0.14,2.369,99.835,0.004,2.41,0.144,0.004,2.857,95.791,23.802,Africa,Africa,False,False,False,False,False
Congo (DRC),COD,2002,Country or economy,Clean,True,6.05,0.14,2.369,99.835,0.004,2.41,0.144,0.004,2.857,95.791,23.802,Africa,Africa,False,False,False,False,False
Congo (DRC),COD,2002,Country or economy,Fossil,True,0.01,0.0,0.0,0.165,-0.004,0.02,0.007,0.0,0.0,4.656,700.0,Africa,Africa,False,False,False,False,False
Congo (DRC),COD,2002,Country or economy,Total generation,True,6.06,0.14,2.365,100.0,0.0,2.43,0.15,0.003,2.041,99.782,24.752,Africa,Africa,False,False,False,False,False
Congo (DRC),COD,2002,Country or economy,Demand,True,4.75,0.02,0.423,78.383,-1.516,,,,,,,Africa,Africa,False,False,False,False,False
Congo (DRC),COD,2003,Country or economy,Solar,False,0.0,0.0,,0.0,0.0,0.0,0.0,0.0,,0.0,,Africa,Africa,False,False,False,False,False
Congo (DRC),COD,2003,Country or economy,Wind,False,0.0,0.0,,0.0,0.0,0.0,0.0,0.0,,0.0,,Africa,Africa,False,False,False,False,False
Congo (DRC),COD,2003,Country or economy,Hydro,False,6.1,0.05,0.826,99.836,0.001,2.42,0.145,0.001,0.694,95.699,23.77,Africa,Africa,False,False,False,False,False
Congo (DRC),COD,2003,Country or economy,Bioenergy,False,0.0,0.0,,0.0,0.0,0.0,0.0,0.0,,0.0,,Africa,Africa,False,False,False,False,False
Congo (DRC),COD,2003,Country or economy,Other renewables,False,0.0,0.0,,0.0,0.0,0.0,0.0,0.0,,0.0,,Africa,Africa,False,False,False,False,False
Congo (DRC),COD,2003,Country or economy,Nuclear,False,0.0,0.0,,0.0,0.0,0.0,0.0,0.0,,0.0,,Africa,Africa,False,False,False,False,False
Congo (DRC),COD,2003,Country or economy,Coal,False,0.0,0.0,,0.0,0.0,,0.0,0.0,,0.0,,Africa,Africa,False,False,False,False,False
Congo (DRC),COD,2003,Country or economy,Gas,False,0.0,0.0,,0.0,0.0,,0.0,0.0,,0.0,,Africa,Africa,False,False,False,False,False
Congo (DRC),COD,2003,Country or economy,Other fossil,False,0.01,0.0,0.0,0.164,-0.001,0.02,0.007,0.0,0.0,4.62,700.0,Africa,Africa,False,False,False,False,False
Congo (DRC),COD,2003,Country or economy,Net imports,False,-1.33,-0.02,1.527,-21.768,-0.151,,0.0,0.0,,0.0,0.0,Africa,Africa,False,False,False,False,False
Congo (DRC),COD,2003,Country or economy,Wind and solar,True,0.0,0.0,,0.0,0.0,0.0,0.0,0.0,,0.0,,Africa,Africa,False,False,False,False,False
Congo (DRC),COD,2003,Country or economy,"Hydro, bioenergy and other renewables",True,6.1,0.05,0.826,99.836,0.001,2.42,0.145,0.001,0.694,95.699,23.77,Africa,Africa,False,False,False,False,False
Congo (DRC),COD,2003,Country or economy,Renewables,True,6.1,0.05,0.826,99.836,0.001,2.42,0.145,0.001,0.694,95.699,23.77,Africa,Africa,False,False,False,False,False
Congo (DRC),COD,2003,Country or economy,Clean,True,6.1,0.05,0.826,99.836,0.001,2.42,0.145,0.001,0.694,95.699,23.77,Africa,Africa,False,False,False,False,False
Congo (DRC),COD,2003,Country or economy,Fossil,True,0.01,0.0,0.0,0.164,-0.001,0.02,0.007,0.0,0.0,4.62,700.0,Africa,Africa,False,False,False,False,False
Congo (DRC),COD,2003,Country or economy,Total generation,True,6.11,0.05,0.825,100.0,0.0,2.44,0.152,0.002,1.333,100.319,24.877,Africa,Africa,False,False,False,False,False
Congo (DRC),COD,2003,Country or economy,Demand,True,4.78,0.03,0.632,78.232,-0.151,,,,,,,Africa,Africa,False,False,False,False,False
Congo (DRC),COD,2004,Country or economy,Solar,False,0.0,0.0,,0.0,0.0,0.0,0.0,0.0,,0.0,,Africa,Africa,False,False,False,False,False
Congo (DRC),COD,2004,Country or economy,Wind,False,0.0,0.0,,0.0,0.0,0.0,0.0,0.0,,0.0,,Africa,Africa,False,False,False,False,False
Congo (DRC),COD,2004,Country or economy,Hydro,False,7.01,0.91,14.918,99.858,0.022,2.42,0.167,0.022,15.172,96.455,23.823,Africa,Africa,False,False,False,False,False
Congo (DRC),COD,2004,Country or economy,Bioenergy,False,0.0,0.0,,0.0,0.0,0.0,0.0,0.0,,0.0,,Africa,Africa,False,False,False,False,False
Congo (DRC),COD,2004,Country or economy,Other renewables,False,0.0,0.0,,0.0,0.0,0.0,0.0,0.0,,0.0,,Africa,Africa,False,False,False,False,False
Congo (DRC),COD,2004,Country or economy,Nuclear,False,0.0,0.0,,0.0,0.0,0.0,0.0,0.0,,0.0,,Africa,Africa,False,False,False,False,False
Congo (DRC),COD,2004,Country or economy,Coal,False,0.0,0.0,,0.0,0.0,,0.0,0.0,,0.0,,Africa,Africa,False,False,False,False,False
Congo (DRC),COD,2004,Country or economy,Gas,False,0.0,0.0,,0.0,0.0,,0.0,0.0,,0.0,,Africa,Africa,False,False,False,False,False
Congo (DRC),COD,2004,Country or economy,Other fossil,False,0.01,0.0,0.0,0.142,-0.022,0.02,0.007,0.0,0.0,4.043,700.0,Africa,Africa,False,False,False,False,False
Congo (DRC),COD,2004,Country or economy,Net imports,False,-1.39,-0.06,4.511,-19.801,1.967,,0.0,0.0,,0.0,0.0,Africa,Africa,False,False,False,False,False
Congo (DRC),COD,2004,Country or economy,Wind and solar,True,0.0,0.0,,0.0,0.0,0.0,0.0,0.0,,0.0,,Africa,Africa,False,False,False,False,False
Congo (DRC),COD,2004,Country or economy,"Hydro, bioenergy and other renewables",True,7.01,0.91,14.918,99.858,0.022,2.42,0.167,0.022,15.172,96.455,23.823,Africa,Africa,False,False,False,False,False
Congo (DRC),COD,2004,Country or economy,Renewables,True,7.01,0.91,14.918,99.858,0.022,2.42,0.167,0.022,15.172,96.455,23.823,Africa,Africa,False,False,False,False,False
Congo (DRC),COD,2004,Country or economy,Clean,True,7.01,0.91,14.918,99.858,0.022,2.42,0.167,0.022,15.172,96.455,23.823,Africa,Africa,False,False,False,False,False
Congo (DRC),COD,2004,Country or economy,Fossil,True,0.01,0.0,0.0,0.142,-0.022,0.02,0.007,0.0,0.0,4.043,700.0,Africa,Africa,False,False,False,False,False
Congo (DRC),COD,2004,Country or economy,Total generation,True,7.02,0.91,14.894,100.0,0.0,2.44,0.173,0.021,13.816,99.921,24.644,Africa,Africa,False,False,False,False,False
Congo (DRC),COD,2004,Country or economy,Demand,True,5.63,0.85,17.782,80.199,1.967,,,,,,,Africa,Africa,False,False,False,False,False
Congo (DRC),COD,2005,Country or economy,Solar,False,0.0,0.0,,0.0,0.0,0.0,0.0,0.0,,0.0,,Africa,Africa,False,False,False,False,False
Congo (DRC),COD,2005,Country or economy,Wind,False,0.0,0.0,,0.0,0.0,0.0,0.0,0.0,,0.0,,Africa,Africa,False,False,False,False,False
Congo (DRC),COD,2005,Country or economy,Hydro,False,7.32,0.31,4.422,99.864,0.006,2.42,0.174,0.007,4.192,96.397,23.77,Africa,Africa,False,False,False,False,False
Congo (DRC),COD,2005,Country or economy,Bioenergy,False,0.0,0.0,,0.0,0.0,0.0,0.0,0.0,,0.0,,Africa,Africa,False,False,False,False,False
Congo (DRC),COD,2005,Country or economy,Other renewables,False,0.0,0.0,,0.0,0.0,0.0,0.0,0.0,,0.0,,Africa,Africa,False,False,False,False,False
Congo (DRC),COD,2005,Country or economy,Nuclear,False,0.0,0.0,,0.0,0.0,0.0,0.0,0.0,,0.0,,Africa,Africa,False,False,False,False,False
Congo (DRC),COD,2005,Country or economy,Coal,False,0.0,0.0,,0.0,0.0,,0.0,0.0,,0.0,,Africa,Africa,False,False,False,False,False
Congo (DRC),COD,2005,Country or economy,Gas,False,0.0,0.0,,0.0,0.0,,0.0,0.0,,0.0,,Africa,Africa,False,False,False,False,False
Congo (DRC),COD,2005,Country or economy,Other fossil,False,0.01,0.0,0.0,0.136,-0.006,0.02,0.007,0.0,0.0,3.878,700.0,Africa,Africa,False,False,False,False,False
Congo (DRC),COD,2005,Country or economy,Net imports,False,-1.66,-0.27,19.424,-22.647,-2.846,,0.0,0.0,,0.0,0.0,Africa,Africa,False,False,False,False,False
Congo (DRC),COD,2005,Country or economy,Wind and solar,True,0.0,0.0,,0.0,0.0,0.0,0.0,0.0,,0.0,,Africa,Africa,False,False,False,False,False
Congo (DRC),COD,2005,Country or economy,"Hydro, bioenergy and other renewables",True,7.32,0.31,4.422,99.864,0.006,2.42,0.174,0.007,4.192,96.397,23.77,Africa,Africa,False,False,False,False,False
Congo (DRC),COD,2005,Country or economy,Renewables,True,7.32,0.31,4.422,99.864,0.006,2.42,0.174,0.007,4.192,96.397,23.77,Africa,Africa,False,False,False,False,False
Congo (DRC),COD,2005,Country or economy,Clean,True,7.32,0.31,4.422,99.864,0.006,2.42,0.174,0.007,4.192,96.397,23.77,Africa,Africa,False,False,False,False,False
Congo (DRC),COD,2005,Country or economy,Fossil,True,0.01,0.0,0.0,0.136,-0.006,0.02,0.007,0.0,0.0,3.878,700.0,Africa,Africa,False,False,False,False,False
Congo (DRC),COD,2005,Country or economy,Total generation,True,7.33,0.31,4.416,100.0,0.0,2.44,0.181,0.008,4.624,100.275,24.693,Africa,Africa,False,False,False,False,False
Congo (DRC),COD,2005,Country or economy,Demand,True,5.67,0.04,0.71,77.353,-2.846,,,,,,,Africa,Africa,False,False,False,False,False
Congo (DRC),COD,2006,Country or economy,Solar,False,0.0,0.0,,0.0,0.0,0.0,0.0,0.0,,0.0,,Africa,Africa,False,False,False,False,False
Congo (DRC),COD,2006,Country or economy,Wind,False,0.0,0.0,,0.0,0.0,0.0,0.0,0.0,,0.0,,Africa,Africa,False,False,False,False,False
Congo (DRC),COD,2006,Country or economy,Hydro,False,7.45,0.13,1.776,99.333,-0.531,2.42,0.177,0.003,1.724,85.554,23.758,Africa,Africa,False,False,False,False,False
Congo (DRC),COD,2006,Country or economy,Bioenergy,False,0.0,0.0,,0.0,0.0,0.0,0.0,0.0,,0.0,,Africa,Africa,False,False,False,False,False
Congo (DRC),COD,2006,Country or economy,Other renewables,False,0.0,0.0,,0.0,0.0,0.0,0.0,0.0,,0.0,,Africa,Africa,False,False,False,False,False
Congo (DRC),COD,2006,Country or economy,Nuclear,False,0.0,0.0,,0.0,0.0,0.0,0.0,0.0,,0.0,,Africa,Africa,False,False,False,False,False
Congo (DRC),COD,2006,Country or economy,Coal,False,0.0,0.0,,0.0,0.0,,0.0,0.0,,0.0,,Africa,Africa,False,False,False,False,False
Congo (DRC),COD,2006,Country or economy,Gas,False,0.04,0.04,,0.533,0.533,,0.023,0.023,,11.117,575.0,Africa,Africa,False,False,False,False,False
Congo (DRC),COD,2006,Country or economy,Other fossil,False,0.01,0.0,0.0,0.133,-0.003,0.02,0.007,0.0,0.0,3.383,700.0,Africa,Africa,False,False,False,False,False
Congo (DRC),COD,2006,Country or economy,Net imports,False,-1.31,0.35,-21.084,-17.467,5.18,,0.0,0.0,,0.0,0.0,Africa,Africa,False,False,False,False,False
Congo (DRC),COD,2006,Country or economy,Wind and solar,True,0.0,0.0,,0.0,0.0,0.0,0.0,0.0,,0.0,,Africa,Africa,False,False,False,False,False
Congo (DRC),COD,2006,Country or economy,"Hydro, bioenergy and other renewables",True,7.45,0.13,1.776,99.333,-0.531,2.42,0.177,0.003,1.724,85.554,23.758,Africa,Africa,False,False,False,False,False
Congo (DRC),COD,2006,Country or economy,Renewables,True,7.45,0.13,1.776,99.333,-0.531,2.42,0.177,0.003,1.724,85.554,23.758,Africa,Africa,False,False,False,False,False
Congo (DRC),COD,2006,Country or economy,Clean,True,7.45,0.13,1.776,99.333,-0.531,2.42,0.177,0.003,1.724,85.554,23.758,Africa,Africa,False,False,False,False,False
Congo (DRC),COD,2006,Country or economy,Fossil,True,0.05,0.04,400.0,0.667,0.531,0.02,0.03,0.023,328.571,14.501,600.0,Africa,Africa,False,False,False,False,False
Congo (DRC),COD,2006,Country or economy,Total generation,True,7.5,0.17,2.319,100.0,0.0,2.44,0.207,0.026,14.365,100.055,27.6,Africa,Africa,False,False,False,False,False
Congo (DRC),COD,2006,Country or economy,Demand,True,6.19,0.52,9.171,82.533,5.18,,,,,,,Africa,Africa,False,False,False,False,False
Congo (DRC),COD,2007,Country or economy,Solar,False,0.0,0.0,,0.0,0.0,0.0,0.0,0.0,,0.0,,Africa,Africa,False,False,False,False,False
Congo (DRC),COD,2007,Country or economy,Wind,False,0.0,0.0,,0.0,0.0,0.0,0.0,0.0,,0.0,,Africa,Africa,False,False,False,False,False
Congo (DRC),COD,2007,Country or economy,Hydro,False,7.74,0.29,3.893,98.851,-0.482,2.42,0.184,0.007,3.955,77.613,23.773,Africa,Africa,False,False,False,False,False
Congo (DRC),COD,2007,Country or economy,Bioenergy,False,0.0,0.0,,0.0,0.0,0.0,0.0,0.0,,0.0,,Africa,Africa,False,False,False,False,False
Congo (DRC),COD,2007,Country or economy,Other renewables,False,0.0,0.0,,0.0,0.0,0.0,0.0,0.0,,0.0,,Africa,Africa,False,False,False,False,False
Congo (DRC),COD,2007,Country or economy,Nuclear,False,0.0,0.0,,0.0,0.0,0.0,0.0,0.0,,0.0,,Africa,Africa,False,False,False,False,False
Congo (DRC),COD,2007,Country or economy,Coal,False,0.0,0.0,,0.0,0.0,,0.0,0.0,,0.0,,Africa,Africa,False,False,False,False,False
Congo (DRC),COD,2007,Country or economy,Gas,False,0.08,0.04,100.0,1.022,0.489,,0.047,0.024,104.348,19.825,587.5,Africa,Africa,False,False,False,False,False
Congo (DRC),COD,2007,Country or economy,Other fossil,False,0.01,0.0,0.0,0.128,-0.005,0.02,0.007,0.0,0.0,2.953,700.0,Africa,Africa,False,False,False,False,False
Congo (DRC),COD,2007,Country or economy,Net imports,False,-1.33,-0.02,1.527,-16.986,0.481,,0.0,0.0,,0.0,0.0,Africa,Africa,False,False,False,False,False
Congo (DRC),COD,2007,Country or economy,Wind and solar,True,0.0,0.0,,0.0,0.0,0.0,0.0,0.0,,0.0,,Africa,Africa,False,False,False,False,False
Congo (DRC),COD,2007,Country or economy,"Hydro, bioenergy and other renewables",True,7.74,0.29,3.893,98.851,-0.482,2.42,0.184,0.007,3.955,77.613,23.773,Africa,Africa,False,False,False,False,False
Congo (DRC),COD,2007,Country or economy,Renewables,True,7.74,0.29,3.893,98.851,-0.482,2.42,0.184,0.007,3.955,77.613,23.773,Africa,Africa,False,False,False,False,False
Congo (DRC),COD,2007,Country or economy,Clean,True,7.74,0.29,3.893,98.851,-0.482,2.42,0.184,0.007,3.955,77.613,23.773,Africa,Africa,False,False,False,False,False
Congo (DRC),COD,2007,Country or economy,Fossil,True,0.09,0.04,80.0,1.149,0.482,0.02,0.053,0.023,76.667,22.356,588.889,Africa,Africa,False,False,False,False,False
Congo (DRC),COD,2007,Country or economy,Total generation,True,7.83,0.33,4.4,100.0,0.0,2.44,0.237,0.03,14.493,99.969,30.268,Africa,Africa,False,False,False,False,False
Congo (DRC),COD,2007,Country or economy,Demand,True,6.5,0.31,5.008,83.014,0.481,,,,,,,Africa,Africa,False,False,False,False,False
Congo (DRC),COD,2008,Country or economy,Solar,False,0.0,0.0,,0.0,0.0,0.0,0.0,0.0,,0.0,,Africa,Africa,False,False,False,False,False
Congo (DRC),COD,2008,Country or economy,Wind,False,0.0,0.0,,0.0,0.0,0.0,0.0,0.0,,0.0,,Africa,Africa,False,False,False,False,False
Congo (DRC),COD,2008,Country or economy,Hydro,False,7.41,-0.33,-4.264,98.668,-0.183,2.42,0.176,-0.008,-4.348,74.636,23.752,Africa,Africa,False,False,False,False,False
Congo (DRC),COD,2008,Country or economy,Bioenergy,False,0.0,0.0,,0.0,0.0,0.0,0.0,0.0,,0.0,,Africa,Africa,False,False,False,False,False
Congo (DRC),COD,2008,Country or economy,Other renewables,False,0.0,0.0,,0.0,0.0,0.0,0.0,0.0,,0.0,,Africa,Africa,False,False,False,False,False
Congo (DRC),COD,2008,Country or economy,Nuclear,False,0.0,0.0,,0.0,0.0,0.0,0.0,0.0,,0.0,,Africa,Africa,False,False,False,False,False
Congo (DRC),COD,2008,Country or economy,Coal,False,0.0,0.0,,0.0,0.0,,0.0,0.0,,0.0,,Africa,Africa,False,False,False,False,False
Congo (DRC),COD,2008,Country or economy,Gas,False,0.08,0.0,0.0,1.065,0.043,,0.047,0.0,0.0,19.931,587.5,Africa,Africa,False,False,False,False,False
Congo (DRC),COD,2008,Country or economy,Other fossil,False,0.02,0.01,100.0,0.266,0.138,0.02,0.013,0.006,85.714,5.513,650.0,Africa,Africa,False,False,False,False,False
Congo (DRC),COD,2008,Country or economy,Net imports,False,-0.59,0.74,-55.639,-7.856,9.13,,0.0,0.0,,0.0,0.0,Africa,Africa,False,False,False,False,False
Congo (DRC),COD,2008,Country or economy,Wind and solar,True,0.0,0.0,,0.0,0.0,0.0,0.0,0.0,,0.0,,Africa,Africa,False,False,False,False,False
Congo (DRC),COD,2008,Country or economy,"Hydro, bioenergy and other renewables",True,7.41,-0.33,-4.264,98.668,-0.183,2.42,0.176,-0.008,-4.348,74.636,23.752,Africa,Africa,False,False,False,False,False
Congo (DRC),COD,2008,Country or economy,Renewables,True,7.41,-0.33,-4.264,98.668,-0.183,2.42,0.176,-0.008,-4.348,74.636,23.752,Africa,Africa,False,False,False,False,False
Congo (DRC),COD,2008,Country or economy,Clean,True,7.41,-0.33,-4.264,98.668,-0.183,2.42,0.176,-0.008,-4.348,74.636,23.752,Africa,Africa,False,False,False,False,False
Congo (DRC),COD,2008,Country or economy,Fossil,True,0.1,0.01,11.111,1.332,0.183,0.02,0.06,0.007,13.208,25.444,600.0,Africa,Africa,False,False,False,False,False
Congo (DRC),COD,2008,Country or economy,Total generation,True,7.51,-0.32,-4.087,100.0,0.0,2.44,0.236,-0.001,-0.422,100.08,31.425,Africa,Africa,False,False,False,False,False
Congo (DRC),COD,2008,Country or economy,Demand,True,6.92,0.42,6.462,92.144,9.13,,,,,,,Africa,Africa,False,False,False,False,False
Congo (DRC),COD,2009,Country or economy,Solar,False,0.0,0.0,,0.0,0.0,0.0,0.0,0.0,,0.0,,Africa,Africa,False,False,False,False,False
Congo (DRC),COD,2009,Country or economy,Wind,False,0.0,0.0,,0.0,0.0,0.0,0.0,0.0,,0.0,,Africa,Africa,False,False,False,False,False
Congo (DRC),COD,2009,Country or economy,Hydro,False,7.72,0.31,4.184,98.848,0.18,2.42,0.183,0.007,3.977,77.347,23.705,Africa,Africa,False,False,False,False,False
Congo (DRC),COD,2009,Country or economy,Bioenergy,False,0.0,0.0,,0.0,0.0,0.0,0.0,0.0,,0.0,,Africa,Africa,False,False,False,False,False
Congo (DRC),COD,2009,Country or economy,Other renewables,False,0.0,0.0,,0.0,0.0,0.0,0.0,0.0,,0.0,,Africa,Africa,False,False,False,False,False
Congo (DRC),COD,2009,Country or economy,Nuclear,False,0.0,0.0,,0.0,0.0,0.0,0.0,0.0,,0.0,,Africa,Africa,False,False,False,False,False
Congo (DRC),COD,2009,Country or economy,Coal,False,0.0,0.0,,0.0,0.0,,0.0,0.0,,0.0,,Africa,Africa,False,False,False,False,False
Congo (DRC),COD,2009,Country or economy,Gas,False,0.08,0.0,0.0,1.024,-0.041,,0.047,0.0,0.0,19.865,587.5,Africa,Africa,False,False,False,False,False
Congo (DRC),COD,2009,Country or economy,Other fossil,False,0.01,-0.01,-50.0,0.128,-0.138,0.02,0.007,-0.006,-46.154,2.959,700.0,Africa,Africa,False,False,False,False,False
Congo (DRC),COD,2009,Country or economy,Net imports,False,-0.78,-0.19,32.203,-9.987,-2.131,,0.0,0.0,,0.0,0.0,Africa,Africa,False,False,False,False,False
Congo (DRC),COD,2009,Country or economy,Wind and solar,True,0.0,0.0,,0.0,0.0,0.0,0.0,0.0,,0.0,,Africa,Africa,False,False,False,False,False
Congo (DRC),COD,2009,Country or economy,"Hydro, bioenergy and other renewables",True,7.72,0.31,4.184,98.848,0.18,2.42,0.183,0.007,3.977,77.347,23.705,Africa,Africa,False,False,False,False,False
Congo (DRC),COD,2009,Country or economy,Renewables,True,7.72,0.31,4.184,98.848,0.18,2.42,0.183,0.007,3.977,77.347,23.705,Africa,Africa,False,False,False,False,False
Congo (DRC),COD,2009,Country or economy,Clean,True,7.72,0.31,4.184,98.848,0.18,2.42,0.183,0.007,3.977,77.347,23.705,Africa,Africa,False,False,False,False,False
Congo (DRC),COD,2009,Country or economy,Fossil,True,0.09,-0.01,-10.0,1.152,-0.18,0.02,0.053,-0.007,-11.667,22.401,588.889,Africa,Africa,False,False,False,False,False
Congo (DRC),COD,2009,Country or economy,Total generation,True,7.81,0.3,3.995,100.0,0.0,2.44,0.237,0.001,0.424,100.17,30.346,Africa,Africa,False,False,False,False,False
Congo (DRC),COD,2009,Country or economy,Demand,True,7.03,0.11,1.59,90.013,-2.131,,,,,,,Africa,Africa,False,False,False,False,False
Congo (DRC),COD,2010,Country or economy,Solar,False,0.0,0.0,,0.0,0.0,0.0,0.0,0.0,,0.0,,Africa,Africa,False,False,False,False,False
Congo (DRC),COD,2010,Country or economy,Wind,False,0.0,0.0,,0.0,0.0,0.0,0.0,0.0,,0.0,,Africa,Africa,False,False,False,False,False
Congo (DRC),COD,2010,Country or economy,Hydro,False,7.74,0.02,0.259,98.851,0.003,2.42,0.184,0.001,0.546,77.613,23.773,Africa,Africa,False,False,False,False,False
Congo (DRC),COD,2010,Country or economy,Bioenergy,False,0.0,0.0,,0.0,0.0,0.0,0.0,0.0,,0.0,,Africa,Africa,False,False,False,False,False
Congo (DRC),COD,2010,Country or economy,Other renewables,False,0.0,0.0,,0.0,0.0,0.0,0.0,0.0,,0.0,,Africa,Africa,False,False,False,False,False
Congo (DRC),COD,2010,Country or economy,Nuclear,False,0.0,0.0,,0.0,0.0,0.0,0.0,0.0,,0.0,,Africa,Africa,False,False,False,False,False
Congo (DRC),COD,2010,Country or economy,Coal,False,0.0,0.0,,0.0,0.0,,0.0,0.0,,0.0,,Africa,Africa,False,False,False,False,False
Congo (DRC),COD,2010,Country or economy,Gas,False,0.08,0.0,0.0,1.022,-0.002,,0.047,0.0,0.0,19.825,587.5,Africa,Africa,False,False,False,False,False
Congo (DRC),COD,2010,Country or economy,Other fossil,False,0.01,0.0,0.0,0.128,0.0,0.03,0.007,0.0,0.0,2.953,700.0,Africa,Africa,False,False,False,False,False
Congo (DRC),COD,2010,Country or economy,Net imports,False,-0.75,0.03,-3.846,-9.579,0.408,,0.0,0.0,,0.0,0.0,Africa,Africa,False,False,False,False,False
Congo (DRC),COD,2010,Country or economy,Wind and solar,True,0.0,0.0,,0.0,0.0,0.0,0.0,0.0,,0.0,,Africa,Africa,False,False,False,False,False
Congo (DRC),COD,2010,Country or economy,"Hydro, bioenergy and other renewables",True,7.74,0.02,0.259,98.851,0.003,2.42,0.184,0.001,0.546,77.613,23.773,Africa,Africa,False,False,False,False,False
Congo (DRC),COD,2010,Country or economy,Renewables,True,7.74,0.02,0.259,98.851,0.003,2.42,0.184,0.001,0.546,77.613,23.773,Africa,Africa,False,False,False,False,False
Congo (DRC),COD,2010,Country or economy,Clean,True,7.74,0.02,0.259,98.851,0.003,2.42,0.184,0.001,0.546,77.613,23.773,Africa,Africa,False,False,False,False,False
Congo (DRC),COD,2010,Country or economy,Fossil,True,0.09,0.0,0.0,1.149,-0.003,0.03,0.053,0.0,0.0,22.356,588.889,Africa,Africa,False,False,False,False,False
Congo (DRC),COD,2010,Country or economy,Total generation,True,7.83,0.02,0.256,100.0,0.0,2.45,0.237,0.0,0.0,99.969,30.268,Africa,Africa,False,False,False,False,False
Congo (DRC),COD,2010,Country or economy,Demand,True,7.08,0.05,0.711,90.421,0.408,,,,,,,Africa,Africa,False,False,False,False,False
Congo (DRC),COD,2011,Country or economy,Solar,False,0.0,0.0,,0.0,0.0,0.0,0.0,0.0,,0.0,,Africa,Africa,False,False,False,False,False
Congo (DRC),COD,2011,Country or economy,Wind,False,0.0,0.0,,0.0,0.0,0.0,0.0,0.0,,0.0,,Africa,Africa,False,False,False,False,False
Congo (DRC),COD,2011,Country or economy,Hydro,False,7.73,-0.01,-0.129,98.849,-0.002,2.42,0.184,0.0,0.0,77.691,23.803,Africa,Africa,False,False,False,False,False
Congo (DRC),COD,2011,Country or economy,Bioenergy,False,0.0,0.0,,0.0,0.0,0.0,0.0,0.0,,0.0,,Africa,Africa,False,False,False,False,False
Congo (DRC),COD,2011,Country or economy,Other renewables,False,0.0,0.0,,0.0,0.0,0.0,0.0,0.0,,0.0,,Africa,Africa,False,False,False,False,False
Congo (DRC),COD,2011,Country or economy,Nuclear,False,0.0,0.0,,0.0,0.0,0.0,0.0,0.0,,0.0,,Africa,Africa,False,False,False,False,False
Congo (DRC),COD,2011,Country or economy,Coal,False,0.0,0.0,,0.0,0.0,,0.0,0.0,,0.0,,Africa,Africa,False,False,False,False,False
Congo (DRC),COD,2011,Country or economy,Gas,False,0.08,0.0,0.0,1.023,0.001,,0.047,0.0,0.0,19.845,587.5,Africa,Africa,False,False,False,False,False
Congo (DRC),COD,2011,Country or economy,Other fossil,False,0.01,0.0,0.0,0.128,0.0,0.04,0.007,0.0,0.0,2.956,700.0,Africa,Africa,False,False,False,False,False
Congo (DRC),COD,2011,Country or economy,Net imports,False,-0.13,0.62,-82.667,-1.662,7.917,,0.0,0.0,,0.0,0.0,Africa,Africa,False,False,False,False,False
Congo (DRC),COD,2011,Country or economy,Wind and solar,True,0.0,0.0,,0.0,0.0,0.0,0.0,0.0,,0.0,,Africa,Africa,False,False,False,False,False
Congo (DRC),COD,2011,Country or economy,"Hydro, bioenergy and other renewables",True,7.73,-0.01,-0.129,98.849,-0.002,2.42,0.184,0.0,0.0,77.691,23.803,Africa,Africa,False,False,False,False,False
Congo (DRC),COD,2011,Country or economy,Renewables,True,7.73,-0.01,-0.129,98.849,-0.002,2.42,0.184,0.0,0.0,77.691,23.803,Africa,Africa,False,False,False,False,False
Congo (DRC),COD,2011,Country or economy,Clean,True,7.73,-0.01,-0.129,98.849,-0.002,2.42,0.184,0.0,0.0,77.691,23.803,Africa,Africa,False,False,False,False,False
Congo (DRC),COD,2011,Country or economy,Fossil,True,0.09,0.0,0.0,1.151,0.002,0.04,0.053,0.0,0.0,22.378,588.889,Africa,Africa,False,False,False,False,False
Congo (DRC),COD,2011,Country or economy,Total generation,True,7.82,-0.01,-0.128,100.0,0.0,2.46,0.237,0.0,0.0,100.07,30.307,Africa,Africa,False,False,False,False,False
Congo (DRC),COD,2011,Country or economy,Demand,True,7.69,0.61,8.616,98.338,7.917,,,,,,,Africa,Africa,False,False,False,False,False
Congo (DRC),COD,2012,Country or economy,Solar,False,0.0,0.0,,0.0,0.0,0.0,0.0,0.0,,0.0,,Africa,Africa,False,False,False,False,False
Congo (DRC),COD,2012,Country or economy,Wind,False,0.0,0.0,,0.0,0.0,0.0,0.0,0.0,,0.0,,Africa,Africa,False,False,False,False,False
Congo (DRC),COD,2012,Country or economy,Hydro,False,7.51,-0.22,-2.846,99.867,1.018,2.42,0.178,-0.006,-3.261,96.207,23.702,Africa,Africa,False,False,False,False,False
Congo (DRC),COD,2012,Country or economy,Bioenergy,False,0.0,0.0,,0.0,0.0,0.0,0.0,0.0,,0.0,,Africa,Africa,False,False,False,False,False
Congo (DRC),COD,2012,Country or economy,Other renewables,False,0.0,0.0,,0.0,0.0,0.0,0.0,0.0,,0.0,,Africa,Africa,False,False,False,False,False
Congo (DRC),COD,2012,Country or economy,Nuclear,False,0.0,0.0,,0.0,0.0,0.0,0.0,0.0,,0.0,,Africa,Africa,False,False,False,False,False
Congo (DRC),COD,2012,Country or economy,Coal,False,0.0,0.0,,0.0,0.0,,0.0,0.0,,0.0,,Africa,Africa,False,False,False,False,False
Congo (DRC),COD,2012,Country or economy,Gas,False,0.0,-0.08,-100.0,0.0,-1.023,,0.0,-0.047,-100.0,0.0,,Africa,Africa,False,False,False,False,False
Congo (DRC),COD,2012,Country or economy,Other fossil,False,0.01,0.0,0.0,0.133,0.005,0.03,0.007,0.0,0.0,3.783,700.0,Africa,Africa,False,False,False,False,False
Congo (DRC),COD,2012,Country or economy,Net imports,False,0.58,0.71,-546.154,7.713,9.375,,0.0,0.0,,0.0,0.0,Africa,Africa,False,False,False,False,False
Congo (DRC),COD,2012,Country or economy,Wind and solar,True,0.0,0.0,,0.0,0.0,0.0,0.0,0.0,,0.0,,Africa,Africa,False,False,False,False,False
Congo (DRC),COD,2012,Country or economy,"Hydro, bioenergy and other renewables",True,7.51,-0.22,-2.846,99.867,1.018,2.42,0.178,-0.006,-3.261,96.207,23.702,Africa,Africa,False,False,False,False,False
Congo (DRC),COD,2012,Country or economy,Renewables,True,7.51,-0.22,-2.846,99.867,1.018,2.42,0.178,-0.006,-3.261,96.207,23.702,Africa,Africa,False,False,False,False,False
Congo (DRC),COD,2012,Country or economy,Clean,True,7.51,-0.22,-2.846,99.867,1.018,2.42,0.178,-0.006,-3.261,96.207,23.702,Africa,Africa,False,False,False,False,False
Congo (DRC),COD,2012,Country or economy,Fossil,True,0.01,-0.08,-88.889,0.133,-1.018,0.03,0.007,-0.046,-86.792,3.783,700.0,Africa,Africa,False,False,False,False,False
Congo (DRC),COD,2012,Country or economy,Total generation,True,7.52,-0.3,-3.836,100.0,0.0,2.45,0.185,-0.052,-21.941,99.99,24.601,Africa,Africa,False,False,False,False,False
Congo (DRC),COD,2012,Country or economy,Demand,True,8.1,0.41,5.332,107.713,9.375,,,,,,,Africa,Africa,False,False,False,False,False
Congo (DRC),COD,2013,Country or economy,Solar,False,0.0,0.0,,0.0,0.0,0.0,0.0,0.0,,0.0,,Africa,Africa,False,False,False,False,False
Congo (DRC),COD,2013,Country or economy,Wind,False,0.0,0.0,,0.0,0.0,0.0,0.0,0.0,,0.0,,Africa,Africa,False,False,False,False,False
Congo (DRC),COD,2013,Country or economy,Hydro,False,8.15,0.64,8.522,99.877,0.01,2.42,0.194,0.016,8.989,96.891,23.804,Africa,Africa,False,False,False,False,False
Congo (DRC),COD,2013,Country or economy,Bioenergy,False,0.0,0.0,,0.0,0.0,0.0,0.0,0.0,,0.0,,Africa,Africa,False,False,False,False,False
Congo (DRC),COD,2013,Country or economy,Other renewables,False,0.0,0.0,,0.0,0.0,0.0,0.0,0.0,,0.0,,Africa,Africa,False,False,False,False,False
Congo (DRC),COD,2013,Country or economy,Nuclear,False,0.0,0.0,,0.0,0.0,0.0,0.0,0.0,,0.0,,Africa,Africa,False,False,False,False,False
Congo (DRC),COD,2013,Country or economy,Coal,False,0.0,0.0,,0.0,0.0,,0.0,0.0,,0.0,,Africa,Africa,False,False,False,False,False
Congo (DRC),COD,2013,Country or economy,Gas,False,0.0,0.0,,0.0,0.0,,0.0,0.0,,0.0,,Africa,Africa,False,False,False,False,False
Congo (DRC),COD,2013,Country or economy,Other fossil,False,0.01,0.0,0.0,0.123,-0.01,0.03,0.007,0.0,0.0,3.496,700.0,Africa,Africa,False,False,False,False,False
Congo (DRC),COD,2013,Country or economy,Net imports,False,0.58,0.0,0.0,7.108,-0.605,,0.0,0.0,,0.0,0.0,Africa,Africa,False,False,False,False,False
Congo (DRC),COD,2013,Country or economy,Wind and solar,True,0.0,0.0,,0.0,0.0,0.0,0.0,0.0,,0.0,,Africa,Africa,False,False,False,False,False
Congo (DRC),COD,2013,Country or economy,"Hydro, bioenergy and other renewables",True,8.15,0.64,8.522,99.877,0.01,2.42,0.194,0.016,8.989,96.891,23.804,Africa,Africa,False,False,False,False,False
Congo (DRC),COD,2013,Country or economy,Renewables,True,8.15,0.64,8.522,99.877,0.01,2.42,0.194,0.016,8.989,96.891,23.804,Africa,Africa,False,False,False,False,False
Congo (DRC),COD,2013,Country or economy,Clean,True,8.15,0.64,8.522,99.877,0.01,2.42,0.194,0.016,8.989,96.891,23.804,Africa,Africa,False,False,False,False,False
Congo (DRC),COD,2013,Country or economy,Fossil,True,0.01,0.0,0.0,0.123,-0.01,0.03,0.007,0.0,0.0,3.496,700.0,Africa,Africa,False,False,False,False,False
Congo (DRC),COD,2013,Country or economy,Total generation,True,8.16,0.64,8.511,100.0,0.0,2.45,0.2,0.015,8.108,99.888,24.51,Africa,Africa,False,False,False,False,False
Congo (DRC),COD,2013,Country or economy,Demand,True,8.74,0.64,7.901,107.108,-0.605,,,,,,,Africa,Africa,False,False,False,False,False
Congo (DRC),COD,2014,Country or economy,Solar,False,0.0,0.0,,0.0,0.0,0.0,0.0,0.0,,0.0,,Africa,Africa,False,False,False,False,False
Congo (DRC),COD,2014,Country or economy,Wind,False,0.0,0.0,,0.0,0.0,0.0,0.0,0.0,,0.0,,Africa,Africa,False,False,False,False,False
Congo (DRC),COD,2014,Country or economy,Hydro,False,8.73,0.58,7.117,99.886,0.009,2.42,0.207,0.013,6.701,97.07,23.711,Africa,Africa,False,False,False,False,False
Congo (DRC),COD,2014,Country or economy,Bioenergy,False,0.0,0.0,,0.0,0.0,0.0,0.0,0.0,,0.0,,Africa,Africa,False,False,False,False,False
Congo (DRC),COD,2014,Country or economy,Other renewables,False,0.0,0.0,,0.0,0.0,0.0,0.0,0.0,,0.0,,Africa,Africa,False,False,False,False,False
Congo (DRC),COD,2014,Country or economy,Nuclear,False,0.0,0.0,,0.0,0.0,0.0,0.0,0.0,,0.0,,Africa,Africa,False,False,False,False,False
Congo (DRC),COD,2014,Country or economy,Coal,False,0.0,0.0,,0.0,0.0,,0.0,0.0,,0.0,,Africa,Africa,False,False,False,False,False
Congo (DRC),COD,2014,Country or economy,Gas,False,0.01,0.01,,0.114,0.114,,0.006,0.006,,2.814,600.0,Africa,Africa,False,False,False,False,False
Congo (DRC),COD,2014,Country or economy,Other fossil,False,0.0,-0.01,-100.0,0.0,-0.123,0.03,0.0,-0.007,-100.0,0.0,,Africa,Africa,False,False,False,False,False
Congo (DRC),COD,2014,Country or economy,Net imports,False,1.07,0.49,84.483,12.243,5.135,,0.0,0.0,,0.0,0.0,Africa,Africa,False,False,False,False,False
Congo (DRC),COD,2014,Country or economy,Wind and solar,True,0.0,0.0,,0.0,0.0,0.0,0.0,0.0,,0.0,,Africa,Africa,False,False,False,False,False
Congo (DRC),COD,2014,Country or economy,"Hydro, bioenergy and other renewables",True,8.73,0.58,7.117,99.886,0.009,2.42,0.207,0.013,6.701,97.07,23.711,Africa,Africa,False,False,False,False,False
Congo (DRC),COD,2014,Country or economy,Renewables,True,8.73,0.58,7.117,99.886,0.009,2.42,0.207,0.013,6.701,97.07,23.711,Africa,Africa,False,False,False,False,False
Congo (DRC),COD,2014,Country or economy,Clean,True,8.73,0.58,7.117,99.886,0.009,2.42,0.207,0.013,6.701,97.07,23.711,Africa,Africa,False,False,False,False,False
Congo (DRC),COD,2014,Country or economy,Fossil,True,0.01,0.0,0.0,0.114,-0.009,0.03,0.006,-0.001,-14.286,2.814,600.0,Africa,Africa,False,False,False,False,False
Congo (DRC),COD,2014,Country or economy,Total generation,True,8.74,0.58,7.108,100.0,0.0,2.45,0.213,0.013,6.5,99.883,24.371,Africa,Africa,False,False,False,False,False
Congo (DRC),COD,2014,Country or economy,Demand,True,9.81,1.07,12.243,112.243,5.135,,,,,,,Africa,Africa,False,False,False,False,False
Congo (DRC),COD,2015,Country or economy,Solar,False,0.0,0.0,,0.0,0.0,0.0,0.0,0.0,,0.0,,Africa,Africa,False,False,False,False,False
Congo (DRC),COD,2015,Country or economy,Wind,False,0.0,0.0,,0.0,0.0,0.0,0.0,0.0,,0.0,,Africa,Africa,False,False,False,False,False
Congo (DRC),COD,2015,Country or economy,Hydro,False,8.83,0.1,1.145,99.887,0.001,2.42,0.21,0.003,1.449,97.051,23.783,Africa,Africa,False,False,False,False,False
Congo (DRC),COD,2015,Country or economy,Bioenergy,False,0.0,0.0,,0.0,0.0,0.0,0.0,0.0,,0.0,,Africa,Africa,False,False,False,False,False
Congo (DRC),COD,2015,Country or economy,Other renewables,False,0.0,0.0,,0.0,0.0,0.0,0.0,0.0,,0.0,,Africa,Africa,False,False,False,False,False
Congo (DRC),COD,2015,Country or economy,Nuclear,False,0.0,0.0,,0.0,0.0,0.0,0.0,0.0,,0.0,,Africa,Africa,False,False,False,False,False
Congo (DRC),COD,2015,Country or economy,Coal,False,0.0,0.0,,0.0,0.0,,0.0,0.0,,0.0,,Africa,Africa,False,False,False,False,False
Congo (DRC),COD,2015,Country or economy,Gas,False,0.0,-0.01,-100.0,0.0,-0.114,,0.0,-0.006,-100.0,0.0,,Africa,Africa,False,False,False,False,False
Congo (DRC),COD,2015,Country or economy,Other fossil,False,0.01,0.01,,0.113,0.113,0.03,0.007,0.007,,3.235,700.0,Africa,Africa,False,False,False,False,False
Congo (DRC),COD,2015,Country or economy,Net imports,False,1.06,-0.01,-0.935,11.991,-0.252,,0.0,0.0,,0.0,0.0,Africa,Africa,False,False,False,False,False
Congo (DRC),COD,2015,Country or economy,Wind and solar,True,0.0,0.0,,0.0,0.0,0.0,0.0,0.0,,0.0,,Africa,Africa,False,False,False,False,False
Congo (DRC),COD,2015,Country or economy,"Hydro, bioenergy and other renewables",True,8.83,0.1,1.145,99.887,0.001,2.42,0.21,0.003,1.449,97.051,23.783,Africa,Africa,False,False,False,False,False
Congo (DRC),COD,2015,Country or economy,Renewables,True,8.83,0.1,1.145,99.887,0.001,2.42,0.21,0.003,1.449,97.051,23.783,Africa,Africa,False,False,False,False,False
Congo (DRC),COD,2015,Country or economy,Clean,True,8.83,0.1,1.145,99.887,0.001,2.42,0.21,0.003,1.449,97.051,23.783,Africa,Africa,False,False,False,False,False
Congo (DRC),COD,2015,Country or economy,Fossil,True,0.01,0.0,0.0,0.113,-0.001,0.03,0.007,0.001,16.667,3.235,700.0,Africa,Africa,False,False,False,False,False
Congo (DRC),COD,2015,Country or economy,Total generation,True,8.84,0.1,1.144,100.0,0.0,2.45,0.216,0.003,1.408,99.824,24.434,Africa,Africa,False,False,False,False,False
Congo (DRC),COD,2015,Country or economy,Demand,True,9.9,0.09,0.917,111.991,-0.252,,,,,,,Africa,Africa,False,False,False,False,False
Congo (DRC),COD,2016,Country or economy,Solar,False,0.0,0.0,,0.0,0.0,0.0,0.0,0.0,,0.0,,Africa,Africa,False,False,False,False,False
Congo (DRC),COD,2016,Country or economy,Wind,False,0.0,0.0,,0.0,0.0,0.0,0.0,0.0,,0.0,,Africa,Africa,False,False,False,False,False
Congo (DRC),COD,2016,Country or economy,Hydro,False,9.01,0.18,2.039,99.889,0.002,2.43,0.214,0.004,1.905,96.983,23.751,Africa,Africa,False,False,False,False,False
Congo (DRC),COD,2016,Country or economy,Bioenergy,False,0.0,0.0,,0.0,0.0,0.0,0.0,0.0,,0.0,,Africa,Africa,False,False,False,False,False
Congo (DRC),COD,2016,Country or economy,Other renewables,False,0.0,0.0,,0.0,0.0,0.0,0.0,0.0,,0.0,,Africa,Africa,False,False,False,False,False
Congo (DRC),COD,2016,Country or economy,Nuclear,False,0.0,0.0,,0.0,0.0,0.0,0.0,0.0,,0.0,,Africa,Africa,False,False,False,False,False
Congo (DRC),COD,2016,Country or economy,Coal,False,0.0,0.0,,0.0,0.0,,0.0,0.0,,0.0,,Africa,Africa,False,False,False,False,False
Congo (DRC),COD,2016,Country or economy,Gas,False,0.0,0.0,,0.0,0.0,,0.0,0.0,,0.0,,Africa,Africa,False,False,False,False,False
Congo (DRC),COD,2016,Country or economy,Other fossil,False,0.01,0.0,0.0,0.111,-0.002,0.03,0.007,0.0,0.0,3.172,700.0,Africa,Africa,False,False,False,False,False
Congo (DRC),COD,2016,Country or economy,Net imports,False,0.71,-0.35,-33.019,7.871,-4.12,,0.0,0.0,,0.0,0.0,Africa,Africa,False,False,False,False,False
Congo (DRC),COD,2016,Country or economy,Wind and solar,True,0.0,0.0,,0.0,0.0,0.0,0.0,0.0,,0.0,,Africa,Africa,False,False,False,False,False
Congo (DRC),COD,2016,Country or economy,"Hydro, bioenergy and other renewables",True,9.01,0.18,2.039,99.889,0.002,2.43,0.214,0.004,1.905,96.983,23.751,Africa,Africa,False,False,False,False,False
Congo (DRC),COD,2016,Country or economy,Renewables,True,9.01,0.18,2.039,99.889,0.002,2.43,0.214,0.004,1.905,96.983,23.751,Africa,Africa,False,False,False,False,False
Congo (DRC),COD,2016,Country or economy,Clean,True,9.01,0.18,2.039,99.889,0.002,2.43,0.214,0.004,1.905,96.983,23.751,Africa,Africa,False,False,False,False,False
Congo (DRC),COD,2016,Country or economy,Fossil,True,0.01,0.0,0.0,0.111,-0.002,0.03,0.007,0.0,0.0,3.172,700.0,Africa,Africa,False,False,False,False,False
Congo (DRC),COD,2016,Country or economy,Total generation,True,9.02,0.18,2.036,100.0,0.0,2.46,0.221,0.005,2.315,100.155,24.501,Africa,Africa,False,False,False,False,False
Congo (DRC),COD,2016,Country or economy,Demand,True,9.73,-0.17,-1.717,107.871,-4.12,,,,,,,Africa,Africa,False,False,False,False,False
Congo (DRC),COD,2017,Country or economy,Solar,False,0.01,0.01,,0.106,0.106,0.01,0.0,0.0,,0.0,0.0,Africa,Africa,False,False,False,False,False
Congo (DRC),COD,2017,Country or economy,Wind,False,0.0,0.0,,0.0,0.0,0.0,0.0,0.0,,0.0,,Africa,Africa,False,False,False,False,False
Congo (DRC),COD,2017,Country or economy,Hydro,False,9.39,0.38,4.218,99.682,-0.207,2.44,0.223,0.009,4.206,95.987,23.749,Africa,Africa,False,False,False,False,False
Congo (DRC),COD,2017,Country or economy,Bioenergy,False,0.01,0.01,,0.106,0.106,0.0,0.002,0.002,,0.861,200.0,Africa,Africa,False,False,False,False,False
Congo (DRC),COD,2017,Country or economy,Other renewables,False,0.0,0.0,,0.0,0.0,0.0,0.0,0.0,,0.0,,Africa,Africa,False,False,False,False,False
Congo (DRC),COD,2017,Country or economy,Nuclear,False,0.0,0.0,,0.0,0.0,0.0,0.0,0.0,,0.0,,Africa,Africa,False,False,False,False,False
Congo (DRC),COD,2017,Country or economy,Coal,False,0.0,0.0,,0.0,0.0,,0.0,0.0,,0.0,,Africa,Africa,False,False,False,False,False
Congo (DRC),COD,2017,Country or economy,Gas,False,0.0,0.0,,0.0,0.0,,0.0,0.0,,0.0,,Africa,Africa,False,False,False,False,False
Congo (DRC),COD,2017,Country or economy,Other fossil,False,0.01,0.0,0.0,0.106,-0.005,0.03,0.007,0.0,0.0,3.013,700.0,Africa,Africa,False,False,False,False,False
Congo (DRC),COD,2017,Country or economy,Net imports,False,0.73,0.02,2.817,7.749,-0.122,,0.0,0.0,,0.0,0.0,Africa,Africa,False,False,False,False,False
Congo (DRC),COD,2017,Country or economy,Wind and solar,True,0.01,0.01,,0.106,0.106,0.01,0.0,0.0,,0.0,0.0,Africa,Africa,False,False,False,False,False
Congo (DRC),COD,2017,Country or economy,"Hydro, bioenergy and other renewables",True,9.4,0.39,4.329,99.788,-0.101,2.44,0.225,0.011,5.14,96.848,23.936,Africa,Africa,False,False,False,False,False
Congo (DRC),COD,2017,Country or economy,Renewables,True,9.41,0.4,4.44,99.894,0.005,2.45,0.226,0.012,5.607,97.278,24.017,Africa,Africa,False,False,False,False,False
Congo (DRC),COD,2017,Country or economy,Clean,True,9.41,0.4,4.44,99.894,0.005,2.45,0.226,0.012,5.607,97.278,24.017,Africa,Africa,False,False,False,False,False
Congo (DRC),COD,2017,Country or economy,Fossil,True,0.01,0.0,0.0,0.106,-0.005,0.03,0.007,0.0,0.0,3.013,700.0,Africa,Africa,False,False,False,False,False
Congo (DRC),COD,2017,Country or economy,Total generation,True,9.42,0.4,4.435,100.0,0.0,2.4799999999999995,0.232,0.011,4.977,99.861,24.628,Africa,Africa,False,False,False,False,False
Congo (DRC),COD,2017,Country or economy,Demand,True,10.15,0.42,4.317,107.749,-0.122,,,,,,,Africa,Africa,False,False,False,False,False
Congo (DRC),COD,2018,Country or economy,Solar,False,0.01,0.0,0.0,0.096,-0.01,0.01,0.0,0.0,,0.0,0.0,Africa,Africa,False,False,False,False,False
Congo (DRC),COD,2018,Country or economy,Wind,False,0.0,0.0,,0.0,0.0,0.0,0.0,0.0,,0.0,,Africa,Africa,False,False,False,False,False
Congo (DRC),COD,2018,Country or economy,Hydro,False,10.43,1.04,11.076,99.713,0.031,2.6,0.248,0.025,11.211,96.485,23.778,Africa,Africa,False,False,False,False,False
Congo (DRC),COD,2018,Country or economy,Bioenergy,False,0.01,0.0,0.0,0.096,-0.01,0.0,0.002,0.0,0.0,0.778,200.0,Africa,Africa,False,False,False,False,False
Congo (DRC),COD,2018,Country or economy,Other renewables,False,0.0,0.0,,0.0,0.0,0.0,0.0,0.0,,0.0,,Africa,Africa,False,False,False,False,False
Congo (DRC),COD,2018,Country or economy,Nuclear,False,0.0,0.0,,0.0,0.0,0.0,0.0,0.0,,0.0,,Africa,Africa,False,False,False,False,False
Congo (DRC),COD,2018,Country or economy,Coal,False,0.0,0.0,,0.0,0.0,,0.0,0.0,,0.0,,Africa,Africa,False,False,False,False,False
Congo (DRC),COD,2018,Country or economy,Gas,False,0.0,0.0,,0.0,0.0,,0.0,0.0,,0.0,,Africa,Africa,False,False,False,False,False
Congo (DRC),COD,2018,Country or economy,Other fossil,False,0.01,0.0,0.0,0.096,-0.01,0.03,0.007,0.0,0.0,2.723,700.0,Africa,Africa,False,False,False,False,False
Congo (DRC),COD,2018,Country or economy,Net imports,False,0.73,0.0,0.0,6.979,-0.77,,0.0,0.0,,0.0,0.0,Africa,Africa,False,False,False,False,False
Congo (DRC),COD,2018,Country or economy,Wind and solar,True,0.01,0.0,0.0,0.096,-0.01,0.01,0.0,0.0,,0.0,0.0,Africa,Africa,False,False,False,False,False
Congo (DRC),COD,2018,Country or economy,"Hydro, bioenergy and other renewables",True,10.44,1.04,11.064,99.809,0.021,2.6,0.25,0.025,11.111,97.263,23.946,Africa,Africa,False,False,False,False,False
Congo (DRC),COD,2018,Country or economy,Renewables,True,10.45,1.04,11.052,99.904,0.01,2.61,0.25,0.024,10.619,97.263,23.923,Africa,Africa,False,False,False,False,False
Congo (DRC),COD,2018,Country or economy,Clean,True,10.45,1.04,11.052,99.904,0.01,2.61,0.25,0.024,10.619,97.263,23.923,Africa,Africa,False,False,False,False,False
Congo (DRC),COD,2018,Country or economy,Fossil,True,0.01,0.0,0.0,0.096,-0.01,0.03,0.007,0.0,0.0,2.723,700.0,Africa,Africa,False,False,False,False,False
Congo (DRC),COD,2018,Country or economy,Total generation,True,10.46,1.04,11.04,100.0,0.0,2.64,0.257,0.025,10.776,99.987,24.57,Africa,Africa,False,False,False,False,False
Congo (DRC),COD,2018,Country or economy,Demand,True,11.19,1.04,10.246,106.979,-0.77,,,,,,,Africa,Africa,False,False,False,False,False
Congo (DRC),COD,2019,Country or economy,Solar,False,0.01,0.0,0.0,0.085,-0.011,0.01,0.0,0.0,,0.0,0.0,Africa,Africa,False,False,False,False,False
Congo (DRC),COD,2019,Country or economy,Wind,False,0.0,0.0,,0.0,0.0,0.0,0.0,0.0,,0.0,,Africa,Africa,False,False,False,False,False
Congo (DRC),COD,2019,Country or economy,Hydro,False,11.76,1.33,12.752,99.746,0.033,2.61,0.279,0.031,12.5,96.662,23.724,Africa,Africa,False,False,False,False,False
Congo (DRC),COD,2019,Country or economy,Bioenergy,False,0.01,0.0,0.0,0.085,-0.011,0.0,0.002,0.0,0.0,0.693,200.0,Africa,Africa,False,False,False,False,False
Congo (DRC),COD,2019,Country or economy,Other renewables,False,0.0,0.0,,0.0,0.0,0.0,0.0,0.0,,0.0,,Africa,Africa,False,False,False,False,False
Congo (DRC),COD,2019,Country or economy,Nuclear,False,0.0,0.0,,0.0,0.0,0.0,0.0,0.0,,0.0,,Africa,Africa,False,False,False,False,False
Congo (DRC),COD,2019,Country or economy,Coal,False,0.0,0.0,,0.0,0.0,,0.0,0.0,,0.0,,Africa,Africa,False,False,False,False,False
Congo (DRC),COD,2019,Country or economy,Gas,False,0.0,0.0,,0.0,0.0,,0.0,0.0,,0.0,,Africa,Africa,False,False,False,False,False
Congo (DRC),COD,2019,Country or economy,Other fossil,False,0.01,0.0,0.0,0.085,-0.011,0.03,0.007,0.0,0.0,2.425,700.0,Africa,Africa,False,False,False,False,False
Congo (DRC),COD,2019,Country or economy,Net imports,False,0.92,0.19,26.027,7.803,0.824,,0.0,0.0,,0.0,0.0,Africa,Africa,False,False,False,False,False
Congo (DRC),COD,2019,Country or economy,Wind and solar,True,0.01,0.0,0.0,0.085,-0.011,0.01,0.0,0.0,,0.0,0.0,Africa,Africa,False,False,False,False,False
Congo (DRC),COD,2019,Country or economy,"Hydro, bioenergy and other renewables",True,11.77,1.33,12.739,99.83,0.021,2.61,0.282,0.032,12.8,97.701,23.959,Africa,Africa,False,False,False,False,False
Congo (DRC),COD,2019,Country or economy,Renewables,True,11.78,1.33,12.727,99.915,0.011,2.62,0.282,0.032,12.8,97.701,23.939,Africa,Africa,False,False,False,False,False
Congo (DRC),COD,2019,Country or economy,Clean,True,11.78,1.33,12.727,99.915,0.011,2.62,0.282,0.032,12.8,97.701,23.939,Africa,Africa,False,False,False,False,False
Congo (DRC),COD,2019,Country or economy,Fossil,True,0.01,0.0,0.0,0.085,-0.011,0.03,0.007,0.0,0.0,2.425,700.0,Africa,Africa,False,False,False,False,False
Congo (DRC),COD,2019,Country or economy,Total generation,True,11.79,1.33,12.715,100.0,0.0,2.6499999999999995,0.289,0.032,12.451,100.127,24.512,Africa,Africa,False,False,False,False,False
Congo (DRC),COD,2019,Country or economy,Demand,True,12.71,1.52,13.584,107.803,0.824,,,,,,,Africa,Africa,False,False,False,False,False
Congo (DRC),COD,2020,Country or economy,Solar,False,0.02,0.01,100.0,0.16,0.075,0.01,0.001,0.001,,0.327,50.0,Africa,Africa,False,False,False,False,False
Congo (DRC),COD,2020,Country or economy,Wind,False,0.0,0.0,,0.0,0.0,0.0,0.0,0.0,,0.0,,Africa,Africa,False,False,False,False,False
Congo (DRC),COD,2020,Country or economy,Hydro,False,12.45,0.69,5.867,99.68,-0.066,2.61,0.296,0.017,6.093,96.889,23.775,Africa,Africa,False,False,False,False,False
Congo (DRC),COD,2020,Country or economy,Bioenergy,False,0.01,0.0,0.0,0.08,-0.005,0.0,0.002,0.0,0.0,0.655,200.0,Africa,Africa,False,False,False,False,False
Congo (DRC),COD,2020,Country or economy,Other renewables,False,0.0,0.0,,0.0,0.0,0.0,0.0,0.0,,0.0,,Africa,Africa,False,False,False,False,False
Congo (DRC),COD,2020,Country or economy,Nuclear,False,0.0,0.0,,0.0,0.0,0.0,0.0,0.0,,0.0,,Africa,Africa,False,False,False,False,False
Congo (DRC),COD,2020,Country or economy,Coal,False,0.0,0.0,,0.0,0.0,,0.0,0.0,,0.0,,Africa,Africa,False,False,False,False,False
Congo (DRC),COD,2020,Country or economy,Gas,False,0.0,0.0,,0.0,0.0,,0.0,0.0,,0.0,,Africa,Africa,False,False,False,False,False
Congo (DRC),COD,2020,Country or economy,Other fossil,False,0.01,0.0,0.0,0.08,-0.005,0.03,0.007,0.0,0.0,2.291,700.0,Africa,Africa,False,False,False,False,False
Congo (DRC),COD,2020,Country or economy,Net imports,False,1.14,0.22,23.913,9.127,1.324,,0.0,0.0,,0.0,0.0,Africa,Africa,False,False,False,False,False
Congo (DRC),COD,2020,Country or economy,Wind and solar,True,0.02,0.01,100.0,0.16,0.075,0.01,0.001,0.001,,0.327,50.0,Africa,Africa,False,False,False,False,False
Congo (DRC),COD,2020,Country or economy,"Hydro, bioenergy and other renewables",True,12.46,0.69,5.862,99.76,-0.07,2.61,0.298,0.016,5.674,97.544,23.917,Africa,Africa,False,False,False,False,False
Congo (DRC),COD,2020,Country or economy,Renewables,True,12.48,0.7,5.942,99.92,0.005,2.62,0.299,0.017,6.028,97.871,23.958,Africa,Africa,False,False,False,False,False
Congo (DRC),COD,2020,Country or economy,Clean,True,12.48,0.7,5.942,99.92,0.005,2.62,0.299,0.017,6.028,97.871,23.958,Africa,Africa,False,False,False,False,False
Congo (DRC),COD,2020,Country or economy,Fossil,True,0.01,0.0,0.0,0.08,-0.005,0.03,0.007,0.0,0.0,2.291,700.0,Africa,Africa,False,False,False,False,False
Congo (DRC),COD,2020,Country or economy,Total generation,True,12.49,0.7,5.937,100.0,0.0,2.6499999999999995,0.306,0.017,5.882,100.162,24.5,Africa,Africa,False,False,False,False,False
Congo (DRC),COD,2020,Country or economy,Demand,True,13.63,0.92,7.238,109.127,1.324,,,,,,,Africa,Africa,False,False,False,False,False
Congo (DRC),COD,2021,Country or economy,Solar,False,1.05,1.03,5150.0,7.4,7.24,0.02,0.05,0.049,4900.0,13.735,47.619,Africa,Africa,False,False,False,False,False
Congo (DRC),COD,2021,Country or economy,Wind,False,0.0,0.0,,0.0,0.0,0.0,0.0,0.0,,0.0,,Africa,Africa,False,False,False,False,False
Congo (DRC),COD,2021,Country or economy,Hydro,False,13.13,0.68,5.462,92.53,-7.15,2.61,0.312,0.016,5.405,85.708,23.762,Africa,Africa,False,False,False,False,False
Congo (DRC),COD,2021,Country or economy,Bioenergy,False,0.01,0.0,0.0,0.07,-0.01,0.0,0.002,0.0,0.0,0.549,200.0,Africa,Africa,False,False,False,False,False
Congo (DRC),COD,2021,Country or economy,Other renewables,False,0.0,0.0,,0.0,0.0,0.0,0.0,0.0,,0.0,,Africa,Africa,False,False,False,False,False
Congo (DRC),COD,2021,Country or economy,Nuclear,False,0.0,0.0,,0.0,0.0,0.0,0.0,0.0,,0.0,,Africa,Africa,False,False,False,False,False
Congo (DRC),COD,2021,Country or economy,Coal,False,0.0,0.0,,0.0,0.0,,0.0,0.0,,0.0,,Africa,Africa,False,False,False,False,False
Congo (DRC),COD,2021,Country or economy,Gas,False,0.0,0.0,,0.0,0.0,,0.0,0.0,,0.0,,Africa,Africa,False,False,False,False,False
Congo (DRC),COD,2021,Country or economy,Other fossil,False,0.0,-0.01,-100.0,0.0,-0.08,0.03,0.0,-0.007,-100.0,0.0,,Africa,Africa,False,False,False,False,False
Congo (DRC),COD,2021,Country or economy,Net imports,False,1.41,0.27,23.684,9.937,0.81,,0.0,0.0,,0.0,0.0,Africa,Africa,False,False,False,False,False
Congo (DRC),COD,2021,Country or economy,Wind and solar,True,1.05,1.03,5150.0,7.4,7.24,0.02,0.05,0.049,4900.0,13.735,47.619,Africa,Africa,False,False,False,False,False
Congo (DRC),COD,2021,Country or economy,"Hydro, bioenergy and other renewables",True,13.14,0.68,5.457,92.6,-7.16,2.61,0.314,0.016,5.369,86.257,23.896,Africa,Africa,False,False,False,False,False
Congo (DRC),COD,2021,Country or economy,Renewables,True,14.19,1.71,13.702,100.0,0.08,2.63,0.364,0.065,21.739,99.993,25.652,Africa,Africa,False,False,False,False,False
Congo (DRC),COD,2021,Country or economy,Clean,True,14.19,1.71,13.702,100.0,0.08,2.63,0.364,0.065,21.739,99.993,25.652,Africa,Africa,False,False,False,False,False
Congo (DRC),COD,2021,Country or economy,Fossil,True,0.0,-0.01,-100.0,0.0,-0.08,0.03,0.0,-0.007,-100.0,0.0,,Africa,Africa,False,False,False,False,False
Congo (DRC),COD,2021,Country or economy,Total generation,True,14.19,1.7,13.611,100.0,0.0,2.66,0.364,0.058,18.954,99.993,25.652,Africa,Africa,False,False,False,False,False
Congo (DRC),COD,2021,Country or economy,Demand,True,15.6,1.97,14.453,109.937,0.81,,,,,,,Africa,Africa,False,False,False,False,False
Congo (DRC),COD,2022,Country or economy,Solar,False,2.11,1.06,100.952,13.782,6.382,0.02,0.1,0.05,100.0,24.049,47.393,Africa,Africa,False,False,False,False,False
Congo (DRC),COD,2022,Country or economy,Wind,False,0.0,0.0,,0.0,0.0,0.0,0.0,0.0,,0.0,,Africa,Africa,False,False,False,False,False
Congo (DRC),COD,2022,Country or economy,Hydro,False,13.19,0.06,0.457,86.153,-6.377,2.93,0.313,0.001,0.321,75.272,23.73,Africa,Africa,False,False,False,False,False
Congo (DRC),COD,2022,Country or economy,Bioenergy,False,0.01,0.0,0.0,0.065,-0.005,0.0,0.002,0.0,0.0,0.481,200.0,Africa,Africa,False,False,False,False,False
Congo (DRC),COD,2022,Country or economy,Other renewables,False,0.0,0.0,,0.0,0.0,0.0,0.0,0.0,,0.0,,Africa,Africa,False,False,False,False,False
Congo (DRC),COD,2022,Country or economy,Nuclear,False,0.0,0.0,,0.0,0.0,0.0,0.0,0.0,,0.0,,Africa,Africa,False,False,False,False,False
Congo (DRC),COD,2022,Country or economy,Coal,False,0.0,0.0,,0.0,0.0,,0.0,0.0,,0.0,,Africa,Africa,False,False,False,False,False
Congo (DRC),COD,2022,Country or economy,Gas,False,0.0,0.0,,0.0,0.0,,0.0,0.0,,0.0,,Africa,Africa,False,False,False,False,False
Congo (DRC),COD,2022,Country or economy,Other fossil,False,0.0,0.0,,0.0,0.0,0.08,0.0,0.0,,0.0,,Africa,Africa,False,False,False,False,False
Congo (DRC),COD,2022,Country or economy,Net imports,False,1.33,-0.08,-5.674,8.687,-1.25,,0.0,0.0,,0.0,0.0,Africa,Africa,False,False,False,False,False
Congo (DRC),COD,2022,Country or economy,Wind and solar,True,2.11,1.06,100.952,13.782,6.382,0.02,0.1,0.05,100.0,24.049,47.393,Africa,Africa,False,False,False,False,False
Congo (DRC),COD,2022,Country or economy,"Hydro, bioenergy and other renewables",True,13.2,0.06,0.457,86.218,-6.382,2.93,0.316,0.002,0.637,75.994,23.939,Africa,Africa,False,False,False,False,False
Congo (DRC),COD,2022,Country or economy,Renewables,True,15.31,1.12,7.893,100.0,0.0,2.95,0.416,0.052,14.286,100.042,27.172,Africa,Africa,False,False,False,False,False
Congo (DRC),COD,2022,Country or economy,Clean,True,15.31,1.12,7.893,100.0,0.0,2.95,0.416,0.052,14.286,100.042,27.172,Africa,Africa,False,False,False,False,False
Congo (DRC),COD,2022,Country or economy,Fossil,True,0.0,0.0,,0.0,0.0,0.08,0.0,0.0,,0.0,,Africa,Africa,False,False,False,False,False
Congo (DRC),COD,2022,Country or economy,Total generation,True,15.31,1.12,7.893,100.0,0.0,3.03,0.416,0.052,14.286,100.042,27.172,Africa,Africa,False,False,False,False,False
Congo (DRC),COD,2022,Country or economy,Demand,True,16.64,1.04,6.667,108.687,-1.25,,,,,,,Africa,Africa,False,False,False,False,False
Congo (DRC),COD,2023,Country or economy,Solar,False,2.2,0.09,4.265,14.075,0.293,0.02,0.105,0.005,5.0,24.673,47.727,Africa,Africa,False,False,False,False,False
Congo (DRC),COD,2023,Country or economy,Wind,False,0.0,0.0,,0.0,0.0,0.0,0.0,0.0,,0.0,,Africa,Africa,False,False,False,False,False
Congo (DRC),COD,2023,Country or economy,Hydro,False,13.42,0.23,1.744,85.861,-0.292,3.19,0.319,0.006,1.917,74.959,23.77,Africa,Africa,False,False,False,False,False
Congo (DRC),COD,2023,Country or economy,Bioenergy,False,0.01,0.0,0.0,0.064,-0.001,0.0,0.002,0.0,0.0,0.47,200.0,Africa,Africa,False,False,False,False,False
Congo (DRC),COD,2023,Country or economy,Other renewables,False,0.0,0.0,,0.0,0.0,0.0,0.0,0.0,,0.0,,Africa,Africa,False,False,False,False,False
Congo (DRC),COD,2023,Country or economy,Nuclear,False,0.0,0.0,,0.0,0.0,0.0,0.0,0.0,,0.0,,Africa,Africa,False,False,False,False,False
Congo (DRC),COD,2023,Country or economy,Coal,False,0.0,0.0,,0.0,0.0,,0.0,0.0,,0.0,,Africa,Africa,False,False,False,False,False
Congo (DRC),COD,2023,Country or economy,Gas,False,0.0,0.0,,0.0,0.0,,0.0,0.0,,0.0,,Africa,Africa,False,False,False,False,False
Congo (DRC),COD,2023,Country or economy,Other fossil,False,0.0,0.0,,0.0,0.0,0.08,0.0,0.0,,0.0,,Africa,Africa,False,False,False,False,False
Congo (DRC),COD,2023,Country or economy,Net imports,False,1.44,0.11,8.271,9.213,0.526,,0.0,0.0,,0.0,0.0,Africa,Africa,False,False,False,False,False
Congo (DRC),COD,2023,Country or economy,Wind and solar,True,2.2,0.09,4.265,14.075,0.293,0.02,0.105,0.005,5.0,24.673,47.727,Africa,Africa,False,False,False,False,False
Congo (DRC),COD,2023,Country or economy,"Hydro, bioenergy and other renewables",True,13.43,0.23,1.742,85.925,-0.293,3.19,0.321,0.005,1.582,75.429,23.902,Africa,Africa,False,False,False,False,False
Congo (DRC),COD,2023,Country or economy,Renewables,True,15.63,0.32,2.09,100.0,0.0,3.21,0.426,0.01,2.404,100.102,27.255,Africa,Africa,False,False,False,False,False
Congo (DRC),COD,2023,Country or economy,Clean,True,15.63,0.32,2.09,100.0,0.0,3.21,0.426,0.01,2.404,100.102,27.255,Africa,Africa,False,False,False,False,False
Congo (DRC),COD,2023,Country or economy,Fossil,True,0.0,0.0,,0.0,0.0,0.08,0.0,0.0,,0.0,,Africa,Africa,False,False,False,False,False
Congo (DRC),COD,2023,Country or economy,Total generation,True,15.63,0.32,2.09,100.0,0.0,3.29,0.426,0.01,2.404,100.102,27.255,Africa,Africa,False,False,False,False,False
Congo (DRC),COD,2023,Country or economy,Demand,True,17.07,0.43,2.584,109.213,0.526,,,,,,,Africa,Africa,False,False,False,False,False
Congo (DRC),COD,2024,Country or economy,Solar,False,2.51,0.31,14.091,15.766,1.691,0.03,0.119,0.014,13.333,27.056,47.41,Africa,Africa,False,False,False,False,False
Congo (DRC),COD,2024,Country or economy,Wind,False,0.0,0.0,,0.0,0.0,0.0,0.0,0.0,,0.0,,Africa,Africa,False,False,False,False,False
Congo (DRC),COD,2024,Country or economy,Hydro,False,13.4,-0.02,-0.149,84.171,-1.69,3.25,0.318,-0.001,-0.313,72.302,23.731,Africa,Africa,False,False,False,False,False
Congo (DRC),COD,2024,Country or economy,Bioenergy,False,0.01,0.0,0.0,0.063,-0.001,0.0,0.002,0.0,0.0,0.455,200.0,Africa,Africa,False,False,False,False,False
Congo (DRC),COD,2024,Country or economy,Other renewables,False,0.0,0.0,,0.0,0.0,0.0,0.0,0.0,,0.0,,Africa,Africa,False,False,False,False,False
Congo (DRC),COD,2024,Country or economy,Nuclear,False,0.0,0.0,,0.0,0.0,0.0,0.0,0.0,,0.0,,Africa,Africa,False,False,False,False,False
Congo (DRC),COD,2024,Country or economy,Coal,False,0.0,0.0,,0.0,0.0,,0.0,0.0,,0.0,,Africa,Africa,False,False,False,False,False
Congo (DRC),COD,2024,Country or economy,Gas,False,0.0,0.0,,0.0,0.0,,0.0,0.0,,0.0,,Africa,Africa,False,False,False,False,False
Congo (DRC),COD,2024,Country or economy,Other fossil,False,0.0,0.0,,0.0,0.0,0.42,0.0,0.0,,0.0,,Africa,Africa,False,False,False,False,False
Congo (DRC),COD,2024,Country or economy,Net imports,False,1.44,0.0,0.0,9.045,-0.168,,0.0,0.0,,0.0,0.0,Africa,Africa,False,False,False,False,False
Congo (DRC),COD,2024,Country or economy,Wind and solar,True,2.51,0.31,14.091,15.766,1.691,0.03,0.119,0.014,13.333,27.056,47.41,Africa,Africa,False,False,False,False,False
Congo (DRC),COD,2024,Country or economy,"Hydro, bioenergy and other renewables",True,13.41,-0.02,-0.149,84.234,-1.691,3.25,0.321,0.0,0.0,72.984,23.937,Africa,Africa,False,False,False,False,False
Congo (DRC),COD,2024,Country or economy,Renewables,True,15.92,0.29,1.855,100.0,0.0,3.28,0.44,0.014,3.286,100.041,27.638,Africa,Africa,False,False,False,False,False
Congo (DRC),COD,2024,Country or economy,Clean,True,15.92,0.29,1.855,100.0,0.0,3.28,0.44,0.014,3.286,100.041,27.638,Africa,Africa,False,False,False,False,False
Congo (DRC),COD,2024,Country or economy,Fossil,True,0.0,0.0,,0.0,0.0,0.42,0.0,0.0,,0.0,,Africa,Africa,False,False,False,False,False
Congo (DRC),COD,2024,Country or economy,Total generation,True,15.92,0.29,1.855,100.0,0.0,3.7,0.44,0.014,3.286,100.041,27.638,Africa,Africa,False,False,False,False,False
Congo (DRC),COD,2024,Country or economy,Demand,True,17.36,0.29,1.699,109.045,-0.168,,,,,,,Africa,Africa,False,False,False,False,False
Equatorial Guinea,GNQ,2000,Country or economy,Solar,False,0.0,,,0.0,,0.0,0.0,,,0.0,,Africa,Africa,False,False,False,False,False
Equatorial Guinea,GNQ,2000,Country or economy,Wind,False,0.0,,,0.0,,0.0,0.0,,,0.0,,Africa,Africa,False,False,False,False,False
Equatorial Guinea,GNQ,2000,Country or economy,Hydro,False,0.01,,,20.0,,0.01,0.0,,,0.0,0.0,Africa,Africa,False,False,False,False,False
Equatorial Guinea,GNQ,2000,Country or economy,Bioenergy,False,0.0,,,0.0,,0.0,0.0,,,0.0,,Africa,Africa,False,False,False,False,False
Equatorial Guinea,GNQ,2000,Country or economy,Other renewables,False,0.0,,,0.0,,0.0,0.0,,,0.0,,Africa,Africa,False,False,False,False,False
Equatorial Guinea,GNQ,2000,Country or economy,Nuclear,False,0.0,,,0.0,,0.0,0.0,,,0.0,,Africa,Africa,False,False,False,False,False
Equatorial Guinea,GNQ,2000,Country or economy,Coal,False,0.0,,,0.0,,,0.0,,,0.0,,Africa,Africa,False,False,False,False,False
Equatorial Guinea,GNQ,2000,Country or economy,Gas,False,0.03,,,60.0,,0.03,0.026,,,78.843,866.667,Africa,Africa,False,False,False,False,False
Equatorial Guinea,GNQ,2000,Country or economy,Other fossil,False,0.01,,,20.0,,0.0,0.007,,,21.227,700.0,Africa,Africa,False,False,False,False,False
Equatorial Guinea,GNQ,2000,Country or economy,Net imports,False,0.0,,,0.0,,,0.0,,,0.0,,Africa,Africa,False,False,False,False,False
Equatorial Guinea,GNQ,2000,Country or economy,Wind and solar,True,0.0,,,0.0,,0.0,0.0,,,0.0,,Africa,Africa,False,False,False,False,False
Equatorial Guinea,GNQ,2000,Country or economy,"Hydro, bioenergy and other renewables",True,0.01,,,20.0,,0.01,0.0,,,0.0,0.0,Africa,Africa,False,False,False,False,False
Equatorial Guinea,GNQ,2000,Country or economy,Renewables,True,0.01,,,20.0,,0.01,0.0,,,0.0,0.0,Africa,Africa,False,False,False,False,False
Equatorial Guinea,GNQ,2000,Country or economy,Clean,True,0.01,,,20.0,,0.01,0.0,,,0.0,0.0,Africa,Africa,False,False,False,False,False
Equatorial Guinea,GNQ,2000,Country or economy,Fossil,True,0.04,,,80.0,,0.03,0.033,,,100.07,825.0,Africa,Africa,False,False,False,False,False
Equatorial Guinea,GNQ,2000,Country or economy,Total generation,True,0.05,,,100.0,,0.04,0.033,,,100.07,660.0,Africa,Africa,False,False,False,False,False
Equatorial Guinea,GNQ,2000,Country or economy,Demand,True,0.05,,,100.0,,,,,,,,Africa,Africa,False,False,False,False,False
Equatorial Guinea,GNQ,2001,Country or economy,Solar,False,0.0,0.0,,0.0,0.0,0.0,0.0,0.0,,0.0,,Africa,Africa,False,False,False,False,False
Equatorial Guinea,GNQ,2001,Country or economy,Wind,False,0.0,0.0,,0.0,0.0,0.0,0.0,0.0,,0.0,,Africa,Africa,False,False,False,False,False
Equatorial Guinea,GNQ,2001,Country or economy,Hydro,False,0.01,0.0,0.0,16.667,-3.333,0.01,0.0,0.0,,0.0,0.0,Africa,Africa,False,False,False,False,False
Equatorial Guinea,GNQ,2001,Country or economy,Bioenergy,False,0.0,0.0,,0.0,0.0,0.0,0.0,0.0,,0.0,,Africa,Africa,False,False,False,False,False
Equatorial Guinea,GNQ,2001,Country or economy,Other renewables,False,0.0,0.0,,0.0,0.0,0.0,0.0,0.0,,0.0,,Africa,Africa,False,False,False,False,False
Equatorial Guinea,GNQ,2001,Country or economy,Nuclear,False,0.0,0.0,,0.0,0.0,0.0,0.0,0.0,,0.0,,Africa,Africa,False,False,False,False,False
Equatorial Guinea,GNQ,2001,Country or economy,Coal,False,0.0,0.0,,0.0,0.0,,0.0,0.0,,0.0,,Africa,Africa,False,False,False,False,False
Equatorial Guinea,GNQ,2001,Country or economy,Gas,False,0.04,0.01,33.333,66.667,6.667,0.03,0.035,0.009,34.615,83.94,875.0,Africa,Africa,False,False,False,False,False
Equatorial Guinea,GNQ,2001,Country or economy,Other fossil,False,0.01,0.0,0.0,16.667,-3.333,0.0,0.007,0.0,0.0,16.788,700.0,Africa,Africa,False,False,False,False,False
Equatorial Guinea,GNQ,2001,Country or economy,Net imports,False,0.0,0.0,,0.0,0.0,,0.0,0.0,,0.0,,Africa,Africa,False,False,False,False,False
Equatorial Guinea,GNQ,2001,Country or economy,Wind and solar,True,0.0,0.0,,0.0,0.0,0.0,0.0,0.0,,0.0,,Africa,Africa,False,False,False,False,False
Equatorial Guinea,GNQ,2001,Country or economy,"Hydro, bioenergy and other renewables",True,0.01,0.0,0.0,16.667,-3.333,0.01,0.0,0.0,,0.0,0.0,Africa,Africa,False,False,False,False,False
Equatorial Guinea,GNQ,2001,Country or economy,Renewables,True,0.01,0.0,0.0,16.667,-3.333,0.01,0.0,0.0,,0.0,0.0,Africa,Africa,False,False,False,False,False
Equatorial Guinea,GNQ,2001,Country or economy,Clean,True,0.01,0.0,0.0,16.667,-3.333,0.01,0.0,0.0,,0.0,0.0,Africa,Africa,False,False,False,False,False
Equatorial Guinea,GNQ,2001,Country or economy,Fossil,True,0.05,0.01,25.0,83.333,3.333,0.03,0.041,0.008,24.242,98.329,820.0,Africa,Africa,False,False,False,False,False
Equatorial Guinea,GNQ,2001,Country or economy,Total generation,True,0.06,0.01,20.0,100.0,0.0,0.04,0.042,0.009,27.273,100.727,700.0,Africa,Africa,False,False,False,False,False
Equatorial Guinea,GNQ,2001,Country or economy,Demand,True,0.06,0.01,20.0,100.0,0.0,,,,,,,Africa,Africa,False,False,False,False,False
Equatorial Guinea,GNQ,2002,Country or economy,Solar,False,0.0,0.0,,0.0,0.0,0.0,0.0,0.0,,0.0,,Africa,Africa,False,False,False,False,False
Equatorial Guinea,GNQ,2002,Country or economy,Wind,False,0.0,0.0,,0.0,0.0,0.0,0.0,0.0,,0.0,,Africa,Africa,False,False,False,False,False
Equatorial Guinea,GNQ,2002,Country or economy,Hydro,False,0.01,0.0,0.0,14.286,-2.381,0.01,0.0,0.0,,0.0,0.0,Africa,Africa,False,False,False,False,False
Equatorial Guinea,GNQ,2002,Country or economy,Bioenergy,False,0.0,0.0,,0.0,0.0,0.0,0.0,0.0,,0.0,,Africa,Africa,False,False,False,False,False
Equatorial Guinea,GNQ,2002,Country or economy,Other renewables,False,0.0,0.0,,0.0,0.0,0.0,0.0,0.0,,0.0,,Africa,Africa,False,False,False,False,False
Equatorial Guinea,GNQ,2002,Country or economy,Nuclear,False,0.0,0.0,,0.0,0.0,0.0,0.0,0.0,,0.0,,Africa,Africa,False,False,False,False,False
Equatorial Guinea,GNQ,2002,Country or economy,Coal,False,0.0,0.0,,0.0,0.0,,0.0,0.0,,0.0,,Africa,Africa,False,False,False,False,False
Equatorial Guinea,GNQ,2002,Country or economy,Gas,False,0.05,0.01,25.0,71.429,4.762,0.03,0.044,0.009,25.714,87.273,880.0,Africa,Africa,False,False,False,False,False
Equatorial Guinea,GNQ,2002,Country or economy,Other fossil,False,0.01,0.0,0.0,14.286,-2.381,0.0,0.007,0.0,0.0,13.884,700.0,Africa,Africa,False,False,False,False,False
Equatorial Guinea,GNQ,2002,Country or economy,Net imports,False,0.0,0.0,,0.0,0.0,,0.0,0.0,,0.0,,Africa,Africa,False,False,False,False,False
Equatorial Guinea,GNQ,2002,Country or economy,Wind and solar,True,0.0,0.0,,0.0,0.0,0.0,0.0,0.0,,0.0,,Africa,Africa,False,False,False,False,False
Equatorial Guinea,GNQ,2002,Country or economy,"Hydro, bioenergy and other renewables",True,0.01,0.0,0.0,14.286,-2.381,0.01,0.0,0.0,,0.0,0.0,Africa,Africa,False,False,False,False,False
Equatorial Guinea,GNQ,2002,Country or economy,Renewables,True,0.01,0.0,0.0,14.286,-2.381,0.01,0.0,0.0,,0.0,0.0,Africa,Africa,False,False,False,False,False
Equatorial Guinea,GNQ,2002,Country or economy,Clean,True,0.01,0.0,0.0,14.286,-2.381,0.01,0.0,0.0,,0.0,0.0,Africa,Africa,False,False,False,False,False
Equatorial Guinea,GNQ,2002,Country or economy,Fossil,True,0.06,0.01,20.0,85.714,2.381,0.03,0.05,0.009,21.951,99.174,833.333,Africa,Africa,False,False,False,False,False
Equatorial Guinea,GNQ,2002,Country or economy,Total generation,True,0.07,0.01,16.667,100.0,0.0,0.04,0.05,0.008,19.048,99.174,714.286,Africa,Africa,False,False,False,False,False
Equatorial Guinea,GNQ,2002,Country or economy,Demand,True,0.07,0.01,16.667,100.0,0.0,,,,,,,Africa,Africa,False,False,False,False,False
Equatorial Guinea,GNQ,2003,Country or economy,Solar,False,0.0,0.0,,0.0,0.0,0.0,0.0,0.0,,0.0,,Africa,Africa,False,False,False,False,False
Equatorial Guinea,GNQ,2003,Country or economy,Wind,False,0.0,0.0,,0.0,0.0,0.0,0.0,0.0,,0.0,,Africa,Africa,False,False,False,False,False
Equatorial Guinea,GNQ,2003,Country or economy,Hydro,False,0.01,0.0,0.0,14.286,0.0,0.01,0.0,0.0,,0.0,0.0,Africa,Africa,False,False,False,False,False
Equatorial Guinea,GNQ,2003,Country or economy,Bioenergy,False,0.0,0.0,,0.0,0.0,0.0,0.0,0.0,,0.0,,Africa,Africa,False,False,False,False,False
Equatorial Guinea,GNQ,2003,Country or economy,Other renewables,False,0.0,0.0,,0.0,0.0,0.0,0.0,0.0,,0.0,,Africa,Africa,False,False,False,False,False
Equatorial Guinea,GNQ,2003,Country or economy,Nuclear,False,0.0,0.0,,0.0,0.0,0.0,0.0,0.0,,0.0,,Africa,Africa,False,False,False,False,False
Equatorial Guinea,GNQ,2003,Country or economy,Coal,False,0.0,0.0,,0.0,0.0,,0.0,0.0,,0.0,,Africa,Africa,False,False,False,False,False
Equatorial Guinea,GNQ,2003,Country or economy,Gas,False,0.05,0.0,0.0,71.429,0.0,0.03,0.044,0.0,0.0,87.273,880.0,Africa,Africa,False,False,False,False,False
Equatorial Guinea,GNQ,2003,Country or economy,Other fossil,False,0.01,0.0,0.0,14.286,0.0,0.0,0.007,0.0,0.0,13.884,700.0,Africa,Africa,False,False,False,False,False
Equatorial Guinea,GNQ,2003,Country or economy,Net imports,False,0.0,0.0,,0.0,0.0,,0.0,0.0,,0.0,,Africa,Africa,False,False,False,False,False
Equatorial Guinea,GNQ,2003,Country or economy,Wind and solar,True,0.0,0.0,,0.0,0.0,0.0,0.0,0.0,,0.0,,Africa,Africa,False,False,False,False,False
Equatorial Guinea,GNQ,2003,Country or economy,"Hydro, bioenergy and other renewables",True,0.01,0.0,0.0,14.286,0.0,0.01,0.0,0.0,,0.0,0.0,Africa,Africa,False,False,False,False,False
Equatorial Guinea,GNQ,2003,Country or economy,Renewables,True,0.01,0.0,0.0,14.286,0.0,0.01,0.0,0.0,,0.0,0.0,Africa,Africa,False,False,False,False,False
Equatorial Guinea,GNQ,2003,Country or economy,Clean,True,0.01,0.0,0.0,14.286,0.0,0.01,0.0,0.0,,0.0,0.0,Africa,Africa,False,False,False,False,False
Equatorial Guinea,GNQ,2003,Country or economy,Fossil,True,0.06,0.0,0.0,85.714,0.0,0.03,0.05,0.0,0.0,99.174,833.333,Africa,Africa,False,False,False,False,False
Equatorial Guinea,GNQ,2003,Country or economy,Total generation,True,0.07,0.0,0.0,100.0,0.0,0.04,0.05,0.0,0.0,99.174,714.286,Africa,Africa,False,False,False,False,False
Equatorial Guinea,GNQ,2003,Country or economy,Demand,True,0.07,0.0,0.0,100.0,0.0,,,,,,,Africa,Africa,False,False,False,False,False
Equatorial Guinea,GNQ,2004,Country or economy,Solar,False,0.0,0.0,,0.0,0.0,0.0,0.0,0.0,,0.0,,Africa,Africa,False,False,False,False,False
Equatorial Guinea,GNQ,2004,Country or economy,Wind,False,0.0,0.0,,0.0,0.0,0.0,0.0,0.0,,0.0,,Africa,Africa,False,False,False,False,False
Equatorial Guinea,GNQ,2004,Country or economy,Hydro,False,0.01,0.0,0.0,11.111,-3.175,0.01,0.0,0.0,,0.0,0.0,Africa,Africa,False,False,False,False,False
Equatorial Guinea,GNQ,2004,Country or economy,Bioenergy,False,0.0,0.0,,0.0,0.0,0.0,0.0,0.0,,0.0,,Africa,Africa,False,False,False,False,False
Equatorial Guinea,GNQ,2004,Country or economy,Other renewables,False,0.0,0.0,,0.0,0.0,0.0,0.0,0.0,,0.0,,Africa,Africa,False,False,False,False,False
Equatorial Guinea,GNQ,2004,Country or economy,Nuclear,False,0.0,0.0,,0.0,0.0,0.0,0.0,0.0,,0.0,,Africa,Africa,False,False,False,False,False
Equatorial Guinea,GNQ,2004,Country or economy,Coal,False,0.0,0.0,,0.0,0.0,,0.0,0.0,,0.0,,Africa,Africa,False,False,False,False,False
Equatorial Guinea,GNQ,2004,Country or economy,Gas,False,0.07,0.02,40.0,77.778,6.349,0.03,0.061,0.017,38.636,89.896,871.429,Africa,Africa,False,False,False,False,False
Equatorial Guinea,GNQ,2004,Country or economy,Other fossil,False,0.01,0.0,0.0,11.111,-3.175,0.0,0.007,0.0,0.0,10.316,700.0,Africa,Africa,False,False,False,False,False
Equatorial Guinea,GNQ,2004,Country or economy,Net imports,False,0.0,0.0,,0.0,0.0,,0.0,0.0,,0.0,,Africa,Africa,False,False,False,False,False
Equatorial Guinea,GNQ,2004,Country or economy,Wind and solar,True,0.0,0.0,,0.0,0.0,0.0,0.0,0.0,,0.0,,Africa,Africa,False,False,False,False,False
Equatorial Guinea,GNQ,2004,Country or economy,"Hydro, bioenergy and other renewables",True,0.01,0.0,0.0,11.111,-3.175,0.01,0.0,0.0,,0.0,0.0,Africa,Africa,False,False,False,False,False
Equatorial Guinea,GNQ,2004,Country or economy,Renewables,True,0.01,0.0,0.0,11.111,-3.175,0.01,0.0,0.0,,0.0,0.0,Africa,Africa,False,False,False,False,False
Equatorial Guinea,GNQ,2004,Country or economy,Clean,True,0.01,0.0,0.0,11.111,-3.175,0.01,0.0,0.0,,0.0,0.0,Africa,Africa,False,False,False,False,False
Equatorial Guinea,GNQ,2004,Country or economy,Fossil,True,0.08,0.02,33.333,88.889,3.175,0.03,0.068,0.018,36.0,100.212,850.0,Africa,Africa,False,False,False,False,False
Equatorial Guinea,GNQ,2004,Country or economy,Total generation,True,0.09,0.02,28.571,100.0,0.0,0.04,0.068,0.018,36.0,100.212,755.556,Africa,Africa,False,False,False,False,False
Equatorial Guinea,GNQ,2004,Country or economy,Demand,True,0.09,0.02,28.571,100.0,0.0,,,,,,,Africa,Africa,False,False,False,False,False
Equatorial Guinea,GNQ,2005,Country or economy,Solar,False,0.0,0.0,,0.0,0.0,0.0,0.0,0.0,,0.0,,Africa,Africa,False,False,False,False,False
Equatorial Guinea,GNQ,2005,Country or economy,Wind,False,0.0,0.0,,0.0,0.0,0.0,0.0,0.0,,0.0,,Africa,Africa,False,False,False,False,False
Equatorial Guinea,GNQ,2005,Country or economy,Hydro,False,0.01,0.0,0.0,10.0,-1.111,0.01,0.0,0.0,,0.0,0.0,Africa,Africa,False,False,False,False,False
Equatorial Guinea,GNQ,2005,Country or economy,Bioenergy,False,0.0,0.0,,0.0,0.0,0.0,0.0,0.0,,0.0,,Africa,Africa,False,False,False,False,False
Equatorial Guinea,GNQ,2005,Country or economy,Other renewables,False,0.0,0.0,,0.0,0.0,0.0,0.0,0.0,,0.0,,Africa,Africa,False,False,False,False,False
Equatorial Guinea,GNQ,2005,Country or economy,Nuclear,False,0.0,0.0,,0.0,0.0,0.0,0.0,0.0,,0.0,,Africa,Africa,False,False,False,False,False
Equatorial Guinea,GNQ,2005,Country or economy,Coal,False,0.0,0.0,,0.0,0.0,,0.0,0.0,,0.0,,Africa,Africa,False,False,False,False,False
Equatorial Guinea,GNQ,2005,Country or economy,Gas,False,0.08,0.01,14.286,80.0,2.222,0.03,0.07,0.009,14.754,91.413,875.0,Africa,Africa,False,False,False,False,False
Equatorial Guinea,GNQ,2005,Country or economy,Other fossil,False,0.01,0.0,0.0,10.0,-1.111,0.0,0.007,0.0,0.0,9.141,700.0,Africa,Africa,False,False,False,False,False
Equatorial Guinea,GNQ,2005,Country or economy,Net imports,False,0.0,0.0,,0.0,0.0,,0.0,0.0,,0.0,,Africa,Africa,False,False,False,False,False
Equatorial Guinea,GNQ,2005,Country or economy,Wind and solar,True,0.0,0.0,,0.0,0.0,0.0,0.0,0.0,,0.0,,Africa,Africa,False,False,False,False,False
Equatorial Guinea,GNQ,2005,Country or economy,"Hydro, bioenergy and other renewables",True,0.01,0.0,0.0,10.0,-1.111,0.01,0.0,0.0,,0.0,0.0,Africa,Africa,False,False,False,False,False
Equatorial Guinea,GNQ,2005,Country or economy,Renewables,True,0.01,0.0,0.0,10.0,-1.111,0.01,0.0,0.0,,0.0,0.0,Africa,Africa,False,False,False,False,False
Equatorial Guinea,GNQ,2005,Country or economy,Clean,True,0.01,0.0,0.0,10.0,-1.111,0.01,0.0,0.0,,0.0,0.0,Africa,Africa,False,False,False,False,False
Equatorial Guinea,GNQ,2005,Country or economy,Fossil,True,0.09,0.01,12.5,90.0,1.111,0.03,0.076,0.008,11.765,99.248,844.444,Africa,Africa,False,False,False,False,False
Equatorial Guinea,GNQ,2005,Country or economy,Total generation,True,0.1,0.01,11.111,100.0,0.0,0.04,0.077,0.009,13.235,100.554,770.0,Africa,Africa,False,False,False,False,False
Equatorial Guinea,GNQ,2005,Country or economy,Demand,True,0.1,0.01,11.111,100.0,0.0,,,,,,,Africa,Africa,False,False,False,False,False
Equatorial Guinea,GNQ,2006,Country or economy,Solar,False,0.0,0.0,,0.0,0.0,0.0,0.0,0.0,,0.0,,Africa,Africa,False,False,False,False,False
Equatorial Guinea,GNQ,2006,Country or economy,Wind,False,0.0,0.0,,0.0,0.0,0.0,0.0,0.0,,0.0,,Africa,Africa,False,False,False,False,False
Equatorial Guinea,GNQ,2006,Country or economy,Hydro,False,0.01,0.0,0.0,9.091,-0.909,0.01,0.0,0.0,,0.0,0.0,Africa,Africa,False,False,False,False,False
Equatorial Guinea,GNQ,2006,Country or economy,Bioenergy,False,0.0,0.0,,0.0,0.0,0.0,0.0,0.0,,0.0,,Africa,Africa,False,False,False,False,False
Equatorial Guinea,GNQ,2006,Country or economy,Other renewables,False,0.0,0.0,,0.0,0.0,0.0,0.0,0.0,,0.0,,Africa,Africa,False,False,False,False,False
Equatorial Guinea,GNQ,2006,Country or economy,Nuclear,False,0.0,0.0,,0.0,0.0,0.0,0.0,0.0,,0.0,,Africa,Africa,False,False,False,False,False
Equatorial Guinea,GNQ,2006,Country or economy,Coal,False,0.0,0.0,,0.0,0.0,,0.0,0.0,,0.0,,Africa,Africa,False,False,False,False,False
Equatorial Guinea,GNQ,2006,Country or economy,Gas,False,0.09,0.01,12.5,81.818,1.818,0.03,0.078,0.008,11.429,91.447,866.667,Africa,Africa,False,False,False,False,False
Equatorial Guinea,GNQ,2006,Country or economy,Other fossil,False,0.01,0.0,0.0,9.091,-0.909,0.0,0.007,0.0,0.0,8.207,700.0,Africa,Africa,False,False,False,False,False
Equatorial Guinea,GNQ,2006,Country or economy,Net imports,False,0.0,0.0,,0.0,0.0,,0.0,0.0,,0.0,,Africa,Africa,False,False,False,False,False
Equatorial Guinea,GNQ,2006,Country or economy,Wind and solar,True,0.0,0.0,,0.0,0.0,0.0,0.0,0.0,,0.0,,Africa,Africa,False,False,False,False,False
Equatorial Guinea,GNQ,2006,Country or economy,"Hydro, bioenergy and other renewables",True,0.01,0.0,0.0,9.091,-0.909,0.01,0.0,0.0,,0.0,0.0,Africa,Africa,False,False,False,False,False
Equatorial Guinea,GNQ,2006,Country or economy,Renewables,True,0.01,0.0,0.0,9.091,-0.909,0.01,0.0,0.0,,0.0,0.0,Africa,Africa,False,False,False,False,False
Equatorial Guinea,GNQ,2006,Country or economy,Clean,True,0.01,0.0,0.0,9.091,-0.909,0.01,0.0,0.0,,0.0,0.0,Africa,Africa,False,False,False,False,False
Equatorial Guinea,GNQ,2006,Country or economy,Fossil,True,0.1,0.01,11.111,90.909,0.909,0.03,0.085,0.009,11.842,99.654,850.0,Africa,Africa,False,False,False,False,False
Equatorial Guinea,GNQ,2006,Country or economy,Total generation,True,0.11,0.01,10.0,100.0,0.0,0.04,0.085,0.008,10.39,99.654,772.727,Africa,Africa,False,False,False,False,False
Equatorial Guinea,GNQ,2006,Country or economy,Demand,True,0.11,0.01,10.0,100.0,0.0,,,,,,,Africa,Africa,False,False,False,False,False
Equatorial Guinea,GNQ,2007,Country or economy,Solar,False,0.0,0.0,,0.0,0.0,0.0,0.0,0.0,,0.0,,Africa,Africa,False,False,False,False,False
Equatorial Guinea,GNQ,2007,Country or economy,Wind,False,0.0,0.0,,0.0,0.0,0.0,0.0,0.0,,0.0,,Africa,Africa,False,False,False,False,False
Equatorial Guinea,GNQ,2007,Country or economy,Hydro,False,0.01,0.0,0.0,7.692,-1.399,0.01,0.0,0.0,,0.0,0.0,Africa,Africa,False,False,False,False,False
Equatorial Guinea,GNQ,2007,Country or economy,Bioenergy,False,0.0,0.0,,0.0,0.0,0.0,0.0,0.0,,0.0,,Africa,Africa,False,False,False,False,False
Equatorial Guinea,GNQ,2007,Country or economy,Other renewables,False,0.0,0.0,,0.0,0.0,0.0,0.0,0.0,,0.0,,Africa,Africa,False,False,False,False,False
Equatorial Guinea,GNQ,2007,Country or economy,Nuclear,False,0.0,0.0,,0.0,0.0,0.0,0.0,0.0,,0.0,,Africa,Africa,False,False,False,False,False
Equatorial Guinea,GNQ,2007,Country or economy,Coal,False,0.0,0.0,,0.0,0.0,,0.0,0.0,,0.0,,Africa,Africa,False,False,False,False,False
Equatorial Guinea,GNQ,2007,Country or economy,Gas,False,0.11,0.02,22.222,84.615,2.797,0.03,0.096,0.018,23.077,93.444,872.727,Africa,Africa,False,False,False,False,False
Equatorial Guinea,GNQ,2007,Country or economy,Other fossil,False,0.01,0.0,0.0,7.692,-1.399,0.03,0.007,0.0,0.0,6.814,700.0,Africa,Africa,False,False,False,False,False
Equatorial Guinea,GNQ,2007,Country or economy,Net imports,False,0.0,0.0,,0.0,0.0,,0.0,0.0,,0.0,,Africa,Africa,False,False,False,False,False
Equatorial Guinea,GNQ,2007,Country or economy,Wind and solar,True,0.0,0.0,,0.0,0.0,0.0,0.0,0.0,,0.0,,Africa,Africa,False,False,False,False,False
Equatorial Guinea,GNQ,2007,Country or economy,"Hydro, bioenergy and other renewables",True,0.01,0.0,0.0,7.692,-1.399,0.01,0.0,0.0,,0.0,0.0,Africa,Africa,False,False,False,False,False
Equatorial Guinea,GNQ,2007,Country or economy,Renewables,True,0.01,0.0,0.0,7.692,-1.399,0.01,0.0,0.0,,0.0,0.0,Africa,Africa,False,False,False,False,False
Equatorial Guinea,GNQ,2007,Country or economy,Clean,True,0.01,0.0,0.0,7.692,-1.399,0.01,0.0,0.0,,0.0,0.0,Africa,Africa,False,False,False,False,False
Equatorial Guinea,GNQ,2007,Country or economy,Fossil,True,0.12,0.02,20.0,92.308,1.399,0.06,0.102,0.017,20.0,99.284,850.0,Africa,Africa,False,False,False,False,False
Equatorial Guinea,GNQ,2007,Country or economy,Total generation,True,0.13,0.02,18.182,100.0,0.0,0.07,0.103,0.018,21.176,100.258,792.308,Africa,Africa,False,False,False,False,False
Equatorial Guinea,GNQ,2007,Country or economy,Demand,True,0.13,0.02,18.182,100.0,0.0,,,,,,,Africa,Africa,False,False,False,False,False
Equatorial Guinea,GNQ,2008,Country or economy,Solar,False,0.0,0.0,,0.0,0.0,0.0,0.0,0.0,,0.0,,Africa,Africa,False,False,False,False,False
Equatorial Guinea,GNQ,2008,Country or economy,Wind,False,0.0,0.0,,0.0,0.0,0.0,0.0,0.0,,0.0,,Africa,Africa,False,False,False,False,False
Equatorial Guinea,GNQ,2008,Country or economy,Hydro,False,0.05,0.04,400.0,25.0,17.308,0.01,0.001,0.001,,0.77,20.0,Africa,Africa,False,False,False,False,False
Equatorial Guinea,GNQ,2008,Country or economy,Bioenergy,False,0.0,0.0,,0.0,0.0,0.0,0.0,0.0,,0.0,,Africa,Africa,False,False,False,False,False
Equatorial Guinea,GNQ,2008,Country or economy,Other renewables,False,0.0,0.0,,0.0,0.0,0.0,0.0,0.0,,0.0,,Africa,Africa,False,False,False,False,False
Equatorial Guinea,GNQ,2008,Country or economy,Nuclear,False,0.0,0.0,,0.0,0.0,0.0,0.0,0.0,,0.0,,Africa,Africa,False,False,False,False,False
Equatorial Guinea,GNQ,2008,Country or economy,Coal,False,0.0,0.0,,0.0,0.0,,0.0,0.0,,0.0,,Africa,Africa,False,False,False,False,False
Equatorial Guinea,GNQ,2008,Country or economy,Gas,False,0.14,0.03,27.273,70.0,-14.615,0.03,0.122,0.026,27.083,93.958,871.429,Africa,Africa,False,False,False,False,False
Equatorial Guinea,GNQ,2008,Country or economy,Other fossil,False,0.01,0.0,0.0,5.0,-2.692,0.03,0.007,0.0,0.0,5.391,700.0,Africa,Africa,False,False,False,False,False
Equatorial Guinea,GNQ,2008,Country or economy,Net imports,False,0.0,0.0,,0.0,0.0,,0.0,0.0,,0.0,,Africa,Africa,False,False,False,False,False
Equatorial Guinea,GNQ,2008,Country or economy,Wind and solar,True,0.0,0.0,,0.0,0.0,0.0,0.0,0.0,,0.0,,Africa,Africa,False,False,False,False,False
Equatorial Guinea,GNQ,2008,Country or economy,"Hydro, bioenergy and other renewables",True,0.05,0.04,400.0,25.0,17.308,0.01,0.001,0.001,,0.77,20.0,Africa,Africa,False,False,False,False,False
Equatorial Guinea,GNQ,2008,Country or economy,Renewables,True,0.05,0.04,400.0,25.0,17.308,0.01,0.001,0.001,,0.77,20.0,Africa,Africa,False,False,False,False,False
Equatorial Guinea,GNQ,2008,Country or economy,Clean,True,0.05,0.04,400.0,25.0,17.308,0.01,0.001,0.001,,0.77,20.0,Africa,Africa,False,False,False,False,False
Equatorial Guinea,GNQ,2008,Country or economy,Fossil,True,0.15,0.03,25.0,75.0,-17.308,0.06,0.129,0.027,26.471,99.349,860.0,Africa,Africa,False,False,False,False,False
Equatorial Guinea,GNQ,2008,Country or economy,Total generation,True,0.2,0.07,53.846,100.0,0.0,0.07,0.13,0.027,26.214,100.12,650.0,Africa,Africa,False,False,False,False,False
Equatorial Guinea,GNQ,2008,Country or economy,Demand,True,0.2,0.07,53.846,100.0,0.0,,,,,,,Africa,Africa,False,False,False,False,False
Equatorial Guinea,GNQ,2009,Country or economy,Solar,False,0.0,0.0,,0.0,0.0,0.0,0.0,0.0,,0.0,,Africa,Africa,False,False,False,False,False
Equatorial Guinea,GNQ,2009,Country or economy,Wind,False,0.0,0.0,,0.0,0.0,0.0,0.0,0.0,,0.0,,Africa,Africa,False,False,False,False,False
Equatorial Guinea,GNQ,2009,Country or economy,Hydro,False,0.05,0.0,0.0,22.727,-2.273,0.01,0.001,0.0,0.0,0.679,20.0,Africa,Africa,False,False,False,False,False
Equatorial Guinea,GNQ,2009,Country or economy,Bioenergy,False,0.0,0.0,,0.0,0.0,0.0,0.0,0.0,,0.0,,Africa,Africa,False,False,False,False,False
Equatorial Guinea,GNQ,2009,Country or economy,Other renewables,False,0.0,0.0,,0.0,0.0,0.0,0.0,0.0,,0.0,,Africa,Africa,False,False,False,False,False
Equatorial Guinea,GNQ,2009,Country or economy,Nuclear,False,0.0,0.0,,0.0,0.0,0.0,0.0,0.0,,0.0,,Africa,Africa,False,False,False,False,False
Equatorial Guinea,GNQ,2009,Country or economy,Coal,False,0.0,0.0,,0.0,0.0,,0.0,0.0,,0.0,,Africa,Africa,False,False,False,False,False
Equatorial Guinea,GNQ,2009,Country or economy,Gas,False,0.16,0.02,14.286,72.727,2.727,0.03,0.14,0.018,14.754,95.054,875.0,Africa,Africa,False,False,False,False,False
Equatorial Guinea,GNQ,2009,Country or economy,Other fossil,False,0.01,0.0,0.0,4.545,-0.455,0.03,0.007,0.0,0.0,4.753,700.0,Africa,Africa,False,False,False,False,False
Equatorial Guinea,GNQ,2009,Country or economy,Net imports,False,0.0,0.0,,0.0,0.0,,0.0,0.0,,0.0,,Africa,Africa,False,False,False,False,False
Equatorial Guinea,GNQ,2009,Country or economy,Wind and solar,True,0.0,0.0,,0.0,0.0,0.0,0.0,0.0,,0.0,,Africa,Africa,False,False,False,False,False
Equatorial Guinea,GNQ,2009,Country or economy,"Hydro, bioenergy and other renewables",True,0.05,0.0,0.0,22.727,-2.273,0.01,0.001,0.0,0.0,0.679,20.0,Africa,Africa,False,False,False,False,False
Equatorial Guinea,GNQ,2009,Country or economy,Renewables,True,0.05,0.0,0.0,22.727,-2.273,0.01,0.001,0.0,0.0,0.679,20.0,Africa,Africa,False,False,False,False,False
Equatorial Guinea,GNQ,2009,Country or economy,Clean,True,0.05,0.0,0.0,22.727,-2.273,0.01,0.001,0.0,0.0,0.679,20.0,Africa,Africa,False,False,False,False,False
Equatorial Guinea,GNQ,2009,Country or economy,Fossil,True,0.17,0.02,13.333,77.273,2.273,0.06,0.146,0.017,13.178,99.128,858.824,Africa,Africa,False,False,False,False,False
Equatorial Guinea,GNQ,2009,Country or economy,Total generation,True,0.22,0.02,10.0,100.0,0.0,0.07,0.147,0.017,13.077,99.807,668.182,Africa,Africa,False,False,False,False,False
Equatorial Guinea,GNQ,2009,Country or economy,Demand,True,0.22,0.02,10.0,100.0,0.0,,,,,,,Africa,Africa,False,False,False,False,False
Equatorial Guinea,GNQ,2010,Country or economy,Solar,False,0.0,0.0,,0.0,0.0,0.0,0.0,0.0,,0.0,,Africa,Africa,False,False,False,False,False
Equatorial Guinea,GNQ,2010,Country or economy,Wind,False,0.0,0.0,,0.0,0.0,0.0,0.0,0.0,,0.0,,Africa,Africa,False,False,False,False,False
Equatorial Guinea,GNQ,2010,Country or economy,Hydro,False,0.03,-0.02,-40.0,13.636,-9.091,0.01,0.001,0.0,0.0,0.609,33.333,Africa,Africa,False,False,False,False,False
Equatorial Guinea,GNQ,2010,Country or economy,Bioenergy,False,0.0,0.0,,0.0,0.0,0.0,0.0,0.0,,0.0,,Africa,Africa,False,False,False,False,False
Equatorial Guinea,GNQ,2010,Country or economy,Other renewables,False,0.0,0.0,,0.0,0.0,0.0,0.0,0.0,,0.0,,Africa,Africa,False,False,False,False,False
Equatorial Guinea,GNQ,2010,Country or economy,Nuclear,False,0.0,0.0,,0.0,0.0,0.0,0.0,0.0,,0.0,,Africa,Africa,False,False,False,False,False
Equatorial Guinea,GNQ,2010,Country or economy,Coal,False,0.0,0.0,,0.0,0.0,,0.0,0.0,,0.0,,Africa,Africa,False,False,False,False,False
Equatorial Guinea,GNQ,2010,Country or economy,Gas,False,0.18,0.02,12.5,81.818,9.091,0.03,0.157,0.017,12.143,95.587,872.222,Africa,Africa,False,False,False,False,False
Equatorial Guinea,GNQ,2010,Country or economy,Other fossil,False,0.01,0.0,0.0,4.545,0.0,0.05,0.007,0.0,0.0,4.262,700.0,Africa,Africa,False,False,False,False,False
Equatorial Guinea,GNQ,2010,Country or economy,Net imports,False,0.0,0.0,,0.0,0.0,,0.0,0.0,,0.0,,Africa,Africa,False,False,False,False,False
Equatorial Guinea,GNQ,2010,Country or economy,Wind and solar,True,0.0,0.0,,0.0,0.0,0.0,0.0,0.0,,0.0,,Africa,Africa,False,False,False,False,False
Equatorial Guinea,GNQ,2010,Country or economy,"Hydro, bioenergy and other renewables",True,0.03,-0.02,-40.0,13.636,-9.091,0.01,0.001,0.0,0.0,0.609,33.333,Africa,Africa,False,False,False,False,False
Equatorial Guinea,GNQ,2010,Country or economy,Renewables,True,0.03,-0.02,-40.0,13.636,-9.091,0.01,0.001,0.0,0.0,0.609,33.333,Africa,Africa,False,False,False,False,False
Equatorial Guinea,GNQ,2010,Country or economy,Clean,True,0.03,-0.02,-40.0,13.636,-9.091,0.01,0.001,0.0,0.0,0.609,33.333,Africa,Africa,False,False,False,False,False
Equatorial Guinea,GNQ,2010,Country or economy,Fossil,True,0.19,0.02,11.765,86.364,9.091,0.08,0.164,0.018,12.329,99.849,863.158,Africa,Africa,False,False,False,False,False
Equatorial Guinea,GNQ,2010,Country or economy,Total generation,True,0.22,0.0,0.0,100.0,0.0,0.09,0.164,0.017,11.565,99.849,745.455,Africa,Africa,False,False,False,False,False
Equatorial Guinea,GNQ,2010,Country or economy,Demand,True,0.22,0.0,0.0,100.0,0.0,,,,,,,Africa,Africa,False,False,False,False,False
Equatorial Guinea,GNQ,2011,Country or economy,Solar,False,0.0,0.0,,0.0,0.0,0.0,0.0,0.0,,0.0,,Africa,Africa,False,False,False,False,False
Equatorial Guinea,GNQ,2011,Country or economy,Wind,False,0.0,0.0,,0.0,0.0,0.0,0.0,0.0,,0.0,,Africa,Africa,False,False,False,False,False
Equatorial Guinea,GNQ,2011,Country or economy,Hydro,False,0.03,0.0,0.0,10.0,-3.636,0.01,0.001,0.0,0.0,0.427,33.333,Africa,Africa,False,False,False,False,False
Equatorial Guinea,GNQ,2011,Country or economy,Bioenergy,False,0.0,0.0,,0.0,0.0,0.0,0.0,0.0,,0.0,,Africa,Africa,False,False,False,False,False
Equatorial Guinea,GNQ,2011,Country or economy,Other renewables,False,0.0,0.0,,0.0,0.0,0.0,0.0,0.0,,0.0,,Africa,Africa,False,False,False,False,False
Equatorial Guinea,GNQ,2011,Country or economy,Nuclear,False,0.0,0.0,,0.0,0.0,0.0,0.0,0.0,,0.0,,Africa,Africa,False,False,False,False,False
Equatorial Guinea,GNQ,2011,Country or economy,Coal,False,0.0,0.0,,0.0,0.0,,0.0,0.0,,0.0,,Africa,Africa,False,False,False,False,False
Equatorial Guinea,GNQ,2011,Country or economy,Gas,False,0.26,0.08,44.444,86.667,4.849,0.03,0.227,0.07,44.586,97.006,873.077,Africa,Africa,False,False,False,False,False
Equatorial Guinea,GNQ,2011,Country or economy,Other fossil,False,0.01,0.0,0.0,3.333,-1.212,0.05,0.007,0.0,0.0,2.991,700.0,Africa,Africa,False,False,False,False,False
Equatorial Guinea,GNQ,2011,Country or economy,Net imports,False,0.0,0.0,,0.0,0.0,,0.0,0.0,,0.0,,Africa,Africa,False,False,False,False,False
Equatorial Guinea,GNQ,2011,Country or economy,Wind and solar,True,0.0,0.0,,0.0,0.0,0.0,0.0,0.0,,0.0,,Africa,Africa,False,False,False,False,False
Equatorial Guinea,GNQ,2011,Country or economy,"Hydro, bioenergy and other renewables",True,0.03,0.0,0.0,10.0,-3.636,0.01,0.001,0.0,0.0,0.427,33.333,Africa,Africa,False,False,False,False,False
Equatorial Guinea,GNQ,2011,Country or economy,Renewables,True,0.03,0.0,0.0,10.0,-3.636,0.01,0.001,0.0,0.0,0.427,33.333,Africa,Africa,False,False,False,False,False
Equatorial Guinea,GNQ,2011,Country or economy,Clean,True,0.03,0.0,0.0,10.0,-3.636,0.01,0.001,0.0,0.0,0.427,33.333,Africa,Africa,False,False,False,False,False
Equatorial Guinea,GNQ,2011,Country or economy,Fossil,True,0.27,0.08,42.105,90.0,3.636,0.08,0.233,0.069,42.073,99.57,862.963,Africa,Africa,False,False,False,False,False
Equatorial Guinea,GNQ,2011,Country or economy,Total generation,True,0.3,0.08,36.364,100.0,0.0,0.09,0.234,0.07,42.683,99.997,780.0,Africa,Africa,False,False,False,False,False
Equatorial Guinea,GNQ,2011,Country or economy,Demand,True,0.3,0.08,36.364,100.0,0.0,,,,,,,Africa,Africa,False,False,False,False,False
Equatorial Guinea,GNQ,2012,Country or economy,Solar,False,0.0,0.0,,0.0,0.0,0.0,0.0,0.0,,0.0,,Africa,Africa,False,False,False,False,False
Equatorial Guinea,GNQ,2012,Country or economy,Wind,False,0.0,0.0,,0.0,0.0,0.0,0.0,0.0,,0.0,,Africa,Africa,False,False,False,False,False
Equatorial Guinea,GNQ,2012,Country or economy,Hydro,False,0.08,0.05,166.667,14.815,4.815,0.13,0.002,0.001,100.0,0.499,25.0,Africa,Africa,False,False,False,False,False
Equatorial Guinea,GNQ,2012,Country or economy,Bioenergy,False,0.0,0.0,,0.0,0.0,0.0,0.0,0.0,,0.0,,Africa,Africa,False,False,False,False,False
Equatorial Guinea,GNQ,2012,Country or economy,Other renewables,False,0.0,0.0,,0.0,0.0,0.0,0.0,0.0,,0.0,,Africa,Africa,False,False,False,False,False
Equatorial Guinea,GNQ,2012,Country or economy,Nuclear,False,0.0,0.0,,0.0,0.0,0.0,0.0,0.0,,0.0,,Africa,Africa,False,False,False,False,False
Equatorial Guinea,GNQ,2012,Country or economy,Coal,False,0.0,0.0,,0.0,0.0,,0.0,0.0,,0.0,,Africa,Africa,False,False,False,False,False
Equatorial Guinea,GNQ,2012,Country or economy,Gas,False,0.45,0.19,73.077,83.333,-3.334,0.15,0.392,0.165,72.687,97.787,871.111,Africa,Africa,False,False,False,False,False
Equatorial Guinea,GNQ,2012,Country or economy,Other fossil,False,0.01,0.0,0.0,1.852,-1.481,0.07,0.007,0.0,0.0,1.746,700.0,Africa,Africa,False,False,False,False,False
Equatorial Guinea,GNQ,2012,Country or economy,Net imports,False,0.0,0.0,,0.0,0.0,,0.0,0.0,,0.0,,Africa,Africa,False,False,False,False,False
Equatorial Guinea,GNQ,2012,Country or economy,Wind and solar,True,0.0,0.0,,0.0,0.0,0.0,0.0,0.0,,0.0,,Africa,Africa,False,False,False,False,False
Equatorial Guinea,GNQ,2012,Country or economy,"Hydro, bioenergy and other renewables",True,0.08,0.05,166.667,14.815,4.815,0.13,0.002,0.001,100.0,0.499,25.0,Africa,Africa,False,False,False,False,False
Equatorial Guinea,GNQ,2012,Country or economy,Renewables,True,0.08,0.05,166.667,14.815,4.815,0.13,0.002,0.001,100.0,0.499,25.0,Africa,Africa,False,False,False,False,False
Equatorial Guinea,GNQ,2012,Country or economy,Clean,True,0.08,0.05,166.667,14.815,4.815,0.13,0.002,0.001,100.0,0.499,25.0,Africa,Africa,False,False,False,False,False
Equatorial Guinea,GNQ,2012,Country or economy,Fossil,True,0.46,0.19,70.37,85.185,-4.815,0.22,0.399,0.166,71.245,99.533,867.391,Africa,Africa,False,False,False,False,False
Equatorial Guinea,GNQ,2012,Country or economy,Total generation,True,0.54,0.24,80.0,100.0,0.0,0.35,0.401,0.167,71.368,100.032,742.593,Africa,Africa,False,False,False,False,False
Equatorial Guinea,GNQ,2012,Country or economy,Demand,True,0.54,0.24,80.0,100.0,0.0,,,,,,,Africa,Africa,False,False,False,False,False
Equatorial Guinea,GNQ,2013,Country or economy,Solar,False,0.0,0.0,,0.0,0.0,0.0,0.0,0.0,,0.0,,Africa,Africa,False,False,False,False,False
Equatorial Guinea,GNQ,2013,Country or economy,Wind,False,0.0,0.0,,0.0,0.0,0.0,0.0,0.0,,0.0,,Africa,Africa,False,False,False,False,False
Equatorial Guinea,GNQ,2013,Country or economy,Hydro,False,0.25,0.17,212.5,29.412,14.597,0.13,0.006,0.004,200.0,1.139,24.0,Africa,Africa,False,False,False,False,False
Equatorial Guinea,GNQ,2013,Country or economy,Bioenergy,False,0.0,0.0,,0.0,0.0,0.0,0.0,0.0,,0.0,,Africa,Africa,False,False,False,False,False
Equatorial Guinea,GNQ,2013,Country or economy,Other renewables,False,0.0,0.0,,0.0,0.0,0.0,0.0,0.0,,0.0,,Africa,Africa,False,False,False,False,False
Equatorial Guinea,GNQ,2013,Country or economy,Nuclear,False,0.0,0.0,,0.0,0.0,0.0,0.0,0.0,,0.0,,Africa,Africa,False,False,False,False,False
Equatorial Guinea,GNQ,2013,Country or economy,Coal,False,0.0,0.0,,0.0,0.0,,0.0,0.0,,0.0,,Africa,Africa,False,False,False,False,False
Equatorial Guinea,GNQ,2013,Country or economy,Gas,False,0.59,0.14,31.111,69.412,-13.921,0.15,0.514,0.122,31.122,97.536,871.186,Africa,Africa,False,False,False,False,False
Equatorial Guinea,GNQ,2013,Country or economy,Other fossil,False,0.01,0.0,0.0,1.176,-0.676,0.07,0.007,0.0,0.0,1.328,700.0,Africa,Africa,False,False,False,False,False
Equatorial Guinea,GNQ,2013,Country or economy,Net imports,False,0.0,0.0,,0.0,0.0,,0.0,0.0,,0.0,,Africa,Africa,False,False,False,False,False
Equatorial Guinea,GNQ,2013,Country or economy,Wind and solar,True,0.0,0.0,,0.0,0.0,0.0,0.0,0.0,,0.0,,Africa,Africa,False,False,False,False,False
Equatorial Guinea,GNQ,2013,Country or economy,"Hydro, bioenergy and other renewables",True,0.25,0.17,212.5,29.412,14.597,0.13,0.006,0.004,200.0,1.139,24.0,Africa,Africa,False,False,False,False,False
Equatorial Guinea,GNQ,2013,Country or economy,Renewables,True,0.25,0.17,212.5,29.412,14.597,0.13,0.006,0.004,200.0,1.139,24.0,Africa,Africa,False,False,False,False,False
Equatorial Guinea,GNQ,2013,Country or economy,Clean,True,0.25,0.17,212.5,29.412,14.597,0.13,0.006,0.004,200.0,1.139,24.0,Africa,Africa,False,False,False,False,False
Equatorial Guinea,GNQ,2013,Country or economy,Fossil,True,0.6,0.14,30.435,70.588,-14.597,0.22,0.521,0.122,30.576,98.864,868.333,Africa,Africa,False,False,False,False,False
Equatorial Guinea,GNQ,2013,Country or economy,Total generation,True,0.85,0.31,57.407,100.0,0.0,0.35,0.527,0.126,31.421,100.003,620.0,Africa,Africa,False,False,False,False,False
Equatorial Guinea,GNQ,2013,Country or economy,Demand,True,0.85,0.31,57.407,100.0,0.0,,,,,,,Africa,Africa,False,False,False,False,False
Equatorial Guinea,GNQ,2014,Country or economy,Solar,False,0.0,0.0,,0.0,0.0,0.0,0.0,0.0,,0.0,,Africa,Africa,False,False,False,False,False
Equatorial Guinea,GNQ,2014,Country or economy,Wind,False,0.0,0.0,,0.0,0.0,0.0,0.0,0.0,,0.0,,Africa,Africa,False,False,False,False,False
Equatorial Guinea,GNQ,2014,Country or economy,Hydro,False,0.38,0.13,52.0,34.862,5.45,0.13,0.009,0.003,50.0,1.438,23.684,Africa,Africa,False,False,False,False,False
Equatorial Guinea,GNQ,2014,Country or economy,Bioenergy,False,0.0,0.0,,0.0,0.0,0.0,0.0,0.0,,0.0,,Africa,Africa,False,False,False,False,False
Equatorial Guinea,GNQ,2014,Country or economy,Other renewables,False,0.0,0.0,,0.0,0.0,0.0,0.0,0.0,,0.0,,Africa,Africa,False,False,False,False,False
Equatorial Guinea,GNQ,2014,Country or economy,Nuclear,False,0.0,0.0,,0.0,0.0,0.0,0.0,0.0,,0.0,,Africa,Africa,False,False,False,False,False
Equatorial Guinea,GNQ,2014,Country or economy,Coal,False,0.0,0.0,,0.0,0.0,,0.0,0.0,,0.0,,Africa,Africa,False,False,False,False,False
Equatorial Guinea,GNQ,2014,Country or economy,Gas,False,0.7,0.11,18.644,64.22,-5.192,0.15,0.61,0.096,18.677,97.445,871.429,Africa,Africa,False,False,False,False,False
Equatorial Guinea,GNQ,2014,Country or economy,Other fossil,False,0.01,0.0,0.0,0.917,-0.259,0.07,0.007,0.0,0.0,1.118,700.0,Africa,Africa,False,False,False,False,False
Equatorial Guinea,GNQ,2014,Country or economy,Net imports,False,0.0,0.0,,0.0,0.0,,0.0,0.0,,0.0,,Africa,Africa,False,False,False,False,False
Equatorial Guinea,GNQ,2014,Country or economy,Wind and solar,True,0.0,0.0,,0.0,0.0,0.0,0.0,0.0,,0.0,,Africa,Africa,False,False,False,False,False
Equatorial Guinea,GNQ,2014,Country or economy,"Hydro, bioenergy and other renewables",True,0.38,0.13,52.0,34.862,5.45,0.13,0.009,0.003,50.0,1.438,23.684,Africa,Africa,False,False,False,False,False
Equatorial Guinea,GNQ,2014,Country or economy,Renewables,True,0.38,0.13,52.0,34.862,5.45,0.13,0.009,0.003,50.0,1.438,23.684,Africa,Africa,False,False,False,False,False
Equatorial Guinea,GNQ,2014,Country or economy,Clean,True,0.38,0.13,52.0,34.862,5.45,0.13,0.009,0.003,50.0,1.438,23.684,Africa,Africa,False,False,False,False,False
Equatorial Guinea,GNQ,2014,Country or economy,Fossil,True,0.71,0.11,18.333,65.138,-5.45,0.22,0.617,0.096,18.426,98.563,869.014,Africa,Africa,False,False,False,False,False
Equatorial Guinea,GNQ,2014,Country or economy,Total generation,True,1.09,0.24,28.235,100.0,0.0,0.35,0.626,0.099,18.786,100.001,574.312,Africa,Africa,False,False,False,False,False
Equatorial Guinea,GNQ,2014,Country or economy,Demand,True,1.09,0.24,28.235,100.0,0.0,,,,,,,Africa,Africa,False,False,False,False,False
Equatorial Guinea,GNQ,2015,Country or economy,Solar,False,0.0,0.0,,0.0,0.0,0.0,0.0,0.0,,0.0,,Africa,Africa,False,False,False,False,False
Equatorial Guinea,GNQ,2015,Country or economy,Wind,False,0.0,0.0,,0.0,0.0,0.0,0.0,0.0,,0.0,,Africa,Africa,False,False,False,False,False
Equatorial Guinea,GNQ,2015,Country or economy,Hydro,False,0.47,0.09,23.684,36.154,1.292,0.13,0.011,0.002,22.222,1.501,23.404,Africa,Africa,False,False,False,False,False
Equatorial Guinea,GNQ,2015,Country or economy,Bioenergy,False,0.0,0.0,,0.0,0.0,0.0,0.0,0.0,,0.0,,Africa,Africa,False,False,False,False,False
Equatorial Guinea,GNQ,2015,Country or economy,Other renewables,False,0.0,0.0,,0.0,0.0,0.0,0.0,0.0,,0.0,,Africa,Africa,False,False,False,False,False
Equatorial Guinea,GNQ,2015,Country or economy,Nuclear,False,0.0,0.0,,0.0,0.0,0.0,0.0,0.0,,0.0,,Africa,Africa,False,False,False,False,False
Equatorial Guinea,GNQ,2015,Country or economy,Coal,False,0.0,0.0,,0.0,0.0,,0.0,0.0,,0.0,,Africa,Africa,False,False,False,False,False
Equatorial Guinea,GNQ,2015,Country or economy,Gas,False,0.82,0.12,17.143,63.077,-1.143,0.15,0.715,0.105,17.213,97.575,871.951,Africa,Africa,False,False,False,False,False
Equatorial Guinea,GNQ,2015,Country or economy,Other fossil,False,0.01,0.0,0.0,0.769,-0.148,0.07,0.007,0.0,0.0,0.955,700.0,Africa,Africa,False,False,False,False,False
Equatorial Guinea,GNQ,2015,Country or economy,Net imports,False,0.0,0.0,,0.0,0.0,,0.0,0.0,,0.0,,Africa,Africa,False,False,False,False,False
Equatorial Guinea,GNQ,2015,Country or economy,Wind and solar,True,0.0,0.0,,0.0,0.0,0.0,0.0,0.0,,0.0,,Africa,Africa,False,False,False,False,False
Equatorial Guinea,GNQ,2015,Country or economy,"Hydro, bioenergy and other renewables",True,0.47,0.09,23.684,36.154,1.292,0.13,0.011,0.002,22.222,1.501,23.404,Africa,Africa,False,False,False,False,False
Equatorial Guinea,GNQ,2015,Country or economy,Renewables,True,0.47,0.09,23.684,36.154,1.292,0.13,0.011,0.002,22.222,1.501,23.404,Africa,Africa,False,False,False,False,False
Equatorial Guinea,GNQ,2015,Country or economy,Clean,True,0.47,0.09,23.684,36.154,1.292,0.13,0.011,0.002,22.222,1.501,23.404,Africa,Africa,False,False,False,False,False
Equatorial Guinea,GNQ,2015,Country or economy,Fossil,True,0.83,0.12,16.901,63.846,-1.292,0.22,0.722,0.105,17.018,98.53,869.88,Africa,Africa,False,False,False,False,False
Equatorial Guinea,GNQ,2015,Country or economy,Total generation,True,1.3,0.21,19.266,100.0,0.0,0.35,0.733,0.107,17.093,100.032,563.846,Africa,Africa,False,False,False,False,False
Equatorial Guinea,GNQ,2015,Country or economy,Demand,True,1.3,0.21,19.266,100.0,0.0,,,,,,,Africa,Africa,False,False,False,False,False
Equatorial Guinea,GNQ,2016,Country or economy,Solar,False,0.0,0.0,,0.0,0.0,0.0,0.0,0.0,,0.0,,Africa,Africa,False,False,False,False,False
Equatorial Guinea,GNQ,2016,Country or economy,Wind,False,0.0,0.0,,0.0,0.0,0.0,0.0,0.0,,0.0,,Africa,Africa,False,False,False,False,False
Equatorial Guinea,GNQ,2016,Country or economy,Hydro,False,0.47,0.0,0.0,33.571,-2.583,0.13,0.011,0.0,0.0,1.342,23.404,Africa,Africa,False,False,False,False,False
Equatorial Guinea,GNQ,2016,Country or economy,Bioenergy,False,0.0,0.0,,0.0,0.0,0.0,0.0,0.0,,0.0,,Africa,Africa,False,False,False,False,False
Equatorial Guinea,GNQ,2016,Country or economy,Other renewables,False,0.0,0.0,,0.0,0.0,0.0,0.0,0.0,,0.0,,Africa,Africa,False,False,False,False,False
Equatorial Guinea,GNQ,2016,Country or economy,Nuclear,False,0.0,0.0,,0.0,0.0,0.0,0.0,0.0,,0.0,,Africa,Africa,False,False,False,False,False
Equatorial Guinea,GNQ,2016,Country or economy,Coal,False,0.0,0.0,,0.0,0.0,,0.0,0.0,,0.0,,Africa,Africa,False,False,False,False,False
Equatorial Guinea,GNQ,2016,Country or economy,Gas,False,0.92,0.1,12.195,65.714,2.637,0.15,0.802,0.087,12.168,97.809,871.739,Africa,Africa,False,False,False,False,False
Equatorial Guinea,GNQ,2016,Country or economy,Other fossil,False,0.01,0.0,0.0,0.714,-0.055,0.09,0.007,0.0,0.0,0.854,700.0,Africa,Africa,False,False,False,False,False
Equatorial Guinea,GNQ,2016,Country or economy,Net imports,False,0.0,0.0,,0.0,0.0,,0.0,0.0,,0.0,,Africa,Africa,False,False,False,False,False
Equatorial Guinea,GNQ,2016,Country or economy,Wind and solar,True,0.0,0.0,,0.0,0.0,0.0,0.0,0.0,,0.0,,Africa,Africa,False,False,False,False,False
Equatorial Guinea,GNQ,2016,Country or economy,"Hydro, bioenergy and other renewables",True,0.47,0.0,0.0,33.571,-2.583,0.13,0.011,0.0,0.0,1.342,23.404,Africa,Africa,False,False,False,False,False
Equatorial Guinea,GNQ,2016,Country or economy,Renewables,True,0.47,0.0,0.0,33.571,-2.583,0.13,0.011,0.0,0.0,1.342,23.404,Africa,Africa,False,False,False,False,False
Equatorial Guinea,GNQ,2016,Country or economy,Clean,True,0.47,0.0,0.0,33.571,-2.583,0.13,0.011,0.0,0.0,1.342,23.404,Africa,Africa,False,False,False,False,False
Equatorial Guinea,GNQ,2016,Country or economy,Fossil,True,0.93,0.1,12.048,66.429,2.583,0.24,0.809,0.087,12.05,98.663,869.892,Africa,Africa,False,False,False,False,False
Equatorial Guinea,GNQ,2016,Country or economy,Total generation,True,1.4,0.1,7.692,100.0,0.0,0.37,0.82,0.087,11.869,100.004,585.714,Africa,Africa,False,False,False,False,False
Equatorial Guinea,GNQ,2016,Country or economy,Demand,True,1.4,0.1,7.692,100.0,0.0,,,,,,,Africa,Africa,False,False,False,False,False
Equatorial Guinea,GNQ,2017,Country or economy,Solar,False,0.0,0.0,,0.0,0.0,0.0,0.0,0.0,,0.0,,Africa,Africa,False,False,False,False,False
Equatorial Guinea,GNQ,2017,Country or economy,Wind,False,0.0,0.0,,0.0,0.0,0.0,0.0,0.0,,0.0,,Africa,Africa,False,False,False,False,False
Equatorial Guinea,GNQ,2017,Country or economy,Hydro,False,0.44,-0.03,-6.383,32.836,-0.735,0.13,0.01,-0.001,-9.091,1.261,22.727,Africa,Africa,False,False,False,False,False
Equatorial Guinea,GNQ,2017,Country or economy,Bioenergy,False,0.0,0.0,,0.0,0.0,0.0,0.0,0.0,,0.0,,Africa,Africa,False,False,False,False,False
Equatorial Guinea,GNQ,2017,Country or economy,Other renewables,False,0.0,0.0,,0.0,0.0,0.0,0.0,0.0,,0.0,,Africa,Africa,False,False,False,False,False
Equatorial Guinea,GNQ,2017,Country or economy,Nuclear,False,0.0,0.0,,0.0,0.0,0.0,0.0,0.0,,0.0,,Africa,Africa,False,False,False,False,False
Equatorial Guinea,GNQ,2017,Country or economy,Coal,False,0.0,0.0,,0.0,0.0,,0.0,0.0,,0.0,,Africa,Africa,False,False,False,False,False
Equatorial Guinea,GNQ,2017,Country or economy,Gas,False,0.89,-0.03,-3.261,66.418,0.704,0.15,0.776,-0.026,-3.242,97.845,871.91,Africa,Africa,False,False,False,False,False
Equatorial Guinea,GNQ,2017,Country or economy,Other fossil,False,0.01,0.0,0.0,0.746,0.032,0.12,0.007,0.0,0.0,0.883,700.0,Africa,Africa,False,False,False,False,False
Equatorial Guinea,GNQ,2017,Country or economy,Net imports,False,0.0,0.0,,0.0,0.0,,0.0,0.0,,0.0,,Africa,Africa,False,False,False,False,False
Equatorial Guinea,GNQ,2017,Country or economy,Wind and solar,True,0.0,0.0,,0.0,0.0,0.0,0.0,0.0,,0.0,,Africa,Africa,False,False,False,False,False
Equatorial Guinea,GNQ,2017,Country or economy,"Hydro, bioenergy and other renewables",True,0.44,-0.03,-6.383,32.836,-0.735,0.13,0.01,-0.001,-9.091,1.261,22.727,Africa,Africa,False,False,False,False,False
Equatorial Guinea,GNQ,2017,Country or economy,Renewables,True,0.44,-0.03,-6.383,32.836,-0.735,0.13,0.01,-0.001,-9.091,1.261,22.727,Africa,Africa,False,False,False,False,False
Equatorial Guinea,GNQ,2017,Country or economy,Clean,True,0.44,-0.03,-6.383,32.836,-0.735,0.13,0.01,-0.001,-9.091,1.261,22.727,Africa,Africa,False,False,False,False,False
Equatorial Guinea,GNQ,2017,Country or economy,Fossil,True,0.9,-0.03,-3.226,67.164,0.735,0.27,0.783,-0.026,-3.214,98.727,870.0,Africa,Africa,False,False,False,False,False
Equatorial Guinea,GNQ,2017,Country or economy,Total generation,True,1.34,-0.06,-4.286,100.0,0.0,0.4,0.793,-0.027,-3.293,99.988,591.791,Africa,Africa,False,False,False,False,False
Equatorial Guinea,GNQ,2017,Country or economy,Demand,True,1.34,-0.06,-4.286,100.0,0.0,,,,,,,Africa,Africa,False,False,False,False,False
Equatorial Guinea,GNQ,2018,Country or economy,Solar,False,0.0,0.0,,0.0,0.0,0.0,0.0,0.0,,0.0,,Africa,Africa,False,False,False,False,False
Equatorial Guinea,GNQ,2018,Country or economy,Wind,False,0.0,0.0,,0.0,0.0,0.0,0.0,0.0,,0.0,,Africa,Africa,False,False,False,False,False
Equatorial Guinea,GNQ,2018,Country or economy,Hydro,False,0.44,0.0,0.0,32.593,-0.243,0.13,0.01,0.0,0.0,1.247,22.727,Africa,Africa,False,False,False,False,False
Equatorial Guinea,GNQ,2018,Country or economy,Bioenergy,False,0.0,0.0,,0.0,0.0,0.0,0.0,0.0,,0.0,,Africa,Africa,False,False,False,False,False
Equatorial Guinea,GNQ,2018,Country or economy,Other renewables,False,0.0,0.0,,0.0,0.0,0.0,0.0,0.0,,0.0,,Africa,Africa,False,False,False,False,False
Equatorial Guinea,GNQ,2018,Country or economy,Nuclear,False,0.0,0.0,,0.0,0.0,0.0,0.0,0.0,,0.0,,Africa,Africa,False,False,False,False,False
Equatorial Guinea,GNQ,2018,Country or economy,Coal,False,0.0,0.0,,0.0,0.0,,0.0,0.0,,0.0,,Africa,Africa,False,False,False,False,False
Equatorial Guinea,GNQ,2018,Country or economy,Gas,False,0.9,0.01,1.124,66.667,0.249,0.16,0.785,0.009,1.16,97.903,872.222,Africa,Africa,False,False,False,False,False
Equatorial Guinea,GNQ,2018,Country or economy,Other fossil,False,0.01,0.0,0.0,0.741,-0.005,0.12,0.007,0.0,0.0,0.873,700.0,Africa,Africa,False,False,False,False,False
Equatorial Guinea,GNQ,2018,Country or economy,Net imports,False,0.0,0.0,,0.0,0.0,,0.0,0.0,,0.0,,Africa,Africa,False,False,False,False,False
Equatorial Guinea,GNQ,2018,Country or economy,Wind and solar,True,0.0,0.0,,0.0,0.0,0.0,0.0,0.0,,0.0,,Africa,Africa,False,False,False,False,False
Equatorial Guinea,GNQ,2018,Country or economy,"Hydro, bioenergy and other renewables",True,0.44,0.0,0.0,32.593,-0.243,0.13,0.01,0.0,0.0,1.247,22.727,Africa,Africa,False,False,False,False,False
Equatorial Guinea,GNQ,2018,Country or economy,Renewables,True,0.44,0.0,0.0,32.593,-0.243,0.13,0.01,0.0,0.0,1.247,22.727,Africa,Africa,False,False,False,False,False
Equatorial Guinea,GNQ,2018,Country or economy,Clean,True,0.44,0.0,0.0,32.593,-0.243,0.13,0.01,0.0,0.0,1.247,22.727,Africa,Africa,False,False,False,False,False
Equatorial Guinea,GNQ,2018,Country or economy,Fossil,True,0.91,0.01,1.111,67.407,0.243,0.28,0.791,0.008,1.022,98.651,869.231,Africa,Africa,False,False,False,False,False
Equatorial Guinea,GNQ,2018,Country or economy,Total generation,True,1.35,0.01,0.746,100.0,0.0,0.41,0.802,0.009,1.135,100.023,594.074,Africa,Africa,False,False,False,False,False
Equatorial Guinea,GNQ,2018,Country or economy,Demand,True,1.35,0.01,0.746,100.0,0.0,,,,,,,Africa,Africa,False,False,False,False,False
Equatorial Guinea,GNQ,2019,Country or economy,Solar,False,0.0,0.0,,0.0,0.0,0.0,0.0,0.0,,0.0,,Africa,Africa,False,False,False,False,False
Equatorial Guinea,GNQ,2019,Country or economy,Wind,False,0.0,0.0,,0.0,0.0,0.0,0.0,0.0,,0.0,,Africa,Africa,False,False,False,False,False
Equatorial Guinea,GNQ,2019,Country or economy,Hydro,False,0.45,0.01,2.273,32.143,-0.45,0.13,0.011,0.001,10.0,1.314,24.444,Africa,Africa,False,False,False,False,False
Equatorial Guinea,GNQ,2019,Country or economy,Bioenergy,False,0.0,0.0,,0.0,0.0,0.0,0.0,0.0,,0.0,,Africa,Africa,False,False,False,False,False
Equatorial Guinea,GNQ,2019,Country or economy,Other renewables,False,0.0,0.0,,0.0,0.0,0.0,0.0,0.0,,0.0,,Africa,Africa,False,False,False,False,False
Equatorial Guinea,GNQ,2019,Country or economy,Nuclear,False,0.0,0.0,,0.0,0.0,0.0,0.0,0.0,,0.0,,Africa,Africa,False,False,False,False,False
Equatorial Guinea,GNQ,2019,Country or economy,Coal,False,0.0,0.0,,0.0,0.0,,0.0,0.0,,0.0,,Africa,Africa,False,False,False,False,False
Equatorial Guinea,GNQ,2019,Country or economy,Gas,False,0.94,0.04,4.444,67.143,0.476,0.16,0.82,0.035,4.459,97.977,872.34,Africa,Africa,False,False,False,False,False
Equatorial Guinea,GNQ,2019,Country or economy,Other fossil,False,0.01,0.0,0.0,0.714,-0.027,0.12,0.007,0.0,0.0,0.836,700.0,Africa,Africa,False,False,False,False,False
Equatorial Guinea,GNQ,2019,Country or economy,Net imports,False,0.0,0.0,,0.0,0.0,,0.0,0.0,,0.0,,Africa,Africa,False,False,False,False,False
Equatorial Guinea,GNQ,2019,Country or economy,Wind and solar,True,0.0,0.0,,0.0,0.0,0.0,0.0,0.0,,0.0,,Africa,Africa,False,False,False,False,False
Equatorial Guinea,GNQ,2019,Country or economy,"Hydro, bioenergy and other renewables",True,0.45,0.01,2.273,32.143,-0.45,0.13,0.011,0.001,10.0,1.314,24.444,Africa,Africa,False,False,False,False,False
Equatorial Guinea,GNQ,2019,Country or economy,Renewables,True,0.45,0.01,2.273,32.143,-0.45,0.13,0.011,0.001,10.0,1.314,24.444,Africa,Africa,False,False,False,False,False
Equatorial Guinea,GNQ,2019,Country or economy,Clean,True,0.45,0.01,2.273,32.143,-0.45,0.13,0.011,0.001,10.0,1.314,24.444,Africa,Africa,False,False,False,False,False
Equatorial Guinea,GNQ,2019,Country or economy,Fossil,True,0.95,0.04,4.396,67.857,0.45,0.28,0.826,0.035,4.425,98.694,869.474,Africa,Africa,False,False,False,False,False
Equatorial Guinea,GNQ,2019,Country or economy,Total generation,True,1.4,0.05,3.704,100.0,0.0,0.41,0.837,0.035,4.364,100.008,597.857,Africa,Africa,False,False,False,False,False
Equatorial Guinea,GNQ,2019,Country or economy,Demand,True,1.4,0.05,3.704,100.0,0.0,,,,,,,Africa,Africa,False,False,False,False,False
Equatorial Guinea,GNQ,2020,Country or economy,Solar,False,0.0,0.0,,0.0,0.0,0.0,0.0,0.0,,0.0,,Africa,Africa,False,False,False,False,False
Equatorial Guinea,GNQ,2020,Country or economy,Wind,False,0.0,0.0,,0.0,0.0,0.0,0.0,0.0,,0.0,,Africa,Africa,False,False,False,False,False
Equatorial Guinea,GNQ,2020,Country or economy,Hydro,False,0.49,0.04,8.889,34.752,2.609,0.13,0.012,0.001,9.091,1.478,24.49,Africa,Africa,False,False,False,False,False
Equatorial Guinea,GNQ,2020,Country or economy,Bioenergy,False,0.0,0.0,,0.0,0.0,0.0,0.0,0.0,,0.0,,Africa,Africa,False,False,False,False,False
Equatorial Guinea,GNQ,2020,Country or economy,Other renewables,False,0.0,0.0,,0.0,0.0,0.0,0.0,0.0,,0.0,,Africa,Africa,False,False,False,False,False
Equatorial Guinea,GNQ,2020,Country or economy,Nuclear,False,0.0,0.0,,0.0,0.0,0.0,0.0,0.0,,0.0,,Africa,Africa,False,False,False,False,False
Equatorial Guinea,GNQ,2020,Country or economy,Coal,False,0.0,0.0,,0.0,0.0,,0.0,0.0,,0.0,,Africa,Africa,False,False,False,False,False
Equatorial Guinea,GNQ,2020,Country or economy,Gas,False,0.91,-0.03,-3.191,64.539,-2.604,0.16,0.793,-0.027,-3.293,97.694,871.429,Africa,Africa,False,False,False,False,False
Equatorial Guinea,GNQ,2020,Country or economy,Other fossil,False,0.01,0.0,0.0,0.709,-0.005,0.12,0.007,0.0,0.0,0.862,700.0,Africa,Africa,False,False,False,False,False
Equatorial Guinea,GNQ,2020,Country or economy,Net imports,False,0.0,0.0,,0.0,0.0,,0.0,0.0,,0.0,,Africa,Africa,False,False,False,False,False
Equatorial Guinea,GNQ,2020,Country or economy,Wind and solar,True,0.0,0.0,,0.0,0.0,0.0,0.0,0.0,,0.0,,Africa,Africa,False,False,False,False,False
Equatorial Guinea,GNQ,2020,Country or economy,"Hydro, bioenergy and other renewables",True,0.49,0.04,8.889,34.752,2.609,0.13,0.012,0.001,9.091,1.478,24.49,Africa,Africa,False,False,False,False,False
Equatorial Guinea,GNQ,2020,Country or economy,Renewables,True,0.49,0.04,8.889,34.752,2.609,0.13,0.012,0.001,9.091,1.478,24.49,Africa,Africa,False,False,False,False,False
Equatorial Guinea,GNQ,2020,Country or economy,Clean,True,0.49,0.04,8.889,34.752,2.609,0.13,0.012,0.001,9.091,1.478,24.49,Africa,Africa,False,False,False,False,False
Equatorial Guinea,GNQ,2020,Country or economy,Fossil,True,0.92,-0.03,-3.158,65.248,-2.609,0.28,0.8,-0.026,-3.148,98.556,869.565,Africa,Africa,False,False,False,False,False
Equatorial Guinea,GNQ,2020,Country or economy,Total generation,True,1.41,0.01,0.714,100.0,0.0,0.41,0.812,-0.025,-2.987,100.034,575.887,Africa,Africa,False,False,False,False,False
Equatorial Guinea,GNQ,2020,Country or economy,Demand,True,1.41,0.01,0.714,100.0,0.0,,,,,,,Africa,Africa,False,False,False,False,False
Equatorial Guinea,GNQ,2021,Country or economy,Solar,False,0.0,0.0,,0.0,0.0,0.0,0.0,0.0,,0.0,,Africa,Africa,False,False,False,False,False
Equatorial Guinea,GNQ,2021,Country or economy,Wind,False,0.0,0.0,,0.0,0.0,0.0,0.0,0.0,,0.0,,Africa,Africa,False,False,False,False,False
Equatorial Guinea,GNQ,2021,Country or economy,Hydro,False,0.47,-0.02,-4.082,32.867,-1.885,0.13,0.011,-0.001,-8.333,1.3,23.404,Africa,Africa,False,False,False,False,False
Equatorial Guinea,GNQ,2021,Country or economy,Bioenergy,False,0.0,0.0,,0.0,0.0,0.0,0.0,0.0,,0.0,,Africa,Africa,False,False,False,False,False
Equatorial Guinea,GNQ,2021,Country or economy,Other renewables,False,0.0,0.0,,0.0,0.0,0.0,0.0,0.0,,0.0,,Africa,Africa,False,False,False,False,False
Equatorial Guinea,GNQ,2021,Country or economy,Nuclear,False,0.0,0.0,,0.0,0.0,0.0,0.0,0.0,,0.0,,Africa,Africa,False,False,False,False,False
Equatorial Guinea,GNQ,2021,Country or economy,Coal,False,0.0,0.0,,0.0,0.0,,0.0,0.0,,0.0,,Africa,Africa,False,False,False,False,False
Equatorial Guinea,GNQ,2021,Country or economy,Gas,False,0.95,0.04,4.396,66.434,1.895,0.16,0.828,0.035,4.414,97.858,871.579,Africa,Africa,False,False,False,False,False
Equatorial Guinea,GNQ,2021,Country or economy,Other fossil,False,0.01,0.0,0.0,0.699,-0.01,0.12,0.007,0.0,0.0,0.827,700.0,Africa,Africa,False,False,False,False,False
Equatorial Guinea,GNQ,2021,Country or economy,Net imports,False,0.0,0.0,,0.0,0.0,,0.0,0.0,,0.0,,Africa,Africa,False,False,False,False,False
Equatorial Guinea,GNQ,2021,Country or economy,Wind and solar,True,0.0,0.0,,0.0,0.0,0.0,0.0,0.0,,0.0,,Africa,Africa,False,False,False,False,False
Equatorial Guinea,GNQ,2021,Country or economy,"Hydro, bioenergy and other renewables",True,0.47,-0.02,-4.082,32.867,-1.885,0.13,0.011,-0.001,-8.333,1.3,23.404,Africa,Africa,False,False,False,False,False
Equatorial Guinea,GNQ,2021,Country or economy,Renewables,True,0.47,-0.02,-4.082,32.867,-1.885,0.13,0.011,-0.001,-8.333,1.3,23.404,Africa,Africa,False,False,False,False,False
Equatorial Guinea,GNQ,2021,Country or economy,Clean,True,0.47,-0.02,-4.082,32.867,-1.885,0.13,0.011,-0.001,-8.333,1.3,23.404,Africa,Africa,False,False,False,False,False
Equatorial Guinea,GNQ,2021,Country or economy,Fossil,True,0.96,0.04,4.348,67.133,1.885,0.28,0.835,0.035,4.375,98.685,869.792,Africa,Africa,False,False,False,False,False
Equatorial Guinea,GNQ,2021,Country or economy,Total generation,True,1.43,0.02,1.418,100.0,0.0,0.41,0.846,0.034,4.187,99.985,591.608,Africa,Africa,False,False,False,False,False
Equatorial Guinea,GNQ,2021,Country or economy,Demand,True,1.43,0.02,1.418,100.0,0.0,,,,,,,Africa,Africa,False,False,False,False,False
Equatorial Guinea,GNQ,2022,Country or economy,Solar,False,0.0,0.0,,0.0,0.0,0.0,0.0,0.0,,0.0,,Africa,Africa,False,False,False,False,False
Equatorial Guinea,GNQ,2022,Country or economy,Wind,False,0.0,0.0,,0.0,0.0,0.0,0.0,0.0,,0.0,,Africa,Africa,False,False,False,False,False
Equatorial Guinea,GNQ,2022,Country or economy,Hydro,False,0.48,0.01,2.128,31.788,-1.079,0.13,0.011,0.0,0.0,1.212,22.917,Africa,Africa,False,False,False,False,False
Equatorial Guinea,GNQ,2022,Country or economy,Bioenergy,False,0.0,0.0,,0.0,0.0,0.0,0.0,0.0,,0.0,,Africa,Africa,False,False,False,False,False
Equatorial Guinea,GNQ,2022,Country or economy,Other renewables,False,0.0,0.0,,0.0,0.0,0.0,0.0,0.0,,0.0,,Africa,Africa,False,False,False,False,False
Equatorial Guinea,GNQ,2022,Country or economy,Nuclear,False,0.0,0.0,,0.0,0.0,0.0,0.0,0.0,,0.0,,Africa,Africa,False,False,False,False,False
Equatorial Guinea,GNQ,2022,Country or economy,Coal,False,0.0,0.0,,0.0,0.0,,0.0,0.0,,0.0,,Africa,Africa,False,False,False,False,False
Equatorial Guinea,GNQ,2022,Country or economy,Gas,False,1.02,0.07,7.368,67.55,1.116,0.16,0.889,0.061,7.367,97.972,871.569,Africa,Africa,False,False,False,False,False
Equatorial Guinea,GNQ,2022,Country or economy,Other fossil,False,0.01,0.0,0.0,0.662,-0.037,0.12,0.007,0.0,0.0,0.771,700.0,Africa,Africa,False,False,False,False,False
Equatorial Guinea,GNQ,2022,Country or economy,Net imports,False,0.0,0.0,,0.0,0.0,,0.0,0.0,,0.0,,Africa,Africa,False,False,False,False,False
Equatorial Guinea,GNQ,2022,Country or economy,Wind and solar,True,0.0,0.0,,0.0,0.0,0.0,0.0,0.0,,0.0,,Africa,Africa,False,False,False,False,False
Equatorial Guinea,GNQ,2022,Country or economy,"Hydro, bioenergy and other renewables",True,0.48,0.01,2.128,31.788,-1.079,0.13,0.011,0.0,0.0,1.212,22.917,Africa,Africa,False,False,False,False,False
Equatorial Guinea,GNQ,2022,Country or economy,Renewables,True,0.48,0.01,2.128,31.788,-1.079,0.13,0.011,0.0,0.0,1.212,22.917,Africa,Africa,False,False,False,False,False
Equatorial Guinea,GNQ,2022,Country or economy,Clean,True,0.48,0.01,2.128,31.788,-1.079,0.13,0.011,0.0,0.0,1.212,22.917,Africa,Africa,False,False,False,False,False
Equatorial Guinea,GNQ,2022,Country or economy,Fossil,True,1.03,0.07,7.292,68.212,1.079,0.28,0.896,0.061,7.305,98.744,869.903,Africa,Africa,False,False,False,False,False
Equatorial Guinea,GNQ,2022,Country or economy,Total generation,True,1.51,0.08,5.594,100.0,0.0,0.41,0.907,0.061,7.21,99.956,600.662,Africa,Africa,False,False,False,False,False
Equatorial Guinea,GNQ,2022,Country or economy,Demand,True,1.51,0.08,5.594,100.0,0.0,,,,,,,Africa,Africa,False,False,False,False,False
Equatorial Guinea,GNQ,2023,Country or economy,Solar,False,0.0,0.0,,0.0,0.0,0.0,0.0,0.0,,0.0,,Africa,Africa,False,False,False,False,False
Equatorial Guinea,GNQ,2023,Country or economy,Wind,False,0.0,0.0,,0.0,0.0,0.0,0.0,0.0,,0.0,,Africa,Africa,False,False,False,False,False
Equatorial Guinea,GNQ,2023,Country or economy,Hydro,False,0.35,-0.13,-27.083,24.476,-7.312,0.13,0.008,-0.003,-27.273,0.844,22.857,Africa,Africa,False,False,False,False,False
Equatorial Guinea,GNQ,2023,Country or economy,Bioenergy,False,0.0,0.0,,0.0,0.0,0.0,0.0,0.0,,0.0,,Africa,Africa,False,False,False,False,False
Equatorial Guinea,GNQ,2023,Country or economy,Other renewables,False,0.0,0.0,,0.0,0.0,0.0,0.0,0.0,,0.0,,Africa,Africa,False,False,False,False,False
Equatorial Guinea,GNQ,2023,Country or economy,Nuclear,False,0.0,0.0,,0.0,0.0,0.0,0.0,0.0,,0.0,,Africa,Africa,False,False,False,False,False
Equatorial Guinea,GNQ,2023,Country or economy,Coal,False,0.0,0.0,,0.0,0.0,,0.0,0.0,,0.0,,Africa,Africa,False,False,False,False,False
Equatorial Guinea,GNQ,2023,Country or economy,Gas,False,1.07,0.05,4.902,74.825,7.275,0.16,0.933,0.044,4.949,98.427,871.963,Africa,Africa,False,False,False,False,False
Equatorial Guinea,GNQ,2023,Country or economy,Other fossil,False,0.01,0.0,0.0,0.699,0.037,0.12,0.007,0.0,0.0,0.738,700.0,Africa,Africa,False,False,False,False,False
Equatorial Guinea,GNQ,2023,Country or economy,Net imports,False,0.0,0.0,,0.0,0.0,,0.0,0.0,,0.0,,Africa,Africa,False,False,False,False,False
Equatorial Guinea,GNQ,2023,Country or economy,Wind and solar,True,0.0,0.0,,0.0,0.0,0.0,0.0,0.0,,0.0,,Africa,Africa,False,False,False,False,False
Equatorial Guinea,GNQ,2023,Country or economy,"Hydro, bioenergy and other renewables",True,0.35,-0.13,-27.083,24.476,-7.312,0.13,0.008,-0.003,-27.273,0.844,22.857,Africa,Africa,False,False,False,False,False
Equatorial Guinea,GNQ,2023,Country or economy,Renewables,True,0.35,-0.13,-27.083,24.476,-7.312,0.13,0.008,-0.003,-27.273,0.844,22.857,Africa,Africa,False,False,False,False,False
Equatorial Guinea,GNQ,2023,Country or economy,Clean,True,0.35,-0.13,-27.083,24.476,-7.312,0.13,0.008,-0.003,-27.273,0.844,22.857,Africa,Africa,False,False,False,False,False
Equatorial Guinea,GNQ,2023,Country or economy,Fossil,True,1.08,0.05,4.854,75.524,7.312,0.28,0.94,0.044,4.911,99.165,870.37,Africa,Africa,False,False,False,False,False
Equatorial Guinea,GNQ,2023,Country or economy,Total generation,True,1.43,-0.08,-5.298,100.0,0.0,0.41,0.948,0.041,4.52,100.009,662.937,Africa,Africa,False,False,False,False,False
Equatorial Guinea,GNQ,2023,Country or economy,Demand,True,1.43,-0.08,-5.298,100.0,0.0,,,,,,,Africa,Africa,False,False,False,False,False
Equatorial Guinea,GNQ,2024,Country or economy,Solar,False,0.0,0.0,,0.0,0.0,0.0,0.0,0.0,,0.0,,Africa,Africa,False,False,False,False,False
Equatorial Guinea,GNQ,2024,Country or economy,Wind,False,0.0,0.0,,0.0,0.0,0.0,0.0,0.0,,0.0,,Africa,Africa,False,False,False,False,False
Equatorial Guinea,GNQ,2024,Country or economy,Hydro,False,0.4,0.05,14.286,26.846,2.37,0.13,0.01,0.002,25.0,1.044,25.0,Africa,Africa,False,False,False,False,False
Equatorial Guinea,GNQ,2024,Country or economy,Bioenergy,False,0.0,0.0,,0.0,0.0,0.0,0.0,0.0,,0.0,,Africa,Africa,False,False,False,False,False
Equatorial Guinea,GNQ,2024,Country or economy,Other renewables,False,0.0,0.0,,0.0,0.0,0.0,0.0,0.0,,0.0,,Africa,Africa,False,False,False,False,False
Equatorial Guinea,GNQ,2024,Country or economy,Nuclear,False,0.0,0.0,,0.0,0.0,0.0,0.0,0.0,,0.0,,Africa,Africa,False,False,False,False,False
Equatorial Guinea,GNQ,2024,Country or economy,Coal,False,0.0,0.0,,0.0,0.0,,0.0,0.0,,0.0,,Africa,Africa,False,False,False,False,False
Equatorial Guinea,GNQ,2024,Country or economy,Gas,False,1.08,0.01,0.935,72.483,-2.342,0.16,0.942,0.009,0.965,98.348,872.222,Africa,Africa,False,False,False,False,False
Equatorial Guinea,GNQ,2024,Country or economy,Other fossil,False,0.01,0.0,0.0,0.671,-0.028,0.12,0.007,0.0,0.0,0.731,700.0,Africa,Africa,False,False,False,False,False
Equatorial Guinea,GNQ,2024,Country or economy,Net imports,False,0.0,0.0,,0.0,0.0,,0.0,0.0,,0.0,,Africa,Africa,False,False,False,False,False
Equatorial Guinea,GNQ,2024,Country or economy,Wind and solar,True,0.0,0.0,,0.0,0.0,0.0,0.0,0.0,,0.0,,Africa,Africa,False,False,False,False,False
Equatorial Guinea,GNQ,2024,Country or economy,"Hydro, bioenergy and other renewables",True,0.4,0.05,14.286,26.846,2.37,0.13,0.01,0.002,25.0,1.044,25.0,Africa,Africa,False,False,False,False,False
Equatorial Guinea,GNQ,2024,Country or economy,Renewables,True,0.4,0.05,14.286,26.846,2.37,0.13,0.01,0.002,25.0,1.044,25.0,Africa,Africa,False,False,False,False,False
Equatorial Guinea,GNQ,2024,Country or economy,Clean,True,0.4,0.05,14.286,26.846,2.37,0.13,0.01,0.002,25.0,1.044,25.0,Africa,Africa,False,False,False,False,False
Equatorial Guinea,GNQ,2024,Country or economy,Fossil,True,1.09,0.01,0.926,73.154,-2.37,0.28,0.948,0.008,0.851,98.975,869.725,Africa,Africa,False,False,False,False,False
Equatorial Guinea,GNQ,2024,Country or economy,Total generation,True,1.49,0.06,4.196,100.0,0.0,0.41,0.958,0.01,1.055,100.019,642.953,Africa,Africa,False,False,False,False,False
Equatorial Guinea,GNQ,2024,Country or economy,Demand,True,1.49,0.06,4.196,100.0,0.0,,,,,,,Africa,Africa,False,False,False,False,False
Gabon,GAB,2000,Country or economy,Solar,False,0.0,,,0.0,,0.0,0.0,,,0.0,,Africa,Africa,False,False,False,False,False
Gabon,GAB,2000,Country or economy,Wind,False,0.0,,,0.0,,0.0,0.0,,,0.0,,Africa,Africa,False,False,False,False,False
Gabon,GAB,2000,Country or economy,Hydro,False,0.8,,,61.069,,0.17,0.019,,,4.779,23.75,Africa,Africa,False,False,False,False,False
Gabon,GAB,2000,Country or economy,Bioenergy,False,0.01,,,0.763,,0.0,0.002,,,0.503,200.0,Africa,Africa,False,False,False,False,False
Gabon,GAB,2000,Country or economy,Other renewables,False,0.0,,,0.0,,0.0,0.0,,,0.0,,Africa,Africa,False,False,False,False,False
Gabon,GAB,2000,Country or economy,Nuclear,False,0.0,,,0.0,,0.0,0.0,,,0.0,,Africa,Africa,False,False,False,False,False
Gabon,GAB,2000,Country or economy,Coal,False,0.0,,,0.0,,,0.0,,,0.0,,Africa,Africa,False,False,False,False,False
Gabon,GAB,2000,Country or economy,Gas,False,0.23,,,17.557,,0.27,0.199,,,50.049,865.217,Africa,Africa,False,False,False,False,False
Gabon,GAB,2000,Country or economy,Other fossil,False,0.27,,,20.611,,0.17,0.178,,,44.767,659.259,Africa,Africa,False,False,False,False,False
Gabon,GAB,2000,Country or economy,Net imports,False,0.0,,,0.0,,,0.0,,,0.0,,Africa,Africa,False,False,False,False,False
Gabon,GAB,2000,Country or economy,Wind and solar,True,0.0,,,0.0,,0.0,0.0,,,0.0,,Africa,Africa,False,False,False,False,False
Gabon,GAB,2000,Country or economy,"Hydro, bioenergy and other renewables",True,0.81,,,61.832,,0.17,0.021,,,5.282,25.926,Africa,Africa,False,False,False,False,False
Gabon,GAB,2000,Country or economy,Renewables,True,0.81,,,61.832,,0.17,0.021,,,5.282,25.926,Africa,Africa,False,False,False,False,False
Gabon,GAB,2000,Country or economy,Clean,True,0.81,,,61.832,,0.17,0.021,,,5.282,25.926,Africa,Africa,False,False,False,False,False
Gabon,GAB,2000,Country or economy,Fossil,True,0.5,,,38.168,,0.44,0.376,,,94.565,752.0,Africa,Africa,False,False,False,False,False
Gabon,GAB,2000,Country or economy,Total generation,True,1.31,,,100.0,,0.6100000000000001,0.398,,,100.098,303.817,Africa,Africa,False,False,False,False,False
Gabon,GAB,2000,Country or economy,Demand,True,1.31,,,100.0,,,,,,,,Africa,Africa,False,False,False,False,False
Gabon,GAB,2001,Country or economy,Solar,False,0.0,0.0,,0.0,0.0,0.0,0.0,0.0,,0.0,,Africa,Africa,False,False,False,False,False
Gabon,GAB,2001,Country or economy,Wind,False,0.0,0.0,,0.0,0.0,0.0,0.0,0.0,,0.0,,Africa,Africa,False,False,False,False,False
Gabon,GAB,2001,Country or economy,Hydro,False,0.87,0.07,8.75,62.143,1.074,0.17,0.021,0.002,10.526,4.896,24.138,Africa,Africa,False,False,False,False,False
Gabon,GAB,2001,Country or economy,Bioenergy,False,0.01,0.0,0.0,0.714,-0.049,0.0,0.002,0.0,0.0,0.466,200.0,Africa,Africa,False,False,False,False,False
Gabon,GAB,2001,Country or economy,Other renewables,False,0.0,0.0,,0.0,0.0,0.0,0.0,0.0,,0.0,,Africa,Africa,False,False,False,False,False
Gabon,GAB,2001,Country or economy,Nuclear,False,0.0,0.0,,0.0,0.0,0.0,0.0,0.0,,0.0,,Africa,Africa,False,False,False,False,False
Gabon,GAB,2001,Country or economy,Coal,False,0.0,0.0,,0.0,0.0,,0.0,0.0,,0.0,,Africa,Africa,False,False,False,False,False
Gabon,GAB,2001,Country or economy,Gas,False,0.31,0.08,34.783,22.143,4.586,0.27,0.268,0.069,34.673,62.48,864.516,Africa,Africa,False,False,False,False,False
Gabon,GAB,2001,Country or economy,Other fossil,False,0.21,-0.06,-22.222,15.0,-5.611,0.17,0.138,-0.04,-22.472,32.173,657.143,Africa,Africa,False,False,False,False,False
Gabon,GAB,2001,Country or economy,Net imports,False,0.0,0.0,,0.0,0.0,,0.0,0.0,,0.0,,Africa,Africa,False,False,False,False,False
Gabon,GAB,2001,Country or economy,Wind and solar,True,0.0,0.0,,0.0,0.0,0.0,0.0,0.0,,0.0,,Africa,Africa,False,False,False,False,False
Gabon,GAB,2001,Country or economy,"Hydro, bioenergy and other renewables",True,0.88,0.07,8.642,62.857,1.025,0.17,0.023,0.002,9.524,5.362,26.136,Africa,Africa,False,False,False,False,False
Gabon,GAB,2001,Country or economy,Renewables,True,0.88,0.07,8.642,62.857,1.025,0.17,0.023,0.002,9.524,5.362,26.136,Africa,Africa,False,False,False,False,False
Gabon,GAB,2001,Country or economy,Clean,True,0.88,0.07,8.642,62.857,1.025,0.17,0.023,0.002,9.524,5.362,26.136,Africa,Africa,False,False,False,False,False
Gabon,GAB,2001,Country or economy,Fossil,True,0.52,0.02,4.0,37.143,-1.025,0.44,0.406,0.03,7.979,94.653,780.769,Africa,Africa,False,False,False,False,False
Gabon,GAB,2001,Country or economy,Total generation,True,1.4,0.09,6.87,100.0,0.0,0.6100000000000001,0.429,0.031,7.789,100.015,306.429,Africa,Africa,False,False,False,False,False
Gabon,GAB,2001,Country or economy,Demand,True,1.4,0.09,6.87,100.0,0.0,,,,,,,Africa,Africa,False,False,False,False,False
Gabon,GAB,2002,Country or economy,Solar,False,0.0,0.0,,0.0,0.0,0.0,0.0,0.0,,0.0,,Africa,Africa,False,False,False,False,False
Gabon,GAB,2002,Country or economy,Wind,False,0.0,0.0,,0.0,0.0,0.0,0.0,0.0,,0.0,,Africa,Africa,False,False,False,False,False
Gabon,GAB,2002,Country or economy,Hydro,False,0.91,0.04,4.598,61.905,-0.238,0.17,0.022,0.001,4.762,4.848,24.176,Africa,Africa,False,False,False,False,False
Gabon,GAB,2002,Country or economy,Bioenergy,False,0.01,0.0,0.0,0.68,-0.034,0.0,0.002,0.0,0.0,0.441,200.0,Africa,Africa,False,False,False,False,False
Gabon,GAB,2002,Country or economy,Other renewables,False,0.0,0.0,,0.0,0.0,0.0,0.0,0.0,,0.0,,Africa,Africa,False,False,False,False,False
Gabon,GAB,2002,Country or economy,Nuclear,False,0.0,0.0,,0.0,0.0,0.0,0.0,0.0,,0.0,,Africa,Africa,False,False,False,False,False
Gabon,GAB,2002,Country or economy,Coal,False,0.0,0.0,,0.0,0.0,,0.0,0.0,,0.0,,Africa,Africa,False,False,False,False,False
Gabon,GAB,2002,Country or economy,Gas,False,0.33,0.02,6.452,22.449,0.306,0.27,0.285,0.017,6.343,62.81,863.636,Africa,Africa,False,False,False,False,False
Gabon,GAB,2002,Country or economy,Other fossil,False,0.22,0.01,4.762,14.966,-0.034,0.17,0.145,0.007,5.072,31.956,659.091,Africa,Africa,False,False,False,False,False
Gabon,GAB,2002,Country or economy,Net imports,False,0.0,0.0,,0.0,0.0,,0.0,0.0,,0.0,,Africa,Africa,False,False,False,False,False
Gabon,GAB,2002,Country or economy,Wind and solar,True,0.0,0.0,,0.0,0.0,0.0,0.0,0.0,,0.0,,Africa,Africa,False,False,False,False,False
Gabon,GAB,2002,Country or economy,"Hydro, bioenergy and other renewables",True,0.92,0.04,4.545,62.585,-0.272,0.17,0.024,0.001,4.348,5.289,26.087,Africa,Africa,False,False,False,False,False
Gabon,GAB,2002,Country or economy,Renewables,True,0.92,0.04,4.545,62.585,-0.272,0.17,0.024,0.001,4.348,5.289,26.087,Africa,Africa,False,False,False,False,False
Gabon,GAB,2002,Country or economy,Clean,True,0.92,0.04,4.545,62.585,-0.272,0.17,0.024,0.001,4.348,5.289,26.087,Africa,Africa,False,False,False,False,False
Gabon,GAB,2002,Country or economy,Fossil,True,0.55,0.03,5.769,37.415,0.272,0.44,0.43,0.024,5.911,94.766,781.818,Africa,Africa,False,False,False,False,False
Gabon,GAB,2002,Country or economy,Total generation,True,1.47,0.07,5.0,100.0,0.0,0.6100000000000001,0.454,0.025,5.828,100.055,308.844,Africa,Africa,False,False,False,False,False
Gabon,GAB,2002,Country or economy,Demand,True,1.47,0.07,5.0,100.0,0.0,,,,,,,Africa,Africa,False,False,False,False,False
Gabon,GAB,2003,Country or economy,Solar,False,0.0,0.0,,0.0,0.0,0.0,0.0,0.0,,0.0,,Africa,Africa,False,False,False,False,False
Gabon,GAB,2003,Country or economy,Wind,False,0.0,0.0,,0.0,0.0,0.0,0.0,0.0,,0.0,,Africa,Africa,False,False,False,False,False
Gabon,GAB,2003,Country or economy,Hydro,False,0.89,-0.02,-2.198,58.17,-3.735,0.17,0.021,-0.001,-4.545,4.117,23.596,Africa,Africa,False,False,False,False,False
Gabon,GAB,2003,Country or economy,Bioenergy,False,0.01,0.0,0.0,0.654,-0.026,0.0,0.002,0.0,0.0,0.392,200.0,Africa,Africa,False,False,False,False,False
Gabon,GAB,2003,Country or economy,Other renewables,False,0.0,0.0,,0.0,0.0,0.0,0.0,0.0,,0.0,,Africa,Africa,False,False,False,False,False
Gabon,GAB,2003,Country or economy,Nuclear,False,0.0,0.0,,0.0,0.0,0.0,0.0,0.0,,0.0,,Africa,Africa,False,False,False,False,False
Gabon,GAB,2003,Country or economy,Coal,False,0.0,0.0,,0.0,0.0,,0.0,0.0,,0.0,,Africa,Africa,False,False,False,False,False
Gabon,GAB,2003,Country or economy,Gas,False,0.35,0.02,6.061,22.876,0.427,0.27,0.302,0.017,5.965,59.211,862.857,Africa,Africa,False,False,False,False,False
Gabon,GAB,2003,Country or economy,Other fossil,False,0.28,0.06,27.273,18.301,3.335,0.18,0.184,0.039,26.897,36.076,657.143,Africa,Africa,False,False,False,False,False
Gabon,GAB,2003,Country or economy,Net imports,False,0.0,0.0,,0.0,0.0,,0.0,0.0,,0.0,,Africa,Africa,False,False,False,False,False
Gabon,GAB,2003,Country or economy,Wind and solar,True,0.0,0.0,,0.0,0.0,0.0,0.0,0.0,,0.0,,Africa,Africa,False,False,False,False,False
Gabon,GAB,2003,Country or economy,"Hydro, bioenergy and other renewables",True,0.9,-0.02,-2.174,58.824,-3.761,0.17,0.023,-0.001,-4.167,4.509,25.556,Africa,Africa,False,False,False,False,False
Gabon,GAB,2003,Country or economy,Renewables,True,0.9,-0.02,-2.174,58.824,-3.761,0.17,0.023,-0.001,-4.167,4.509,25.556,Africa,Africa,False,False,False,False,False
Gabon,GAB,2003,Country or economy,Clean,True,0.9,-0.02,-2.174,58.824,-3.761,0.17,0.023,-0.001,-4.167,4.509,25.556,Africa,Africa,False,False,False,False,False
Gabon,GAB,2003,Country or economy,Fossil,True,0.63,0.08,14.545,41.176,3.761,0.45,0.487,0.057,13.256,95.483,773.016,Africa,Africa,False,False,False,False,False
Gabon,GAB,2003,Country or economy,Total generation,True,1.53,0.06,4.082,100.0,0.0,0.6200000000000001,0.51,0.056,12.335,99.992,333.333,Africa,Africa,False,False,False,False,False
Gabon,GAB,2003,Country or economy,Demand,True,1.53,0.06,4.082,100.0,0.0,,,,,,,Africa,Africa,False,False,False,False,False
Gabon,GAB,2004,Country or economy,Solar,False,0.0,0.0,,0.0,0.0,0.0,0.0,0.0,,0.0,,Africa,Africa,False,False,False,False,False
Gabon,GAB,2004,Country or economy,Wind,False,0.0,0.0,,0.0,0.0,0.0,0.0,0.0,,0.0,,Africa,Africa,False,False,False,False,False
Gabon,GAB,2004,Country or economy,Hydro,False,0.88,-0.01,-1.124,57.516,-0.654,0.17,0.021,0.0,0.0,4.116,23.864,Africa,Africa,False,False,False,False,False
Gabon,GAB,2004,Country or economy,Bioenergy,False,0.01,0.0,0.0,0.654,0.0,0.0,0.002,0.0,0.0,0.392,200.0,Africa,Africa,False,False,False,False,False
Gabon,GAB,2004,Country or economy,Other renewables,False,0.0,0.0,,0.0,0.0,0.0,0.0,0.0,,0.0,,Africa,Africa,False,False,False,False,False
Gabon,GAB,2004,Country or economy,Nuclear,False,0.0,0.0,,0.0,0.0,0.0,0.0,0.0,,0.0,,Africa,Africa,False,False,False,False,False
Gabon,GAB,2004,Country or economy,Coal,False,0.0,0.0,,0.0,0.0,,0.0,0.0,,0.0,,Africa,Africa,False,False,False,False,False
Gabon,GAB,2004,Country or economy,Gas,False,0.32,-0.03,-8.571,20.915,-1.961,0.27,0.277,-0.025,-8.278,54.293,865.625,Africa,Africa,False,False,False,False,False
Gabon,GAB,2004,Country or economy,Other fossil,False,0.32,0.04,14.286,20.915,2.614,0.17,0.211,0.027,14.674,41.357,659.375,Africa,Africa,False,False,False,False,False
Gabon,GAB,2004,Country or economy,Net imports,False,0.0,0.0,,0.0,0.0,,0.0,0.0,,0.0,,Africa,Africa,False,False,False,False,False
Gabon,GAB,2004,Country or economy,Wind and solar,True,0.0,0.0,,0.0,0.0,0.0,0.0,0.0,,0.0,,Africa,Africa,False,False,False,False,False
Gabon,GAB,2004,Country or economy,"Hydro, bioenergy and other renewables",True,0.89,-0.01,-1.111,58.17,-0.654,0.17,0.023,0.0,0.0,4.508,25.843,Africa,Africa,False,False,False,False,False
Gabon,GAB,2004,Country or economy,Renewables,True,0.89,-0.01,-1.111,58.17,-0.654,0.17,0.023,0.0,0.0,4.508,25.843,Africa,Africa,False,False,False,False,False
Gabon,GAB,2004,Country or economy,Clean,True,0.89,-0.01,-1.111,58.17,-0.654,0.17,0.023,0.0,0.0,4.508,25.843,Africa,Africa,False,False,False,False,False
Gabon,GAB,2004,Country or economy,Fossil,True,0.64,0.01,1.587,41.83,0.654,0.44,0.487,0.0,0.0,95.454,760.937,Africa,Africa,False,False,False,False,False
Gabon,GAB,2004,Country or economy,Total generation,True,1.53,0.0,0.0,100.0,0.0,0.6100000000000001,0.51,0.0,0.0,99.962,333.333,Africa,Africa,False,False,False,False,False
Gabon,GAB,2004,Country or economy,Demand,True,1.53,0.0,0.0,100.0,0.0,,,,,,,Africa,Africa,False,False,False,False,False
Gabon,GAB,2005,Country or economy,Solar,False,0.0,0.0,,0.0,0.0,0.0,0.0,0.0,,0.0,,Africa,Africa,False,False,False,False,False
Gabon,GAB,2005,Country or economy,Wind,False,0.0,0.0,,0.0,0.0,0.0,0.0,0.0,,0.0,,Africa,Africa,False,False,False,False,False
Gabon,GAB,2005,Country or economy,Hydro,False,0.8,-0.08,-9.091,50.955,-6.561,0.17,0.019,-0.002,-9.524,3.224,23.75,Africa,Africa,False,False,False,False,False
Gabon,GAB,2005,Country or economy,Bioenergy,False,0.01,0.0,0.0,0.637,-0.017,0.0,0.002,0.0,0.0,0.339,200.0,Africa,Africa,False,False,False,False,False
Gabon,GAB,2005,Country or economy,Other renewables,False,0.0,0.0,,0.0,0.0,0.0,0.0,0.0,,0.0,,Africa,Africa,False,False,False,False,False
Gabon,GAB,2005,Country or economy,Nuclear,False,0.0,0.0,,0.0,0.0,0.0,0.0,0.0,,0.0,,Africa,Africa,False,False,False,False,False
Gabon,GAB,2005,Country or economy,Coal,False,0.0,0.0,,0.0,0.0,,0.0,0.0,,0.0,,Africa,Africa,False,False,False,False,False
Gabon,GAB,2005,Country or economy,Gas,False,0.33,0.01,3.125,21.019,0.104,0.27,0.285,0.008,2.888,48.361,863.636,Africa,Africa,False,False,False,False,False
Gabon,GAB,2005,Country or economy,Other fossil,False,0.43,0.11,34.375,27.389,6.474,0.17,0.283,0.072,34.123,48.022,658.14,Africa,Africa,False,False,False,False,False
Gabon,GAB,2005,Country or economy,Net imports,False,0.0,0.0,,0.0,0.0,,0.0,0.0,,0.0,,Africa,Africa,False,False,False,False,False
Gabon,GAB,2005,Country or economy,Wind and solar,True,0.0,0.0,,0.0,0.0,0.0,0.0,0.0,,0.0,,Africa,Africa,False,False,False,False,False
Gabon,GAB,2005,Country or economy,"Hydro, bioenergy and other renewables",True,0.81,-0.08,-8.989,51.592,-6.578,0.17,0.021,-0.002,-8.696,3.563,25.926,Africa,Africa,False,False,False,False,False
Gabon,GAB,2005,Country or economy,Renewables,True,0.81,-0.08,-8.989,51.592,-6.578,0.17,0.021,-0.002,-8.696,3.563,25.926,Africa,Africa,False,False,False,False,False
Gabon,GAB,2005,Country or economy,Clean,True,0.81,-0.08,-8.989,51.592,-6.578,0.17,0.021,-0.002,-8.696,3.563,25.926,Africa,Africa,False,False,False,False,False
Gabon,GAB,2005,Country or economy,Fossil,True,0.76,0.12,18.75,48.408,6.578,0.44,0.568,0.081,16.632,96.383,747.368,Africa,Africa,False,False,False,False,False
Gabon,GAB,2005,Country or economy,Total generation,True,1.57,0.04,2.614,100.0,0.0,0.6100000000000001,0.589,0.079,15.49,99.946,375.159,Africa,Africa,False,False,False,False,False
Gabon,GAB,2005,Country or economy,Demand,True,1.57,0.04,2.614,100.0,0.0,,,,,,,Africa,Africa,False,False,False,False,False
Gabon,GAB,2006,Country or economy,Solar,False,0.0,0.0,,0.0,0.0,0.0,0.0,0.0,,0.0,,Africa,Africa,False,False,False,False,False
Gabon,GAB,2006,Country or economy,Wind,False,0.0,0.0,,0.0,0.0,0.0,0.0,0.0,,0.0,,Africa,Africa,False,False,False,False,False
Gabon,GAB,2006,Country or economy,Hydro,False,0.94,0.14,17.5,56.627,5.672,0.17,0.022,0.003,15.789,3.93,23.404,Africa,Africa,False,False,False,False,False
Gabon,GAB,2006,Country or economy,Bioenergy,False,0.01,0.0,0.0,0.602,-0.035,0.0,0.002,0.0,0.0,0.357,200.0,Africa,Africa,False,False,False,False,False
Gabon,GAB,2006,Country or economy,Other renewables,False,0.0,0.0,,0.0,0.0,0.0,0.0,0.0,,0.0,,Africa,Africa,False,False,False,False,False
Gabon,GAB,2006,Country or economy,Nuclear,False,0.0,0.0,,0.0,0.0,0.0,0.0,0.0,,0.0,,Africa,Africa,False,False,False,False,False
Gabon,GAB,2006,Country or economy,Coal,False,0.0,0.0,,0.0,0.0,,0.0,0.0,,0.0,,Africa,Africa,False,False,False,False,False
Gabon,GAB,2006,Country or economy,Gas,False,0.33,0.0,0.0,19.88,-1.139,0.27,0.285,0.0,0.0,50.916,863.636,Africa,Africa,False,False,False,False,False
Gabon,GAB,2006,Country or economy,Other fossil,False,0.38,-0.05,-11.628,22.892,-4.497,0.17,0.25,-0.033,-11.661,44.663,657.895,Africa,Africa,False,False,False,False,False
Gabon,GAB,2006,Country or economy,Net imports,False,0.0,0.0,,0.0,0.0,,0.0,0.0,,0.0,,Africa,Africa,False,False,False,False,False
Gabon,GAB,2006,Country or economy,Wind and solar,True,0.0,0.0,,0.0,0.0,0.0,0.0,0.0,,0.0,,Africa,Africa,False,False,False,False,False
Gabon,GAB,2006,Country or economy,"Hydro, bioenergy and other renewables",True,0.95,0.14,17.284,57.229,5.637,0.17,0.024,0.003,14.286,4.288,25.263,Africa,Africa,False,False,False,False,False
Gabon,GAB,2006,Country or economy,Renewables,True,0.95,0.14,17.284,57.229,5.637,0.17,0.024,0.003,14.286,4.288,25.263,Africa,Africa,False,False,False,False,False
Gabon,GAB,2006,Country or economy,Clean,True,0.95,0.14,17.284,57.229,5.637,0.17,0.024,0.003,14.286,4.288,25.263,Africa,Africa,False,False,False,False,False
Gabon,GAB,2006,Country or economy,Fossil,True,0.71,-0.05,-6.579,42.771,-5.637,0.44,0.535,-0.033,-5.81,95.58,753.521,Africa,Africa,False,False,False,False,False
Gabon,GAB,2006,Country or economy,Total generation,True,1.66,0.09,5.732,100.0,0.0,0.6100000000000001,0.56,-0.029,-4.924,100.046,337.349,Africa,Africa,False,False,False,False,False
Gabon,GAB,2006,Country or economy,Demand,True,1.66,0.09,5.732,100.0,0.0,,,,,,,Africa,Africa,False,False,False,False,False
Gabon,GAB,2007,Country or economy,Solar,False,0.0,0.0,,0.0,0.0,0.0,0.0,0.0,,0.0,,Africa,Africa,False,False,False,False,False
Gabon,GAB,2007,Country or economy,Wind,False,0.0,0.0,,0.0,0.0,0.0,0.0,0.0,,0.0,,Africa,Africa,False,False,False,False,False
Gabon,GAB,2007,Country or economy,Hydro,False,0.79,-0.15,-15.957,45.665,-10.962,0.17,0.019,-0.003,-13.636,2.703,24.051,Africa,Africa,False,False,False,False,False
Gabon,GAB,2007,Country or economy,Bioenergy,False,0.01,0.0,0.0,0.578,-0.024,0.0,0.002,0.0,0.0,0.284,200.0,Africa,Africa,False,False,False,False,False
Gabon,GAB,2007,Country or economy,Other renewables,False,0.0,0.0,,0.0,0.0,0.0,0.0,0.0,,0.0,,Africa,Africa,False,False,False,False,False
Gabon,GAB,2007,Country or economy,Nuclear,False,0.0,0.0,,0.0,0.0,0.0,0.0,0.0,,0.0,,Africa,Africa,False,False,False,False,False
Gabon,GAB,2007,Country or economy,Coal,False,0.0,0.0,,0.0,0.0,,0.0,0.0,,0.0,,Africa,Africa,False,False,False,False,False
Gabon,GAB,2007,Country or economy,Gas,False,0.34,0.01,3.03,19.653,-0.227,0.27,0.294,0.009,3.158,41.821,864.706,Africa,Africa,False,False,False,False,False
Gabon,GAB,2007,Country or economy,Other fossil,False,0.59,0.21,55.263,34.104,11.212,0.21,0.388,0.138,55.2,55.192,657.627,Africa,Africa,False,False,False,False,False
Gabon,GAB,2007,Country or economy,Net imports,False,0.0,0.0,,0.0,0.0,,0.0,0.0,,0.0,,Africa,Africa,False,False,False,False,False
Gabon,GAB,2007,Country or economy,Wind and solar,True,0.0,0.0,,0.0,0.0,0.0,0.0,0.0,,0.0,,Africa,Africa,False,False,False,False,False
Gabon,GAB,2007,Country or economy,"Hydro, bioenergy and other renewables",True,0.8,-0.15,-15.789,46.243,-10.986,0.17,0.021,-0.003,-12.5,2.987,26.25,Africa,Africa,False,False,False,False,False
Gabon,GAB,2007,Country or economy,Renewables,True,0.8,-0.15,-15.789,46.243,-10.986,0.17,0.021,-0.003,-12.5,2.987,26.25,Africa,Africa,False,False,False,False,False
Gabon,GAB,2007,Country or economy,Clean,True,0.8,-0.15,-15.789,46.243,-10.986,0.17,0.021,-0.003,-12.5,2.987,26.25,Africa,Africa,False,False,False,False,False
Gabon,GAB,2007,Country or economy,Fossil,True,0.93,0.22,30.986,53.757,10.986,0.48,0.682,0.147,27.477,97.013,733.333,Africa,Africa,False,False,False,False,False
Gabon,GAB,2007,Country or economy,Total generation,True,1.73,0.07,4.217,100.0,0.0,0.65,0.703,0.143,25.536,100.0,406.358,Africa,Africa,False,False,False,False,False
Gabon,GAB,2007,Country or economy,Demand,True,1.73,0.07,4.217,100.0,0.0,,,,,,,Africa,Africa,False,False,False,False,False
Gabon,GAB,2008,Country or economy,Solar,False,0.0,0.0,,0.0,0.0,0.0,0.0,0.0,,0.0,,Africa,Africa,False,False,False,False,False
Gabon,GAB,2008,Country or economy,Wind,False,0.0,0.0,,0.0,0.0,0.0,0.0,0.0,,0.0,,Africa,Africa,False,False,False,False,False
Gabon,GAB,2008,Country or economy,Hydro,False,0.88,0.09,11.392,48.619,2.954,0.17,0.021,0.002,10.526,2.871,23.864,Africa,Africa,False,False,False,False,False
Gabon,GAB,2008,Country or economy,Bioenergy,False,0.01,0.0,0.0,0.552,-0.026,0.0,0.002,0.0,0.0,0.273,200.0,Africa,Africa,False,False,False,False,False
Gabon,GAB,2008,Country or economy,Other renewables,False,0.0,0.0,,0.0,0.0,0.0,0.0,0.0,,0.0,,Africa,Africa,False,False,False,False,False
Gabon,GAB,2008,Country or economy,Nuclear,False,0.0,0.0,,0.0,0.0,0.0,0.0,0.0,,0.0,,Africa,Africa,False,False,False,False,False
Gabon,GAB,2008,Country or economy,Coal,False,0.0,0.0,,0.0,0.0,,0.0,0.0,,0.0,,Africa,Africa,False,False,False,False,False
Gabon,GAB,2008,Country or economy,Gas,False,0.5,0.16,47.059,27.624,7.971,0.27,0.432,0.138,46.939,59.052,864.0,Africa,Africa,False,False,False,False,False
Gabon,GAB,2008,Country or economy,Other fossil,False,0.42,-0.17,-28.814,23.204,-10.9,0.2,0.276,-0.112,-28.866,37.728,657.143,Africa,Africa,False,False,False,False,False
Gabon,GAB,2008,Country or economy,Net imports,False,0.0,0.0,,0.0,0.0,,0.0,0.0,,0.0,,Africa,Africa,False,False,False,False,False
Gabon,GAB,2008,Country or economy,Wind and solar,True,0.0,0.0,,0.0,0.0,0.0,0.0,0.0,,0.0,,Africa,Africa,False,False,False,False,False
Gabon,GAB,2008,Country or economy,"Hydro, bioenergy and other renewables",True,0.89,0.09,11.25,49.171,2.928,0.17,0.023,0.002,9.524,3.144,25.843,Africa,Africa,False,False,False,False,False
Gabon,GAB,2008,Country or economy,Renewables,True,0.89,0.09,11.25,49.171,2.928,0.17,0.023,0.002,9.524,3.144,25.843,Africa,Africa,False,False,False,False,False
Gabon,GAB,2008,Country or economy,Clean,True,0.89,0.09,11.25,49.171,2.928,0.17,0.023,0.002,9.524,3.144,25.843,Africa,Africa,False,False,False,False,False
Gabon,GAB,2008,Country or economy,Fossil,True,0.92,-0.01,-1.075,50.829,-2.928,0.47,0.708,0.026,3.812,96.779,769.565,Africa,Africa,False,False,False,False,False
Gabon,GAB,2008,Country or economy,Total generation,True,1.81,0.08,4.624,100.0,0.0,0.6400000000000001,0.732,0.029,4.125,100.06,404.42,Africa,Africa,False,False,False,False,False
Gabon,GAB,2008,Country or economy,Demand,True,1.81,0.08,4.624,100.0,0.0,,,,,,,Africa,Africa,False,False,False,False,False
Gabon,GAB,2009,Country or economy,Solar,False,0.0,0.0,,0.0,0.0,0.0,0.0,0.0,,0.0,,Africa,Africa,False,False,False,False,False
Gabon,GAB,2009,Country or economy,Wind,False,0.0,0.0,,0.0,0.0,0.0,0.0,0.0,,0.0,,Africa,Africa,False,False,False,False,False
Gabon,GAB,2009,Country or economy,Hydro,False,0.94,0.06,6.818,51.366,2.747,0.17,0.022,0.001,4.762,2.991,23.404,Africa,Africa,False,False,False,False,False
Gabon,GAB,2009,Country or economy,Bioenergy,False,0.01,0.0,0.0,0.546,-0.006,0.0,0.002,0.0,0.0,0.272,200.0,Africa,Africa,False,False,False,False,False
Gabon,GAB,2009,Country or economy,Other renewables,False,0.0,0.0,,0.0,0.0,0.0,0.0,0.0,,0.0,,Africa,Africa,False,False,False,False,False
Gabon,GAB,2009,Country or economy,Nuclear,False,0.0,0.0,,0.0,0.0,0.0,0.0,0.0,,0.0,,Africa,Africa,False,False,False,False,False
Gabon,GAB,2009,Country or economy,Coal,False,0.0,0.0,,0.0,0.0,,0.0,0.0,,0.0,,Africa,Africa,False,False,False,False,False
Gabon,GAB,2009,Country or economy,Gas,False,0.64,0.14,28.0,34.973,7.349,0.27,0.553,0.121,28.009,75.182,864.063,Africa,Africa,False,False,False,False,False
Gabon,GAB,2009,Country or economy,Other fossil,False,0.24,-0.18,-42.857,13.115,-10.089,0.2,0.158,-0.118,-42.754,21.481,658.333,Africa,Africa,False,False,False,False,False
Gabon,GAB,2009,Country or economy,Net imports,False,0.0,0.0,,0.0,0.0,,0.0,0.0,,0.0,,Africa,Africa,False,False,False,False,False
Gabon,GAB,2009,Country or economy,Wind and solar,True,0.0,0.0,,0.0,0.0,0.0,0.0,0.0,,0.0,,Africa,Africa,False,False,False,False,False
Gabon,GAB,2009,Country or economy,"Hydro, bioenergy and other renewables",True,0.95,0.06,6.742,51.913,2.742,0.17,0.024,0.001,4.348,3.263,25.263,Africa,Africa,False,False,False,False,False
Gabon,GAB,2009,Country or economy,Renewables,True,0.95,0.06,6.742,51.913,2.742,0.17,0.024,0.001,4.348,3.263,25.263,Africa,Africa,False,False,False,False,False
Gabon,GAB,2009,Country or economy,Clean,True,0.95,0.06,6.742,51.913,2.742,0.17,0.024,0.001,4.348,3.263,25.263,Africa,Africa,False,False,False,False,False
Gabon,GAB,2009,Country or economy,Fossil,True,0.88,-0.04,-4.348,48.087,-2.742,0.47,0.711,0.003,0.424,96.663,807.955,Africa,Africa,False,False,False,False,False
Gabon,GAB,2009,Country or economy,Total generation,True,1.83,0.02,1.105,100.0,0.0,0.6400000000000001,0.736,0.004,0.546,100.062,402.186,Africa,Africa,False,False,False,False,False
Gabon,GAB,2009,Country or economy,Demand,True,1.83,0.02,1.105,100.0,0.0,,,,,,,Africa,Africa,False,False,False,False,False
Gabon,GAB,2010,Country or economy,Solar,False,0.0,0.0,,0.0,0.0,0.0,0.0,0.0,,0.0,,Africa,Africa,False,False,False,False,False
Gabon,GAB,2010,Country or economy,Wind,False,0.0,0.0,,0.0,0.0,0.0,0.0,0.0,,0.0,,Africa,Africa,False,False,False,False,False
Gabon,GAB,2010,Country or economy,Hydro,False,0.9,-0.04,-4.255,46.632,-4.734,0.17,0.021,-0.001,-4.545,2.437,23.333,Africa,Africa,False,False,False,False,False
Gabon,GAB,2010,Country or economy,Bioenergy,False,0.01,0.0,0.0,0.518,-0.028,0.0,0.002,0.0,0.0,0.232,200.0,Africa,Africa,False,False,False,False,False
Gabon,GAB,2010,Country or economy,Other renewables,False,0.0,0.0,,0.0,0.0,0.0,0.0,0.0,,0.0,,Africa,Africa,False,False,False,False,False
Gabon,GAB,2010,Country or economy,Nuclear,False,0.0,0.0,,0.0,0.0,0.0,0.0,0.0,,0.0,,Africa,Africa,False,False,False,False,False
Gabon,GAB,2010,Country or economy,Coal,False,0.0,0.0,,0.0,0.0,,0.0,0.0,,0.0,,Africa,Africa,False,False,False,False,False
Gabon,GAB,2010,Country or economy,Gas,False,0.81,0.17,26.562,41.969,6.996,0.27,0.7,0.147,26.582,81.227,864.198,Africa,Africa,False,False,False,False,False
Gabon,GAB,2010,Country or economy,Other fossil,False,0.21,-0.03,-12.5,10.881,-2.234,0.12,0.138,-0.02,-12.658,16.013,657.143,Africa,Africa,False,False,False,False,False
Gabon,GAB,2010,Country or economy,Net imports,False,0.0,0.0,,0.0,0.0,,0.0,0.0,,0.0,,Africa,Africa,False,False,False,False,False
Gabon,GAB,2010,Country or economy,Wind and solar,True,0.0,0.0,,0.0,0.0,0.0,0.0,0.0,,0.0,,Africa,Africa,False,False,False,False,False
Gabon,GAB,2010,Country or economy,"Hydro, bioenergy and other renewables",True,0.91,-0.04,-4.211,47.15,-4.763,0.17,0.024,0.0,0.0,2.785,26.374,Africa,Africa,False,False,False,False,False
Gabon,GAB,2010,Country or economy,Renewables,True,0.91,-0.04,-4.211,47.15,-4.763,0.17,0.024,0.0,0.0,2.785,26.374,Africa,Africa,False,False,False,False,False
Gabon,GAB,2010,Country or economy,Clean,True,0.91,-0.04,-4.211,47.15,-4.763,0.17,0.024,0.0,0.0,2.785,26.374,Africa,Africa,False,False,False,False,False
Gabon,GAB,2010,Country or economy,Fossil,True,1.02,0.14,15.909,52.85,4.763,0.39,0.838,0.127,17.862,97.241,821.569,Africa,Africa,False,False,False,False,False
Gabon,GAB,2010,Country or economy,Total generation,True,1.93,0.1,5.464,100.0,0.0,0.56,0.862,0.126,17.12,100.026,446.632,Africa,Africa,False,False,False,False,False
Gabon,GAB,2010,Country or economy,Demand,True,1.93,0.1,5.464,100.0,0.0,,,,,,,Africa,Africa,False,False,False,False,False
Gabon,GAB,2011,Country or economy,Solar,False,0.0,0.0,,0.0,0.0,0.0,0.0,0.0,,0.0,,Africa,Africa,False,False,False,False,False
Gabon,GAB,2011,Country or economy,Wind,False,0.0,0.0,,0.0,0.0,0.0,0.0,0.0,,0.0,,Africa,Africa,False,False,False,False,False
Gabon,GAB,2011,Country or economy,Hydro,False,0.83,-0.07,-7.778,40.887,-5.745,0.17,0.02,-0.001,-4.762,1.994,24.096,Africa,Africa,False,False,False,False,False
Gabon,GAB,2011,Country or economy,Bioenergy,False,0.01,0.0,0.0,0.493,-0.025,0.0,0.002,0.0,0.0,0.199,200.0,Africa,Africa,False,False,False,False,False
Gabon,GAB,2011,Country or economy,Other renewables,False,0.0,0.0,,0.0,0.0,0.0,0.0,0.0,,0.0,,Africa,Africa,False,False,False,False,False
Gabon,GAB,2011,Country or economy,Nuclear,False,0.0,0.0,,0.0,0.0,0.0,0.0,0.0,,0.0,,Africa,Africa,False,False,False,False,False
Gabon,GAB,2011,Country or economy,Coal,False,0.0,0.0,,0.0,0.0,,0.0,0.0,,0.0,,Africa,Africa,False,False,False,False,False
Gabon,GAB,2011,Country or economy,Gas,False,0.96,0.15,18.519,47.291,5.322,0.27,0.83,0.13,18.571,82.759,864.583,Africa,Africa,False,False,False,False,False
Gabon,GAB,2011,Country or economy,Other fossil,False,0.23,0.02,9.524,11.33,0.449,0.12,0.151,0.013,9.42,15.056,656.522,Africa,Africa,False,False,False,False,False
Gabon,GAB,2011,Country or economy,Net imports,False,0.0,0.0,,0.0,0.0,,0.0,0.0,,0.0,,Africa,Africa,False,False,False,False,False
Gabon,GAB,2011,Country or economy,Wind and solar,True,0.0,0.0,,0.0,0.0,0.0,0.0,0.0,,0.0,,Africa,Africa,False,False,False,False,False
Gabon,GAB,2011,Country or economy,"Hydro, bioenergy and other renewables",True,0.84,-0.07,-7.692,41.379,-5.771,0.17,0.022,-0.002,-8.333,2.194,26.19,Africa,Africa,False,False,False,False,False
Gabon,GAB,2011,Country or economy,Renewables,True,0.84,-0.07,-7.692,41.379,-5.771,0.17,0.022,-0.002,-8.333,2.194,26.19,Africa,Africa,False,False,False,False,False
Gabon,GAB,2011,Country or economy,Clean,True,0.84,-0.07,-7.692,41.379,-5.771,0.17,0.022,-0.002,-8.333,2.194,26.19,Africa,Africa,False,False,False,False,False
Gabon,GAB,2011,Country or economy,Fossil,True,1.19,0.17,16.667,58.621,5.771,0.39,0.981,0.143,17.064,97.815,824.37,Africa,Africa,False,False,False,False,False
Gabon,GAB,2011,Country or economy,Total generation,True,2.03,0.1,5.181,100.0,0.0,0.56,1.003,0.141,16.357,100.009,494.089,Africa,Africa,False,False,False,False,False
Gabon,GAB,2011,Country or economy,Demand,True,2.03,0.1,5.181,100.0,0.0,,,,,,,Africa,Africa,False,False,False,False,False
Gabon,GAB,2012,Country or economy,Solar,False,0.0,0.0,,0.0,0.0,0.0,0.0,0.0,,0.0,,Africa,Africa,False,False,False,False,False
Gabon,GAB,2012,Country or economy,Wind,False,0.0,0.0,,0.0,0.0,0.0,0.0,0.0,,0.0,,Africa,Africa,False,False,False,False,False
Gabon,GAB,2012,Country or economy,Hydro,False,0.9,0.07,8.434,41.667,0.78,0.17,0.021,0.001,5.0,2.015,23.333,Africa,Africa,False,False,False,False,False
Gabon,GAB,2012,Country or economy,Bioenergy,False,0.01,0.0,0.0,0.463,-0.03,0.0,0.002,0.0,0.0,0.192,200.0,Africa,Africa,False,False,False,False,False
Gabon,GAB,2012,Country or economy,Other renewables,False,0.0,0.0,,0.0,0.0,0.0,0.0,0.0,,0.0,,Africa,Africa,False,False,False,False,False
Gabon,GAB,2012,Country or economy,Nuclear,False,0.0,0.0,,0.0,0.0,0.0,0.0,0.0,,0.0,,Africa,Africa,False,False,False,False,False
Gabon,GAB,2012,Country or economy,Coal,False,0.0,0.0,,0.0,0.0,,0.0,0.0,,0.0,,Africa,Africa,False,False,False,False,False
Gabon,GAB,2012,Country or economy,Gas,False,0.95,-0.01,-1.042,43.981,-3.31,0.27,0.821,-0.009,-1.084,78.791,864.211,Africa,Africa,False,False,False,False,False
Gabon,GAB,2012,Country or economy,Other fossil,False,0.3,0.07,30.435,13.889,2.559,0.1,0.197,0.046,30.464,18.906,656.667,Africa,Africa,False,False,False,False,False
Gabon,GAB,2012,Country or economy,Net imports,False,0.0,0.0,,0.0,0.0,,0.0,0.0,,0.0,,Africa,Africa,False,False,False,False,False
Gabon,GAB,2012,Country or economy,Wind and solar,True,0.0,0.0,,0.0,0.0,0.0,0.0,0.0,,0.0,,Africa,Africa,False,False,False,False,False
Gabon,GAB,2012,Country or economy,"Hydro, bioenergy and other renewables",True,0.91,0.07,8.333,42.13,0.751,0.17,0.024,0.002,9.091,2.303,26.374,Africa,Africa,False,False,False,False,False
Gabon,GAB,2012,Country or economy,Renewables,True,0.91,0.07,8.333,42.13,0.751,0.17,0.024,0.002,9.091,2.303,26.374,Africa,Africa,False,False,False,False,False
Gabon,GAB,2012,Country or economy,Clean,True,0.91,0.07,8.333,42.13,0.751,0.17,0.024,0.002,9.091,2.303,26.374,Africa,Africa,False,False,False,False,False
Gabon,GAB,2012,Country or economy,Fossil,True,1.25,0.06,5.042,57.87,-0.751,0.37,1.018,0.037,3.772,97.697,814.4,Africa,Africa,False,False,False,False,False
Gabon,GAB,2012,Country or economy,Total generation,True,2.16,0.13,6.404,100.0,0.0,0.54,1.042,0.039,3.888,100.0,482.407,Africa,Africa,False,False,False,False,False
Gabon,GAB,2012,Country or economy,Demand,True,2.16,0.13,6.404,100.0,0.0,,,,,,,Africa,Africa,False,False,False,False,False
Gabon,GAB,2013,Country or economy,Solar,False,0.0,0.0,,0.0,0.0,0.0,0.0,0.0,,0.0,,Africa,Africa,False,False,False,False,False
Gabon,GAB,2013,Country or economy,Wind,False,0.0,0.0,,0.0,0.0,0.0,0.0,0.0,,0.0,,Africa,Africa,False,False,False,False,False
Gabon,GAB,2013,Country or economy,Hydro,False,0.93,0.03,3.333,44.498,2.831,0.17,0.022,0.001,4.762,2.306,23.656,Africa,Africa,False,False,False,False,False
Gabon,GAB,2013,Country or economy,Bioenergy,False,0.01,0.0,0.0,0.478,0.015,0.0,0.002,0.0,0.0,0.21,200.0,Africa,Africa,False,False,False,False,False
Gabon,GAB,2013,Country or economy,Other renewables,False,0.0,0.0,,0.0,0.0,0.0,0.0,0.0,,0.0,,Africa,Africa,False,False,False,False,False
Gabon,GAB,2013,Country or economy,Nuclear,False,0.0,0.0,,0.0,0.0,0.0,0.0,0.0,,0.0,,Africa,Africa,False,False,False,False,False
Gabon,GAB,2013,Country or economy,Coal,False,0.0,0.0,,0.0,0.0,,0.0,0.0,,0.0,,Africa,Africa,False,False,False,False,False
Gabon,GAB,2013,Country or economy,Gas,False,0.84,-0.11,-11.579,40.191,-3.79,0.5,0.726,-0.095,-11.571,76.083,864.286,Africa,Africa,False,False,False,False,False
Gabon,GAB,2013,Country or economy,Other fossil,False,0.31,0.01,3.333,14.833,0.944,0.09,0.204,0.007,3.553,21.379,658.065,Africa,Africa,False,False,False,False,False
Gabon,GAB,2013,Country or economy,Net imports,False,0.18,0.18,,8.612,8.612,,0.0,0.0,,0.0,0.0,Africa,Africa,False,False,False,False,False
Gabon,GAB,2013,Country or economy,Wind and solar,True,0.0,0.0,,0.0,0.0,0.0,0.0,0.0,,0.0,,Africa,Africa,False,False,False,False,False
Gabon,GAB,2013,Country or economy,"Hydro, bioenergy and other renewables",True,0.94,0.03,3.297,44.976,2.846,0.17,0.024,0.0,0.0,2.515,25.532,Africa,Africa,False,False,False,False,False
Gabon,GAB,2013,Country or economy,Renewables,True,0.94,0.03,3.297,44.976,2.846,0.17,0.024,0.0,0.0,2.515,25.532,Africa,Africa,False,False,False,False,False
Gabon,GAB,2013,Country or economy,Clean,True,0.94,0.03,3.297,44.976,2.846,0.17,0.024,0.0,0.0,2.515,25.532,Africa,Africa,False,False,False,False,False
Gabon,GAB,2013,Country or economy,Fossil,True,1.15,-0.1,-8.0,55.024,-2.846,0.59,0.93,-0.088,-8.644,97.462,808.696,Africa,Africa,False,False,False,False,False
Gabon,GAB,2013,Country or economy,Total generation,True,2.09,-0.07,-3.241,100.0,0.0,0.76,0.954,-0.088,-8.445,99.977,456.459,Africa,Africa,False,False,False,False,False
Gabon,GAB,2013,Country or economy,Demand,True,2.27,0.11,5.093,108.612,8.612,,,,,,,Africa,Africa,False,False,False,False,False
Gabon,GAB,2014,Country or economy,Solar,False,0.0,0.0,,0.0,0.0,0.0,0.0,0.0,,0.0,,Africa,Africa,False,False,False,False,False
Gabon,GAB,2014,Country or economy,Wind,False,0.0,0.0,,0.0,0.0,0.0,0.0,0.0,,0.0,,Africa,Africa,False,False,False,False,False
Gabon,GAB,2014,Country or economy,Hydro,False,0.79,-0.14,-15.054,39.698,-4.8,0.17,0.019,-0.003,-13.636,1.904,24.051,Africa,Africa,False,False,False,False,False
Gabon,GAB,2014,Country or economy,Bioenergy,False,0.01,0.0,0.0,0.503,0.025,0.0,0.002,0.0,0.0,0.2,200.0,Africa,Africa,False,False,False,False,False
Gabon,GAB,2014,Country or economy,Other renewables,False,0.0,0.0,,0.0,0.0,0.0,0.0,0.0,,0.0,,Africa,Africa,False,False,False,False,False
Gabon,GAB,2014,Country or economy,Nuclear,False,0.0,0.0,,0.0,0.0,0.0,0.0,0.0,,0.0,,Africa,Africa,False,False,False,False,False
Gabon,GAB,2014,Country or economy,Coal,False,0.0,0.0,,0.0,0.0,,0.0,0.0,,0.0,,Africa,Africa,False,False,False,False,False
Gabon,GAB,2014,Country or economy,Gas,False,0.94,0.1,11.905,47.236,7.045,0.5,0.812,0.086,11.846,81.376,863.83,Africa,Africa,False,False,False,False,False
Gabon,GAB,2014,Country or economy,Other fossil,False,0.25,-0.06,-19.355,12.563,-2.27,0.09,0.164,-0.04,-19.608,16.436,656.0,Africa,Africa,False,False,False,False,False
Gabon,GAB,2014,Country or economy,Net imports,False,0.39,0.21,116.667,19.598,10.986,,0.0,0.0,,0.0,0.0,Africa,Africa,False,False,False,False,False
Gabon,GAB,2014,Country or economy,Wind and solar,True,0.0,0.0,,0.0,0.0,0.0,0.0,0.0,,0.0,,Africa,Africa,False,False,False,False,False
Gabon,GAB,2014,Country or economy,"Hydro, bioenergy and other renewables",True,0.8,-0.14,-14.894,40.201,-4.775,0.17,0.021,-0.003,-12.5,2.105,26.25,Africa,Africa,False,False,False,False,False
Gabon,GAB,2014,Country or economy,Renewables,True,0.8,-0.14,-14.894,40.201,-4.775,0.17,0.021,-0.003,-12.5,2.105,26.25,Africa,Africa,False,False,False,False,False
Gabon,GAB,2014,Country or economy,Clean,True,0.8,-0.14,-14.894,40.201,-4.775,0.17,0.021,-0.003,-12.5,2.105,26.25,Africa,Africa,False,False,False,False,False
Gabon,GAB,2014,Country or economy,Fossil,True,1.19,0.04,3.478,59.799,4.775,0.59,0.977,0.047,5.054,97.912,821.008,Africa,Africa,False,False,False,False,False
Gabon,GAB,2014,Country or economy,Total generation,True,1.99,-0.1,-4.785,100.0,0.0,0.76,0.998,0.044,4.612,100.016,501.508,Africa,Africa,False,False,False,False,False
Gabon,GAB,2014,Country or economy,Demand,True,2.38,0.11,4.846,119.598,10.986,,,,,,,Africa,Africa,False,False,False,False,False
Gabon,GAB,2015,Country or economy,Solar,False,0.0,0.0,,0.0,0.0,0.0,0.0,0.0,,0.0,,Africa,Africa,False,False,False,False,False
Gabon,GAB,2015,Country or economy,Wind,False,0.0,0.0,,0.0,0.0,0.0,0.0,0.0,,0.0,,Africa,Africa,False,False,False,False,False
Gabon,GAB,2015,Country or economy,Hydro,False,0.91,0.12,15.19,42.925,3.227,0.17,0.022,0.003,15.789,2.166,24.176,Africa,Africa,False,False,False,False,False
Gabon,GAB,2015,Country or economy,Bioenergy,False,0.01,0.0,0.0,0.472,-0.031,0.0,0.002,0.0,0.0,0.197,200.0,Africa,Africa,False,False,False,False,False
Gabon,GAB,2015,Country or economy,Other renewables,False,0.0,0.0,,0.0,0.0,0.0,0.0,0.0,,0.0,,Africa,Africa,False,False,False,False,False
Gabon,GAB,2015,Country or economy,Nuclear,False,0.0,0.0,,0.0,0.0,0.0,0.0,0.0,,0.0,,Africa,Africa,False,False,False,False,False
Gabon,GAB,2015,Country or economy,Coal,False,0.0,0.0,,0.0,0.0,,0.0,0.0,,0.0,,Africa,Africa,False,False,False,False,False
Gabon,GAB,2015,Country or economy,Gas,False,0.98,0.04,4.255,46.226,-1.01,0.5,0.847,0.035,4.31,83.406,864.286,Africa,Africa,False,False,False,False,False
Gabon,GAB,2015,Country or economy,Other fossil,False,0.22,-0.03,-12.0,10.377,-2.186,0.08,0.145,-0.019,-11.585,14.278,659.091,Africa,Africa,False,False,False,False,False
Gabon,GAB,2015,Country or economy,Net imports,False,0.34,-0.05,-12.821,16.038,-3.56,,0.0,0.0,,0.0,0.0,Africa,Africa,False,False,False,False,False
Gabon,GAB,2015,Country or economy,Wind and solar,True,0.0,0.0,,0.0,0.0,0.0,0.0,0.0,,0.0,,Africa,Africa,False,False,False,False,False
Gabon,GAB,2015,Country or economy,"Hydro, bioenergy and other renewables",True,0.92,0.12,15.0,43.396,3.195,0.17,0.024,0.003,14.286,2.363,26.087,Africa,Africa,False,False,False,False,False
Gabon,GAB,2015,Country or economy,Renewables,True,0.92,0.12,15.0,43.396,3.195,0.17,0.024,0.003,14.286,2.363,26.087,Africa,Africa,False,False,False,False,False
Gabon,GAB,2015,Country or economy,Clean,True,0.92,0.12,15.0,43.396,3.195,0.17,0.024,0.003,14.286,2.363,26.087,Africa,Africa,False,False,False,False,False
Gabon,GAB,2015,Country or economy,Fossil,True,1.2,0.01,0.84,56.604,-3.195,0.58,0.992,0.015,1.535,97.684,826.667,Africa,Africa,False,False,False,False,False
Gabon,GAB,2015,Country or economy,Total generation,True,2.12,0.13,6.533,100.0,0.0,0.75,1.016,0.018,1.804,100.047,479.245,Africa,Africa,False,False,False,False,False
Gabon,GAB,2015,Country or economy,Demand,True,2.46,0.08,3.361,116.038,-3.56,,,,,,,Africa,Africa,False,False,False,False,False
Gabon,GAB,2016,Country or economy,Solar,False,0.0,0.0,,0.0,0.0,0.0,0.0,0.0,,0.0,,Africa,Africa,False,False,False,False,False
Gabon,GAB,2016,Country or economy,Wind,False,0.0,0.0,,0.0,0.0,0.0,0.0,0.0,,0.0,,Africa,Africa,False,False,False,False,False
Gabon,GAB,2016,Country or economy,Hydro,False,0.82,-0.09,-9.89,37.443,-5.482,0.17,0.019,-0.003,-13.636,1.647,23.171,Africa,Africa,False,False,False,False,False
Gabon,GAB,2016,Country or economy,Bioenergy,False,0.01,0.0,0.0,0.457,-0.015,0.0,0.002,0.0,0.0,0.173,200.0,Africa,Africa,False,False,False,False,False
Gabon,GAB,2016,Country or economy,Other renewables,False,0.0,0.0,,0.0,0.0,0.0,0.0,0.0,,0.0,,Africa,Africa,False,False,False,False,False
Gabon,GAB,2016,Country or economy,Nuclear,False,0.0,0.0,,0.0,0.0,0.0,0.0,0.0,,0.0,,Africa,Africa,False,False,False,False,False
Gabon,GAB,2016,Country or economy,Coal,False,0.0,0.0,,0.0,0.0,,0.0,0.0,,0.0,,Africa,Africa,False,False,False,False,False
Gabon,GAB,2016,Country or economy,Gas,False,1.15,0.17,17.347,52.511,6.285,0.5,0.994,0.147,17.355,86.156,864.348,Africa,Africa,False,False,False,False,False
Gabon,GAB,2016,Country or economy,Other fossil,False,0.21,-0.01,-4.545,9.589,-0.788,0.08,0.138,-0.007,-4.828,11.961,657.143,Africa,Africa,False,False,False,False,False
Gabon,GAB,2016,Country or economy,Net imports,False,0.35,0.01,2.941,15.982,-0.056,,0.0,0.0,,0.0,0.0,Africa,Africa,False,False,False,False,False
Gabon,GAB,2016,Country or economy,Wind and solar,True,0.0,0.0,,0.0,0.0,0.0,0.0,0.0,,0.0,,Africa,Africa,False,False,False,False,False
Gabon,GAB,2016,Country or economy,"Hydro, bioenergy and other renewables",True,0.83,-0.09,-9.783,37.9,-5.496,0.17,0.022,-0.002,-8.333,1.907,26.506,Africa,Africa,False,False,False,False,False
Gabon,GAB,2016,Country or economy,Renewables,True,0.83,-0.09,-9.783,37.9,-5.496,0.17,0.022,-0.002,-8.333,1.907,26.506,Africa,Africa,False,False,False,False,False
Gabon,GAB,2016,Country or economy,Clean,True,0.83,-0.09,-9.783,37.9,-5.496,0.17,0.022,-0.002,-8.333,1.907,26.506,Africa,Africa,False,False,False,False,False
Gabon,GAB,2016,Country or economy,Fossil,True,1.36,0.16,13.333,62.1,5.496,0.58,1.132,0.14,14.113,98.117,832.353,Africa,Africa,False,False,False,False,False
Gabon,GAB,2016,Country or economy,Total generation,True,2.19,0.07,3.302,100.0,0.0,0.75,1.154,0.138,13.583,100.024,526.941,Africa,Africa,False,False,False,False,False
Gabon,GAB,2016,Country or economy,Demand,True,2.54,0.08,3.252,115.982,-0.056,,,,,,,Africa,Africa,False,False,False,False,False
Gabon,GAB,2017,Country or economy,Solar,False,0.0,0.0,,0.0,0.0,0.0,0.0,0.0,,0.0,,Africa,Africa,False,False,False,False,False
Gabon,GAB,2017,Country or economy,Wind,False,0.0,0.0,,0.0,0.0,0.0,0.0,0.0,,0.0,,Africa,Africa,False,False,False,False,False
Gabon,GAB,2017,Country or economy,Hydro,False,0.93,0.11,13.415,41.518,4.075,0.17,0.022,0.003,15.789,1.984,23.656,Africa,Africa,False,False,False,False,False
Gabon,GAB,2017,Country or economy,Bioenergy,False,0.01,0.0,0.0,0.446,-0.011,0.0,0.002,0.0,0.0,0.18,200.0,Africa,Africa,False,False,False,False,False
Gabon,GAB,2017,Country or economy,Other renewables,False,0.0,0.0,,0.0,0.0,0.0,0.0,0.0,,0.0,,Africa,Africa,False,False,False,False,False
Gabon,GAB,2017,Country or economy,Nuclear,False,0.0,0.0,,0.0,0.0,0.0,0.0,0.0,,0.0,,Africa,Africa,False,False,False,False,False
Gabon,GAB,2017,Country or economy,Coal,False,0.0,0.0,,0.0,0.0,,0.0,0.0,,0.0,,Africa,Africa,False,False,False,False,False
Gabon,GAB,2017,Country or economy,Gas,False,1.11,-0.04,-3.478,49.554,-2.957,0.5,0.959,-0.035,-3.521,86.505,863.964,Africa,Africa,False,False,False,False,False
Gabon,GAB,2017,Country or economy,Other fossil,False,0.19,-0.02,-9.524,8.482,-1.107,0.08,0.125,-0.013,-9.42,11.275,657.895,Africa,Africa,False,False,False,False,False
Gabon,GAB,2017,Country or economy,Net imports,False,0.46,0.11,31.429,20.536,4.554,,0.0,0.0,,0.0,0.0,Africa,Africa,False,False,False,False,False
Gabon,GAB,2017,Country or economy,Wind and solar,True,0.0,0.0,,0.0,0.0,0.0,0.0,0.0,,0.0,,Africa,Africa,False,False,False,False,False
Gabon,GAB,2017,Country or economy,"Hydro, bioenergy and other renewables",True,0.94,0.11,13.253,41.964,4.064,0.17,0.024,0.002,9.091,2.165,25.532,Africa,Africa,False,False,False,False,False
Gabon,GAB,2017,Country or economy,Renewables,True,0.94,0.11,13.253,41.964,4.064,0.17,0.024,0.002,9.091,2.165,25.532,Africa,Africa,False,False,False,False,False
Gabon,GAB,2017,Country or economy,Clean,True,0.94,0.11,13.253,41.964,4.064,0.17,0.024,0.002,9.091,2.165,25.532,Africa,Africa,False,False,False,False,False
Gabon,GAB,2017,Country or economy,Fossil,True,1.3,-0.06,-4.412,58.036,-4.064,0.58,1.084,-0.048,-4.24,97.78,833.846,Africa,Africa,False,False,False,False,False
Gabon,GAB,2017,Country or economy,Total generation,True,2.24,0.05,2.283,100.0,0.0,0.75,1.109,-0.045,-3.899,100.035,495.089,Africa,Africa,False,False,False,False,False
Gabon,GAB,2017,Country or economy,Demand,True,2.7,0.16,6.299,120.536,4.554,,,,,,,Africa,Africa,False,False,False,False,False
Gabon,GAB,2018,Country or economy,Solar,False,0.0,0.0,,0.0,0.0,0.0,0.0,0.0,,0.0,,Africa,Africa,False,False,False,False,False
Gabon,GAB,2018,Country or economy,Wind,False,0.0,0.0,,0.0,0.0,0.0,0.0,0.0,,0.0,,Africa,Africa,False,False,False,False,False
Gabon,GAB,2018,Country or economy,Hydro,False,1.3,0.37,39.785,46.763,5.245,0.17,0.031,0.009,40.909,2.535,23.846,Africa,Africa,False,False,False,False,False
Gabon,GAB,2018,Country or economy,Bioenergy,False,0.01,0.0,0.0,0.36,-0.086,0.0,0.002,0.0,0.0,0.164,200.0,Africa,Africa,False,False,False,False,False
Gabon,GAB,2018,Country or economy,Other renewables,False,0.0,0.0,,0.0,0.0,0.0,0.0,0.0,,0.0,,Africa,Africa,False,False,False,False,False
Gabon,GAB,2018,Country or economy,Nuclear,False,0.0,0.0,,0.0,0.0,0.0,0.0,0.0,,0.0,,Africa,Africa,False,False,False,False,False
Gabon,GAB,2018,Country or economy,Coal,False,0.0,0.0,,0.0,0.0,,0.0,0.0,,0.0,,Africa,Africa,False,False,False,False,False
Gabon,GAB,2018,Country or economy,Gas,False,1.08,-0.03,-2.703,38.849,-10.705,0.5,0.933,-0.026,-2.711,76.283,863.889,Africa,Africa,False,False,False,False,False
Gabon,GAB,2018,Country or economy,Other fossil,False,0.39,0.2,105.263,14.029,5.547,0.09,0.257,0.132,105.6,21.013,658.974,Africa,Africa,False,False,False,False,False
Gabon,GAB,2018,Country or economy,Net imports,False,0.51,0.05,10.87,18.345,-2.191,,0.0,0.0,,0.0,0.0,Africa,Africa,False,False,False,False,False
Gabon,GAB,2018,Country or economy,Wind and solar,True,0.0,0.0,,0.0,0.0,0.0,0.0,0.0,,0.0,,Africa,Africa,False,False,False,False,False
Gabon,GAB,2018,Country or economy,"Hydro, bioenergy and other renewables",True,1.31,0.37,39.362,47.122,5.158,0.17,0.033,0.009,37.5,2.698,25.191,Africa,Africa,False,False,False,False,False
Gabon,GAB,2018,Country or economy,Renewables,True,1.31,0.37,39.362,47.122,5.158,0.17,0.033,0.009,37.5,2.698,25.191,Africa,Africa,False,False,False,False,False
Gabon,GAB,2018,Country or economy,Clean,True,1.31,0.37,39.362,47.122,5.158,0.17,0.033,0.009,37.5,2.698,25.191,Africa,Africa,False,False,False,False,False
Gabon,GAB,2018,Country or economy,Fossil,True,1.47,0.17,13.077,52.878,-5.158,0.59,1.19,0.106,9.779,97.296,809.524,Africa,Africa,False,False,False,False,False
Gabon,GAB,2018,Country or economy,Total generation,True,2.78,0.54,24.107,100.0,0.0,0.76,1.223,0.114,10.28,99.994,439.928,Africa,Africa,False,False,False,False,False
Gabon,GAB,2018,Country or economy,Demand,True,3.29,0.59,21.852,118.345,-2.191,,,,,,,Africa,Africa,False,False,False,False,False
Gabon,GAB,2019,Country or economy,Solar,False,0.0,0.0,,0.0,0.0,0.0,0.0,0.0,,0.0,,Africa,Africa,False,False,False,False,False
Gabon,GAB,2019,Country or economy,Wind,False,0.0,0.0,,0.0,0.0,0.0,0.0,0.0,,0.0,,Africa,Africa,False,False,False,False,False
Gabon,GAB,2019,Country or economy,Hydro,False,1.31,0.01,0.769,46.127,-0.636,0.32,0.031,0.0,0.0,2.46,23.664,Africa,Africa,False,False,False,False,False
Gabon,GAB,2019,Country or economy,Bioenergy,False,0.01,0.0,0.0,0.352,-0.008,0.0,0.002,0.0,0.0,0.159,200.0,Africa,Africa,False,False,False,False,False
Gabon,GAB,2019,Country or economy,Other renewables,False,0.0,0.0,,0.0,0.0,0.0,0.0,0.0,,0.0,,Africa,Africa,False,False,False,False,False
Gabon,GAB,2019,Country or economy,Nuclear,False,0.0,0.0,,0.0,0.0,0.0,0.0,0.0,,0.0,,Africa,Africa,False,False,False,False,False
Gabon,GAB,2019,Country or economy,Coal,False,0.0,0.0,,0.0,0.0,,0.0,0.0,,0.0,,Africa,Africa,False,False,False,False,False
Gabon,GAB,2019,Country or economy,Gas,False,1.1,0.02,1.852,38.732,-0.117,0.5,0.951,0.018,1.929,75.456,864.545,Africa,Africa,False,False,False,False,False
Gabon,GAB,2019,Country or economy,Other fossil,False,0.42,0.03,7.692,14.789,0.76,0.19,0.276,0.019,7.393,21.899,657.143,Africa,Africa,False,False,False,False,False
Gabon,GAB,2019,Country or economy,Net imports,False,0.53,0.02,3.922,18.662,0.317,,0.0,0.0,,0.0,0.0,Africa,Africa,False,False,False,False,False
Gabon,GAB,2019,Country or economy,Wind and solar,True,0.0,0.0,,0.0,0.0,0.0,0.0,0.0,,0.0,,Africa,Africa,False,False,False,False,False
Gabon,GAB,2019,Country or economy,"Hydro, bioenergy and other renewables",True,1.32,0.01,0.763,46.479,-0.643,0.32,0.033,0.0,0.0,2.618,25.0,Africa,Africa,False,False,False,False,False
Gabon,GAB,2019,Country or economy,Renewables,True,1.32,0.01,0.763,46.479,-0.643,0.32,0.033,0.0,0.0,2.618,25.0,Africa,Africa,False,False,False,False,False
Gabon,GAB,2019,Country or economy,Clean,True,1.32,0.01,0.763,46.479,-0.643,0.32,0.033,0.0,0.0,2.618,25.0,Africa,Africa,False,False,False,False,False
Gabon,GAB,2019,Country or economy,Fossil,True,1.52,0.05,3.401,53.521,0.643,0.69,1.227,0.037,3.109,97.355,807.237,Africa,Africa,False,False,False,False,False
Gabon,GAB,2019,Country or economy,Total generation,True,2.84,0.06,2.158,100.0,0.0,1.01,1.26,0.037,3.025,99.973,443.662,Africa,Africa,False,False,False,False,False
Gabon,GAB,2019,Country or economy,Demand,True,3.37,0.08,2.432,118.662,0.317,,,,,,,Africa,Africa,False,False,False,False,False
Gabon,GAB,2020,Country or economy,Solar,False,0.0,0.0,,0.0,0.0,0.0,0.0,0.0,,0.0,,Africa,Africa,False,False,False,False,False
Gabon,GAB,2020,Country or economy,Wind,False,0.0,0.0,,0.0,0.0,0.0,0.0,0.0,,0.0,,Africa,Africa,False,False,False,False,False
Gabon,GAB,2020,Country or economy,Hydro,False,1.42,0.11,8.397,48.464,2.337,0.32,0.034,0.003,9.677,2.72,23.944,Africa,Africa,False,False,False,False,False
Gabon,GAB,2020,Country or economy,Bioenergy,False,0.01,0.0,0.0,0.341,-0.011,0.0,0.002,0.0,0.0,0.16,200.0,Africa,Africa,False,False,False,False,False
Gabon,GAB,2020,Country or economy,Other renewables,False,0.0,0.0,,0.0,0.0,0.0,0.0,0.0,,0.0,,Africa,Africa,False,False,False,False,False
Gabon,GAB,2020,Country or economy,Nuclear,False,0.0,0.0,,0.0,0.0,0.0,0.0,0.0,,0.0,,Africa,Africa,False,False,False,False,False
Gabon,GAB,2020,Country or economy,Coal,False,0.0,0.0,,0.0,0.0,,0.0,0.0,,0.0,,Africa,Africa,False,False,False,False,False
Gabon,GAB,2020,Country or economy,Gas,False,1.1,0.0,0.0,37.543,-1.189,0.5,0.951,0.0,0.0,76.093,864.545,Africa,Africa,False,False,False,False,False
Gabon,GAB,2020,Country or economy,Other fossil,False,0.4,-0.02,-4.762,13.652,-1.137,0.19,0.263,-0.013,-4.71,21.044,657.5,Africa,Africa,False,False,False,False,False
Gabon,GAB,2020,Country or economy,Net imports,False,0.54,0.01,1.887,18.43,-0.232,,0.0,0.0,,0.0,0.0,Africa,Africa,False,False,False,False,False
Gabon,GAB,2020,Country or economy,Wind and solar,True,0.0,0.0,,0.0,0.0,0.0,0.0,0.0,,0.0,,Africa,Africa,False,False,False,False,False
Gabon,GAB,2020,Country or economy,"Hydro, bioenergy and other renewables",True,1.43,0.11,8.333,48.805,2.326,0.32,0.036,0.003,9.091,2.88,25.175,Africa,Africa,False,False,False,False,False
Gabon,GAB,2020,Country or economy,Renewables,True,1.43,0.11,8.333,48.805,2.326,0.32,0.036,0.003,9.091,2.88,25.175,Africa,Africa,False,False,False,False,False
Gabon,GAB,2020,Country or economy,Clean,True,1.43,0.11,8.333,48.805,2.326,0.32,0.036,0.003,9.091,2.88,25.175,Africa,Africa,False,False,False,False,False
Gabon,GAB,2020,Country or economy,Fossil,True,1.5,-0.02,-1.316,51.195,-2.326,0.69,1.214,-0.013,-1.059,97.136,809.333,Africa,Africa,False,False,False,False,False
Gabon,GAB,2020,Country or economy,Total generation,True,2.93,0.09,3.169,100.0,0.0,1.01,1.25,-0.01,-0.794,100.017,426.621,Africa,Africa,False,False,False,False,False
Gabon,GAB,2020,Country or economy,Demand,True,3.47,0.1,2.967,118.43,-0.232,,,,,,,Africa,Africa,False,False,False,False,False
Gabon,GAB,2021,Country or economy,Solar,False,0.0,0.0,,0.0,0.0,0.0,0.0,0.0,,0.0,,Africa,Africa,False,False,False,False,False
Gabon,GAB,2021,Country or economy,Wind,False,0.0,0.0,,0.0,0.0,0.0,0.0,0.0,,0.0,,Africa,Africa,False,False,False,False,False
Gabon,GAB,2021,Country or economy,Hydro,False,1.37,-0.05,-3.521,46.284,-2.18,0.32,0.033,-0.001,-2.941,2.532,24.088,Africa,Africa,False,False,False,False,False
Gabon,GAB,2021,Country or economy,Bioenergy,False,0.01,0.0,0.0,0.338,-0.003,0.0,0.002,0.0,0.0,0.153,200.0,Africa,Africa,False,False,False,False,False
Gabon,GAB,2021,Country or economy,Other renewables,False,0.0,0.0,,0.0,0.0,0.0,0.0,0.0,,0.0,,Africa,Africa,False,False,False,False,False
Gabon,GAB,2021,Country or economy,Nuclear,False,0.0,0.0,,0.0,0.0,0.0,0.0,0.0,,0.0,,Africa,Africa,False,False,False,False,False
Gabon,GAB,2021,Country or economy,Coal,False,0.0,0.0,,0.0,0.0,,0.0,0.0,,0.0,,Africa,Africa,False,False,False,False,False
Gabon,GAB,2021,Country or economy,Gas,False,1.11,0.01,0.909,37.5,-0.043,0.5,0.959,0.008,0.841,73.582,863.964,Africa,Africa,False,False,False,False,False
Gabon,GAB,2021,Country or economy,Other fossil,False,0.47,0.07,17.5,15.878,2.226,0.19,0.309,0.046,17.49,23.709,657.447,Africa,Africa,False,False,False,False,False
Gabon,GAB,2021,Country or economy,Net imports,False,0.53,-0.01,-1.852,17.905,-0.525,,0.0,0.0,,0.0,0.0,Africa,Africa,False,False,False,False,False
Gabon,GAB,2021,Country or economy,Wind and solar,True,0.0,0.0,,0.0,0.0,0.0,0.0,0.0,,0.0,,Africa,Africa,False,False,False,False,False
Gabon,GAB,2021,Country or economy,"Hydro, bioenergy and other renewables",True,1.38,-0.05,-3.497,46.622,-2.183,0.32,0.035,-0.001,-2.778,2.685,25.362,Africa,Africa,False,False,False,False,False
Gabon,GAB,2021,Country or economy,Renewables,True,1.38,-0.05,-3.497,46.622,-2.183,0.32,0.035,-0.001,-2.778,2.685,25.362,Africa,Africa,False,False,False,False,False
Gabon,GAB,2021,Country or economy,Clean,True,1.38,-0.05,-3.497,46.622,-2.183,0.32,0.035,-0.001,-2.778,2.685,25.362,Africa,Africa,False,False,False,False,False
Gabon,GAB,2021,Country or economy,Fossil,True,1.58,0.08,5.333,53.378,2.183,0.69,1.269,0.055,4.53,97.368,803.165,Africa,Africa,False,False,False,False,False
Gabon,GAB,2021,Country or economy,Total generation,True,2.96,0.03,1.024,100.0,0.0,1.01,1.303,0.053,4.24,99.977,440.203,Africa,Africa,False,False,False,False,False
Gabon,GAB,2021,Country or economy,Demand,True,3.49,0.02,0.576,117.905,-0.525,,,,,,,Africa,Africa,False,False,False,False,False
Gabon,GAB,2022,Country or economy,Solar,False,0.0,0.0,,0.0,0.0,0.0,0.0,0.0,,0.0,,Africa,Africa,False,False,False,False,False
Gabon,GAB,2022,Country or economy,Wind,False,0.0,0.0,,0.0,0.0,0.0,0.0,0.0,,0.0,,Africa,Africa,False,False,False,False,False
Gabon,GAB,2022,Country or economy,Hydro,False,1.52,0.15,10.949,47.649,1.365,0.32,0.036,0.003,9.091,2.644,23.684,Africa,Africa,False,False,False,False,False
Gabon,GAB,2022,Country or economy,Bioenergy,False,0.01,0.0,0.0,0.313,-0.025,0.0,0.002,0.0,0.0,0.147,200.0,Africa,Africa,False,False,False,False,False
Gabon,GAB,2022,Country or economy,Other renewables,False,0.0,0.0,,0.0,0.0,0.0,0.0,0.0,,0.0,,Africa,Africa,False,False,False,False,False
Gabon,GAB,2022,Country or economy,Nuclear,False,0.0,0.0,,0.0,0.0,0.0,0.0,0.0,,0.0,,Africa,Africa,False,False,False,False,False
Gabon,GAB,2022,Country or economy,Coal,False,0.0,0.0,,0.0,0.0,,0.0,0.0,,0.0,,Africa,Africa,False,False,False,False,False
Gabon,GAB,2022,Country or economy,Gas,False,1.12,0.01,0.901,35.11,-2.39,0.5,0.968,0.009,0.938,71.094,864.286,Africa,Africa,False,False,False,False,False
Gabon,GAB,2022,Country or economy,Other fossil,False,0.54,0.07,14.894,16.928,1.05,0.19,0.355,0.046,14.887,26.073,657.407,Africa,Africa,False,False,False,False,False
Gabon,GAB,2022,Country or economy,Net imports,False,0.54,0.01,1.887,16.928,-0.977,,0.0,0.0,,0.0,0.0,Africa,Africa,False,False,False,False,False
Gabon,GAB,2022,Country or economy,Wind and solar,True,0.0,0.0,,0.0,0.0,0.0,0.0,0.0,,0.0,,Africa,Africa,False,False,False,False,False
Gabon,GAB,2022,Country or economy,"Hydro, bioenergy and other renewables",True,1.53,0.15,10.87,47.962,1.34,0.32,0.038,0.003,8.571,2.791,24.837,Africa,Africa,False,False,False,False,False
Gabon,GAB,2022,Country or economy,Renewables,True,1.53,0.15,10.87,47.962,1.34,0.32,0.038,0.003,8.571,2.791,24.837,Africa,Africa,False,False,False,False,False
Gabon,GAB,2022,Country or economy,Clean,True,1.53,0.15,10.87,47.962,1.34,0.32,0.038,0.003,8.571,2.791,24.837,Africa,Africa,False,False,False,False,False
Gabon,GAB,2022,Country or economy,Fossil,True,1.66,0.08,5.063,52.038,-1.34,0.69,1.323,0.054,4.255,97.167,796.988,Africa,Africa,False,False,False,False,False
Gabon,GAB,2022,Country or economy,Total generation,True,3.19,0.23,7.77,100.0,0.0,1.01,1.362,0.059,4.528,100.032,426.959,Africa,Africa,False,False,False,False,False
Gabon,GAB,2022,Country or economy,Demand,True,3.73,0.24,6.877,116.928,-0.977,,,,,,,Africa,Africa,False,False,False,False,False
Gabon,GAB,2023,Country or economy,Solar,False,0.0,0.0,,0.0,0.0,0.0,0.0,0.0,,0.0,,Africa,Africa,False,False,False,False,False
Gabon,GAB,2023,Country or economy,Wind,False,0.0,0.0,,0.0,0.0,0.0,0.0,0.0,,0.0,,Africa,Africa,False,False,False,False,False
Gabon,GAB,2023,Country or economy,Hydro,False,0.91,-0.61,-40.132,35.135,-12.514,0.32,0.022,-0.014,-38.889,1.62,24.176,Africa,Africa,False,False,False,False,False
Gabon,GAB,2023,Country or economy,Bioenergy,False,0.01,0.0,0.0,0.386,0.073,0.0,0.002,0.0,0.0,0.147,200.0,Africa,Africa,False,False,False,False,False
Gabon,GAB,2023,Country or economy,Other renewables,False,0.0,0.0,,0.0,0.0,0.0,0.0,0.0,,0.0,,Africa,Africa,False,False,False,False,False
Gabon,GAB,2023,Country or economy,Nuclear,False,0.0,0.0,,0.0,0.0,0.0,0.0,0.0,,0.0,,Africa,Africa,False,False,False,False,False
Gabon,GAB,2023,Country or economy,Coal,False,0.0,0.0,,0.0,0.0,,0.0,0.0,,0.0,,Africa,Africa,False,False,False,False,False
Gabon,GAB,2023,Country or economy,Gas,False,1.14,0.02,1.786,44.015,8.905,0.5,0.985,0.017,1.756,72.545,864.035,Africa,Africa,False,False,False,False,False
Gabon,GAB,2023,Country or economy,Other fossil,False,0.53,-0.01,-1.852,20.463,3.535,0.19,0.349,-0.006,-1.69,25.704,658.491,Africa,Africa,False,False,False,False,False
Gabon,GAB,2023,Country or economy,Net imports,False,0.58,0.04,7.407,22.394,5.466,,0.0,0.0,,0.0,0.0,Africa,Africa,False,False,False,False,False
Gabon,GAB,2023,Country or economy,Wind and solar,True,0.0,0.0,,0.0,0.0,0.0,0.0,0.0,,0.0,,Africa,Africa,False,False,False,False,False
Gabon,GAB,2023,Country or economy,"Hydro, bioenergy and other renewables",True,0.92,-0.61,-39.869,35.521,-12.441,0.32,0.024,-0.014,-36.842,1.768,26.087,Africa,Africa,False,False,False,False,False
Gabon,GAB,2023,Country or economy,Renewables,True,0.92,-0.61,-39.869,35.521,-12.441,0.32,0.024,-0.014,-36.842,1.768,26.087,Africa,Africa,False,False,False,False,False
Gabon,GAB,2023,Country or economy,Clean,True,0.92,-0.61,-39.869,35.521,-12.441,0.32,0.024,-0.014,-36.842,1.768,26.087,Africa,Africa,False,False,False,False,False
Gabon,GAB,2023,Country or economy,Fossil,True,1.67,0.01,0.602,64.479,12.441,0.69,1.334,0.011,0.831,98.248,798.802,Africa,Africa,False,False,False,False,False
Gabon,GAB,2023,Country or economy,Total generation,True,2.59,-0.6,-18.809,100.0,0.0,1.01,1.358,-0.004,-0.294,100.016,524.324,Africa,Africa,False,False,False,False,False
Gabon,GAB,2023,Country or economy,Demand,True,3.17,-0.56,-15.013,122.394,5.466,,,,,,,Africa,Africa,False,False,False,False,False
Gabon,GAB,2024,Country or economy,Solar,False,0.0,0.0,,0.0,0.0,0.01,0.0,0.0,,0.0,,Africa,Africa,False,False,False,False,False
Gabon,GAB,2024,Country or economy,Wind,False,0.0,0.0,,0.0,0.0,0.0,0.0,0.0,,0.0,,Africa,Africa,False,False,False,False,False
Gabon,GAB,2024,Country or economy,Hydro,False,0.91,0.0,0.0,35.0,-0.135,0.32,0.022,0.0,0.0,1.61,24.176,Africa,Africa,False,False,False,False,False
Gabon,GAB,2024,Country or economy,Bioenergy,False,0.01,0.0,0.0,0.385,-0.001,0.0,0.002,0.0,0.0,0.146,200.0,Africa,Africa,False,False,False,False,False
Gabon,GAB,2024,Country or economy,Other renewables,False,0.0,0.0,,0.0,0.0,0.0,0.0,0.0,,0.0,,Africa,Africa,False,False,False,False,False
Gabon,GAB,2024,Country or economy,Nuclear,False,0.0,0.0,,0.0,0.0,0.0,0.0,0.0,,0.0,,Africa,Africa,False,False,False,False,False
Gabon,GAB,2024,Country or economy,Coal,False,0.0,0.0,,0.0,0.0,,0.0,0.0,,0.0,,Africa,Africa,False,False,False,False,False
Gabon,GAB,2024,Country or economy,Gas,False,1.15,0.01,0.877,44.231,0.216,0.5,0.994,0.009,0.914,72.745,864.348,Africa,Africa,False,False,False,False,False
Gabon,GAB,2024,Country or economy,Other fossil,False,0.53,0.0,0.0,20.385,-0.078,0.19,0.349,0.0,0.0,25.541,658.491,Africa,Africa,False,False,False,False,False
Gabon,GAB,2024,Country or economy,Net imports,False,0.58,0.0,0.0,22.308,-0.086,,0.0,0.0,,0.0,0.0,Africa,Africa,False,False,False,False,False
Gabon,GAB,2024,Country or economy,Wind and solar,True,0.0,0.0,,0.0,0.0,0.01,0.0,0.0,,0.0,,Africa,Africa,False,False,False,False,False
Gabon,GAB,2024,Country or economy,"Hydro, bioenergy and other renewables",True,0.92,0.0,0.0,35.385,-0.136,0.32,0.024,0.0,0.0,1.756,26.087,Africa,Africa,False,False,False,False,False
Gabon,GAB,2024,Country or economy,Renewables,True,0.92,0.0,0.0,35.385,-0.136,0.33,0.024,0.0,0.0,1.756,26.087,Africa,Africa,False,False,False,False,False
Gabon,GAB,2024,Country or economy,Clean,True,0.92,0.0,0.0,35.385,-0.136,0.33,0.024,0.0,0.0,1.756,26.087,Africa,Africa,False,False,False,False,False
Gabon,GAB,2024,Country or economy,Fossil,True,1.68,0.01,0.599,64.615,0.136,0.69,1.343,0.009,0.675,98.286,799.405,Africa,Africa,False,False,False,False,False
Gabon,GAB,2024,Country or economy,Total generation,True,2.6,0.01,0.386,100.0,0.0,1.02,1.366,0.008,0.589,99.969,525.385,Africa,Africa,False,False,False,False,False
Gabon,GAB,2024,Country or economy,Demand,True,3.18,0.01,0.315,122.308,-0.086,,,,,,,Africa,Africa,False,False,False,False,False
Rwanda,RWA,2000,Country or economy,Solar,False,0.0,,,0.0,,0.0,0.0,,,0.0,,Africa,Africa,False,False,False,False,False
Rwanda,RWA,2000,Country or economy,Wind,False,0.0,,,0.0,,0.0,0.0,,,0.0,,Africa,Africa,False,False,False,False,False
Rwanda,RWA,2000,Country or economy,Hydro,False,0.1,,,62.5,,0.04,0.002,,,4.778,20.0,Africa,Africa,False,False,False,False,False
Rwanda,RWA,2000,Country or economy,Bioenergy,False,0.0,,,0.0,,0.0,0.0,,,0.0,,Africa,Africa,False,False,False,False,False
Rwanda,RWA,2000,Country or economy,Other renewables,False,0.0,,,0.0,,0.0,0.0,,,0.0,,Africa,Africa,False,False,False,False,False
Rwanda,RWA,2000,Country or economy,Nuclear,False,0.0,,,0.0,,0.0,0.0,,,0.0,,Africa,Africa,False,False,False,False,False
Rwanda,RWA,2000,Country or economy,Coal,False,0.0,,,0.0,,0.0,0.0,,,0.0,,Africa,Africa,False,False,False,False,False
Rwanda,RWA,2000,Country or economy,Gas,False,0.0,,,0.0,,0.0,0.0,,,0.0,,Africa,Africa,False,False,False,False,False
Rwanda,RWA,2000,Country or economy,Other fossil,False,0.06,,,37.5,,0.0,0.039,,,93.177,650.0,Africa,Africa,False,False,False,False,False
Rwanda,RWA,2000,Country or economy,Net imports,False,0.09,,,56.25,,,0.0,,,0.0,0.0,Africa,Africa,False,False,False,False,False
Rwanda,RWA,2000,Country or economy,Wind and solar,True,0.0,,,0.0,,0.0,0.0,,,0.0,,Africa,Africa,False,False,False,False,False
Rwanda,RWA,2000,Country or economy,"Hydro, bioenergy and other renewables",True,0.1,,,62.5,,0.04,0.002,,,4.778,20.0,Africa,Africa,False,False,False,False,False
Rwanda,RWA,2000,Country or economy,Renewables,True,0.1,,,62.5,,0.04,0.002,,,4.778,20.0,Africa,Africa,False,False,False,False,False
Rwanda,RWA,2000,Country or economy,Clean,True,0.1,,,62.5,,0.04,0.002,,,4.778,20.0,Africa,Africa,False,False,False,False,False
Rwanda,RWA,2000,Country or economy,Fossil,True,0.06,,,37.5,,0.0,0.039,,,93.177,650.0,Africa,Africa,False,False,False,False,False
Rwanda,RWA,2000,Country or economy,Total generation,True,0.16,,,100.0,,0.04,0.042,,,100.344,262.5,Africa,Africa,False,False,False,False,False
Rwanda,RWA,2000,Country or economy,Demand,True,0.25,,,156.25,,,,,,,,Africa,Africa,False,False,False,False,False
Rwanda,RWA,2001,Country or economy,Solar,False,0.0,0.0,,0.0,0.0,0.0,0.0,0.0,,0.0,,Africa,Africa,False,False,False,False,False
Rwanda,RWA,2001,Country or economy,Wind,False,0.0,0.0,,0.0,0.0,0.0,0.0,0.0,,0.0,,Africa,Africa,False,False,False,False,False
Rwanda,RWA,2001,Country or economy,Hydro,False,0.09,-0.01,-10.0,60.0,-2.5,0.04,0.002,0.0,0.0,4.806,22.222,Africa,Africa,False,False,False,False,False
Rwanda,RWA,2001,Country or economy,Bioenergy,False,0.0,0.0,,0.0,0.0,0.0,0.0,0.0,,0.0,,Africa,Africa,False,False,False,False,False
Rwanda,RWA,2001,Country or economy,Other renewables,False,0.0,0.0,,0.0,0.0,0.0,0.0,0.0,,0.0,,Africa,Africa,False,False,False,False,False
Rwanda,RWA,2001,Country or economy,Nuclear,False,0.0,0.0,,0.0,0.0,0.0,0.0,0.0,,0.0,,Africa,Africa,False,False,False,False,False
Rwanda,RWA,2001,Country or economy,Coal,False,0.0,0.0,,0.0,0.0,0.0,0.0,0.0,,0.0,,Africa,Africa,False,False,False,False,False
Rwanda,RWA,2001,Country or economy,Gas,False,0.0,0.0,,0.0,0.0,0.0,0.0,0.0,,0.0,,Africa,Africa,False,False,False,False,False
Rwanda,RWA,2001,Country or economy,Other fossil,False,0.06,0.0,0.0,40.0,2.5,0.0,0.039,0.0,0.0,93.709,650.0,Africa,Africa,False,False,False,False,False
Rwanda,RWA,2001,Country or economy,Net imports,False,0.12,0.03,33.333,80.0,23.75,,0.0,0.0,,0.0,0.0,Africa,Africa,False,False,False,False,False
Rwanda,RWA,2001,Country or economy,Wind and solar,True,0.0,0.0,,0.0,0.0,0.0,0.0,0.0,,0.0,,Africa,Africa,False,False,False,False,False
Rwanda,RWA,2001,Country or economy,"Hydro, bioenergy and other renewables",True,0.09,-0.01,-10.0,60.0,-2.5,0.04,0.002,0.0,0.0,4.806,22.222,Africa,Africa,False,False,False,False,False
Rwanda,RWA,2001,Country or economy,Renewables,True,0.09,-0.01,-10.0,60.0,-2.5,0.04,0.002,0.0,0.0,4.806,22.222,Africa,Africa,False,False,False,False,False
Rwanda,RWA,2001,Country or economy,Clean,True,0.09,-0.01,-10.0,60.0,-2.5,0.04,0.002,0.0,0.0,4.806,22.222,Africa,Africa,False,False,False,False,False
Rwanda,RWA,2001,Country or economy,Fossil,True,0.06,0.0,0.0,40.0,2.5,0.0,0.039,0.0,0.0,93.709,650.0,Africa,Africa,False,False,False,False,False
Rwanda,RWA,2001,Country or economy,Total generation,True,0.15,-0.01,-6.25,100.0,0.0,0.04,0.042,0.0,0.0,100.917,280.0,Africa,Africa,False,False,False,False,False
Rwanda,RWA,2001,Country or economy,Demand,True,0.27,0.02,8.0,180.0,23.75,,,,,,,Africa,Africa,False,False,False,False,False
Rwanda,RWA,2002,Country or economy,Solar,False,0.0,0.0,,0.0,0.0,0.0,0.0,0.0,,0.0,,Africa,Africa,False,False,False,False,False
Rwanda,RWA,2002,Country or economy,Wind,False,0.0,0.0,,0.0,0.0,0.0,0.0,0.0,,0.0,,Africa,Africa,False,False,False,False,False
Rwanda,RWA,2002,Country or economy,Hydro,False,0.1,0.01,11.111,58.824,-1.176,0.04,0.002,0.0,0.0,4.129,20.0,Africa,Africa,False,False,False,False,False
Rwanda,RWA,2002,Country or economy,Bioenergy,False,0.0,0.0,,0.0,0.0,0.0,0.0,0.0,,0.0,,Africa,Africa,False,False,False,False,False
Rwanda,RWA,2002,Country or economy,Other renewables,False,0.0,0.0,,0.0,0.0,0.0,0.0,0.0,,0.0,,Africa,Africa,False,False,False,False,False
Rwanda,RWA,2002,Country or economy,Nuclear,False,0.0,0.0,,0.0,0.0,0.0,0.0,0.0,,0.0,,Africa,Africa,False,False,False,False,False
Rwanda,RWA,2002,Country or economy,Coal,False,0.0,0.0,,0.0,0.0,0.0,0.0,0.0,,0.0,,Africa,Africa,False,False,False,False,False
Rwanda,RWA,2002,Country or economy,Gas,False,0.0,0.0,,0.0,0.0,0.0,0.0,0.0,,0.0,,Africa,Africa,False,False,False,False,False
Rwanda,RWA,2002,Country or economy,Other fossil,False,0.07,0.01,16.667,41.176,1.176,0.0,0.046,0.007,17.949,94.971,657.143,Africa,Africa,False,False,False,False,False
Rwanda,RWA,2002,Country or economy,Net imports,False,0.13,0.01,8.333,76.471,-3.529,,0.0,0.0,,0.0,0.0,Africa,Africa,False,False,False,False,False
Rwanda,RWA,2002,Country or economy,Wind and solar,True,0.0,0.0,,0.0,0.0,0.0,0.0,0.0,,0.0,,Africa,Africa,False,False,False,False,False
Rwanda,RWA,2002,Country or economy,"Hydro, bioenergy and other renewables",True,0.1,0.01,11.111,58.824,-1.176,0.04,0.002,0.0,0.0,4.129,20.0,Africa,Africa,False,False,False,False,False
Rwanda,RWA,2002,Country or economy,Renewables,True,0.1,0.01,11.111,58.824,-1.176,0.04,0.002,0.0,0.0,4.129,20.0,Africa,Africa,False,False,False,False,False
Rwanda,RWA,2002,Country or economy,Clean,True,0.1,0.01,11.111,58.824,-1.176,0.04,0.002,0.0,0.0,4.129,20.0,Africa,Africa,False,False,False,False,False
Rwanda,RWA,2002,Country or economy,Fossil,True,0.07,0.01,16.667,41.176,1.176,0.0,0.046,0.007,17.949,94.971,657.143,Africa,Africa,False,False,False,False,False
Rwanda,RWA,2002,Country or economy,Total generation,True,0.17,0.02,13.333,100.0,0.0,0.04,0.048,0.006,14.286,99.1,282.353,Africa,Africa,False,False,False,False,False
Rwanda,RWA,2002,Country or economy,Demand,True,0.3,0.03,11.111,176.471,-3.529,,,,,,,Africa,Africa,False,False,False,False,False
Rwanda,RWA,2003,Country or economy,Solar,False,0.0,0.0,,0.0,0.0,0.0,0.0,0.0,,0.0,,Africa,Africa,False,False,False,False,False
Rwanda,RWA,2003,Country or economy,Wind,False,0.0,0.0,,0.0,0.0,0.0,0.0,0.0,,0.0,,Africa,Africa,False,False,False,False,False
Rwanda,RWA,2003,Country or economy,Hydro,False,0.12,0.02,20.0,66.667,7.843,0.04,0.003,0.001,50.0,7.087,25.0,Africa,Africa,False,False,False,False,False
Rwanda,RWA,2003,Country or economy,Bioenergy,False,0.0,0.0,,0.0,0.0,0.0,0.0,0.0,,0.0,,Africa,Africa,False,False,False,False,False
Rwanda,RWA,2003,Country or economy,Other renewables,False,0.0,0.0,,0.0,0.0,0.0,0.0,0.0,,0.0,,Africa,Africa,False,False,False,False,False
Rwanda,RWA,2003,Country or economy,Nuclear,False,0.0,0.0,,0.0,0.0,0.0,0.0,0.0,,0.0,,Africa,Africa,False,False,False,False,False
Rwanda,RWA,2003,Country or economy,Coal,False,0.0,0.0,,0.0,0.0,0.0,0.0,0.0,,0.0,,Africa,Africa,False,False,False,False,False
Rwanda,RWA,2003,Country or economy,Gas,False,0.0,0.0,,0.0,0.0,0.0,0.0,0.0,,0.0,,Africa,Africa,False,False,False,False,False
Rwanda,RWA,2003,Country or economy,Other fossil,False,0.06,-0.01,-14.286,33.333,-7.843,0.0,0.039,-0.007,-15.217,92.131,650.0,Africa,Africa,False,False,False,False,False
Rwanda,RWA,2003,Country or economy,Net imports,False,0.12,-0.01,-7.692,66.667,-9.804,,0.0,0.0,,0.0,0.0,Africa,Africa,False,False,False,False,False
Rwanda,RWA,2003,Country or economy,Wind and solar,True,0.0,0.0,,0.0,0.0,0.0,0.0,0.0,,0.0,,Africa,Africa,False,False,False,False,False
Rwanda,RWA,2003,Country or economy,"Hydro, bioenergy and other renewables",True,0.12,0.02,20.0,66.667,7.843,0.04,0.003,0.001,50.0,7.087,25.0,Africa,Africa,False,False,False,False,False
Rwanda,RWA,2003,Country or economy,Renewables,True,0.12,0.02,20.0,66.667,7.843,0.04,0.003,0.001,50.0,7.087,25.0,Africa,Africa,False,False,False,False,False
Rwanda,RWA,2003,Country or economy,Clean,True,0.12,0.02,20.0,66.667,7.843,0.04,0.003,0.001,50.0,7.087,25.0,Africa,Africa,False,False,False,False,False
Rwanda,RWA,2003,Country or economy,Fossil,True,0.06,-0.01,-14.286,33.333,-7.843,0.0,0.039,-0.007,-15.217,92.131,650.0,Africa,Africa,False,False,False,False,False
Rwanda,RWA,2003,Country or economy,Total generation,True,0.18,0.01,5.882,100.0,0.0,0.04,0.042,-0.006,-12.5,99.218,233.333,Africa,Africa,False,False,False,False,False
Rwanda,RWA,2003,Country or economy,Demand,True,0.3,0.0,0.0,166.667,-9.804,,,,,,,Africa,Africa,False,False,False,False,False
Rwanda,RWA,2004,Country or economy,Solar,False,0.0,0.0,,0.0,0.0,0.0,0.0,0.0,,0.0,,Africa,Africa,False,False,False,False,False
Rwanda,RWA,2004,Country or economy,Wind,False,0.0,0.0,,0.0,0.0,0.0,0.0,0.0,,0.0,,Africa,Africa,False,False,False,False,False
Rwanda,RWA,2004,Country or economy,Hydro,False,0.08,-0.04,-33.333,57.143,-9.524,0.04,0.002,-0.001,-33.333,4.833,25.0,Africa,Africa,False,False,False,False,False
Rwanda,RWA,2004,Country or economy,Bioenergy,False,0.0,0.0,,0.0,0.0,0.0,0.0,0.0,,0.0,,Africa,Africa,False,False,False,False,False
Rwanda,RWA,2004,Country or economy,Other renewables,False,0.0,0.0,,0.0,0.0,0.0,0.0,0.0,,0.0,,Africa,Africa,False,False,False,False,False
Rwanda,RWA,2004,Country or economy,Nuclear,False,0.0,0.0,,0.0,0.0,0.0,0.0,0.0,,0.0,,Africa,Africa,False,False,False,False,False
Rwanda,RWA,2004,Country or economy,Coal,False,0.0,0.0,,0.0,0.0,0.0,0.0,0.0,,0.0,,Africa,Africa,False,False,False,False,False
Rwanda,RWA,2004,Country or economy,Gas,False,0.0,0.0,,0.0,0.0,0.0,0.0,0.0,,0.0,,Africa,Africa,False,False,False,False,False
Rwanda,RWA,2004,Country or economy,Other fossil,False,0.06,0.0,0.0,42.857,9.524,0.0,0.039,0.0,0.0,94.247,650.0,Africa,Africa,False,False,False,False,False
Rwanda,RWA,2004,Country or economy,Net imports,False,0.11,-0.01,-8.333,78.571,11.904,,0.0,0.0,,0.0,0.0,Africa,Africa,False,False,False,False,False
Rwanda,RWA,2004,Country or economy,Wind and solar,True,0.0,0.0,,0.0,0.0,0.0,0.0,0.0,,0.0,,Africa,Africa,False,False,False,False,False
Rwanda,RWA,2004,Country or economy,"Hydro, bioenergy and other renewables",True,0.08,-0.04,-33.333,57.143,-9.524,0.04,0.002,-0.001,-33.333,4.833,25.0,Africa,Africa,False,False,False,False,False
Rwanda,RWA,2004,Country or economy,Renewables,True,0.08,-0.04,-33.333,57.143,-9.524,0.04,0.002,-0.001,-33.333,4.833,25.0,Africa,Africa,False,False,False,False,False
Rwanda,RWA,2004,Country or economy,Clean,True,0.08,-0.04,-33.333,57.143,-9.524,0.04,0.002,-0.001,-33.333,4.833,25.0,Africa,Africa,False,False,False,False,False
Rwanda,RWA,2004,Country or economy,Fossil,True,0.06,0.0,0.0,42.857,9.524,0.0,0.039,0.0,0.0,94.247,650.0,Africa,Africa,False,False,False,False,False
Rwanda,RWA,2004,Country or economy,Total generation,True,0.14,-0.04,-22.222,100.0,0.0,0.04,0.041,-0.001,-2.381,99.08,292.857,Africa,Africa,False,False,False,False,False
Rwanda,RWA,2004,Country or economy,Demand,True,0.25,-0.05,-16.667,178.571,11.904,,,,,,,Africa,Africa,False,False,False,False,False
Rwanda,RWA,2005,Country or economy,Solar,False,0.0,0.0,,0.0,0.0,0.0,0.0,0.0,,0.0,,Africa,Africa,False,False,False,False,False
Rwanda,RWA,2005,Country or economy,Wind,False,0.0,0.0,,0.0,0.0,0.0,0.0,0.0,,0.0,,Africa,Africa,False,False,False,False,False
Rwanda,RWA,2005,Country or economy,Hydro,False,0.1,0.02,25.0,52.632,-4.511,0.04,0.002,0.0,0.0,3.247,20.0,Africa,Africa,False,False,False,False,False
Rwanda,RWA,2005,Country or economy,Bioenergy,False,0.0,0.0,,0.0,0.0,0.0,0.0,0.0,,0.0,,Africa,Africa,False,False,False,False,False
Rwanda,RWA,2005,Country or economy,Other renewables,False,0.0,0.0,,0.0,0.0,0.0,0.0,0.0,,0.0,,Africa,Africa,False,False,False,False,False
Rwanda,RWA,2005,Country or economy,Nuclear,False,0.0,0.0,,0.0,0.0,0.0,0.0,0.0,,0.0,,Africa,Africa,False,False,False,False,False
Rwanda,RWA,2005,Country or economy,Coal,False,0.0,0.0,,0.0,0.0,0.0,0.0,0.0,,0.0,,Africa,Africa,False,False,False,False,False
Rwanda,RWA,2005,Country or economy,Gas,False,0.0,0.0,,0.0,0.0,0.0,0.0,0.0,,0.0,,Africa,Africa,False,False,False,False,False
Rwanda,RWA,2005,Country or economy,Other fossil,False,0.09,0.03,50.0,47.368,4.511,0.02,0.059,0.02,51.282,95.785,655.556,Africa,Africa,False,False,False,False,False
Rwanda,RWA,2005,Country or economy,Net imports,False,0.09,-0.02,-18.182,47.368,-31.203,,0.0,0.0,,0.0,0.0,Africa,Africa,False,False,False,False,False
Rwanda,RWA,2005,Country or economy,Wind and solar,True,0.0,0.0,,0.0,0.0,0.0,0.0,0.0,,0.0,,Africa,Africa,False,False,False,False,False
Rwanda,RWA,2005,Country or economy,"Hydro, bioenergy and other renewables",True,0.1,0.02,25.0,52.632,-4.511,0.04,0.002,0.0,0.0,3.247,20.0,Africa,Africa,False,False,False,False,False
Rwanda,RWA,2005,Country or economy,Renewables,True,0.1,0.02,25.0,52.632,-4.511,0.04,0.002,0.0,0.0,3.247,20.0,Africa,Africa,False,False,False,False,False
Rwanda,RWA,2005,Country or economy,Clean,True,0.1,0.02,25.0,52.632,-4.511,0.04,0.002,0.0,0.0,3.247,20.0,Africa,Africa,False,False,False,False,False
Rwanda,RWA,2005,Country or economy,Fossil,True,0.09,0.03,50.0,47.368,4.511,0.02,0.059,0.02,51.282,95.785,655.556,Africa,Africa,False,False,False,False,False
Rwanda,RWA,2005,Country or economy,Total generation,True,0.19,0.05,35.714,100.0,0.0,0.06,0.062,0.021,51.22,100.656,326.316,Africa,Africa,False,False,False,False,False
Rwanda,RWA,2005,Country or economy,Demand,True,0.28,0.03,12.0,147.368,-31.203,,,,,,,Africa,Africa,False,False,False,False,False
Rwanda,RWA,2006,Country or economy,Solar,False,0.0,0.0,,0.0,0.0,0.0,0.0,0.0,,0.0,,Africa,Africa,False,False,False,False,False
Rwanda,RWA,2006,Country or economy,Wind,False,0.0,0.0,,0.0,0.0,0.0,0.0,0.0,,0.0,,Africa,Africa,False,False,False,False,False
Rwanda,RWA,2006,Country or economy,Hydro,False,0.13,0.03,30.0,48.148,-4.484,0.04,0.003,0.001,50.0,3.151,23.077,Africa,Africa,False,False,False,False,False
Rwanda,RWA,2006,Country or economy,Bioenergy,False,0.0,0.0,,0.0,0.0,0.0,0.0,0.0,,0.0,,Africa,Africa,False,False,False,False,False
Rwanda,RWA,2006,Country or economy,Other renewables,False,0.0,0.0,,0.0,0.0,0.0,0.0,0.0,,0.0,,Africa,Africa,False,False,False,False,False
Rwanda,RWA,2006,Country or economy,Nuclear,False,0.0,0.0,,0.0,0.0,0.0,0.0,0.0,,0.0,,Africa,Africa,False,False,False,False,False
Rwanda,RWA,2006,Country or economy,Coal,False,0.0,0.0,,0.0,0.0,0.0,0.0,0.0,,0.0,,Africa,Africa,False,False,False,False,False
Rwanda,RWA,2006,Country or economy,Gas,False,0.0,0.0,,0.0,0.0,0.0,0.0,0.0,,0.0,,Africa,Africa,False,False,False,False,False
Rwanda,RWA,2006,Country or economy,Other fossil,False,0.14,0.05,55.556,51.852,4.484,0.03,0.092,0.033,55.932,96.63,657.143,Africa,Africa,False,False,False,False,False
Rwanda,RWA,2006,Country or economy,Net imports,False,0.06,-0.03,-33.333,22.222,-25.146,,0.0,0.0,,0.0,0.0,Africa,Africa,False,False,False,False,False
Rwanda,RWA,2006,Country or economy,Wind and solar,True,0.0,0.0,,0.0,0.0,0.0,0.0,0.0,,0.0,,Africa,Africa,False,False,False,False,False
Rwanda,RWA,2006,Country or economy,"Hydro, bioenergy and other renewables",True,0.13,0.03,30.0,48.148,-4.484,0.04,0.003,0.001,50.0,3.151,23.077,Africa,Africa,False,False,False,False,False
Rwanda,RWA,2006,Country or economy,Renewables,True,0.13,0.03,30.0,48.148,-4.484,0.04,0.003,0.001,50.0,3.151,23.077,Africa,Africa,False,False,False,False,False
Rwanda,RWA,2006,Country or economy,Clean,True,0.13,0.03,30.0,48.148,-4.484,0.04,0.003,0.001,50.0,3.151,23.077,Africa,Africa,False,False,False,False,False
Rwanda,RWA,2006,Country or economy,Fossil,True,0.14,0.05,55.556,51.852,4.484,0.03,0.092,0.033,55.932,96.63,657.143,Africa,Africa,False,False,False,False,False
Rwanda,RWA,2006,Country or economy,Total generation,True,0.27,0.08,42.105,100.0,0.0,0.07,0.095,0.033,53.226,99.781,351.852,Africa,Africa,False,False,False,False,False
Rwanda,RWA,2006,Country or economy,Demand,True,0.33,0.05,17.857,122.222,-25.146,,,,,,,Africa,Africa,False,False,False,False,False
Rwanda,RWA,2007,Country or economy,Solar,False,0.0,0.0,,0.0,0.0,0.0,0.0,0.0,,0.0,,Africa,Africa,False,False,False,False,False
Rwanda,RWA,2007,Country or economy,Wind,False,0.0,0.0,,0.0,0.0,0.0,0.0,0.0,,0.0,,Africa,Africa,False,False,False,False,False
Rwanda,RWA,2007,Country or economy,Hydro,False,0.12,-0.01,-7.692,48.0,-0.148,0.04,0.003,0.0,0.0,3.394,25.0,Africa,Africa,False,False,False,False,False
Rwanda,RWA,2007,Country or economy,Bioenergy,False,0.0,0.0,,0.0,0.0,0.0,0.0,0.0,,0.0,,Africa,Africa,False,False,False,False,False
Rwanda,RWA,2007,Country or economy,Other renewables,False,0.0,0.0,,0.0,0.0,0.0,0.0,0.0,,0.0,,Africa,Africa,False,False,False,False,False
Rwanda,RWA,2007,Country or economy,Nuclear,False,0.0,0.0,,0.0,0.0,0.0,0.0,0.0,,0.0,,Africa,Africa,False,False,False,False,False
Rwanda,RWA,2007,Country or economy,Coal,False,0.0,0.0,,0.0,0.0,0.0,0.0,0.0,,0.0,,Africa,Africa,False,False,False,False,False
Rwanda,RWA,2007,Country or economy,Gas,False,0.0,0.0,,0.0,0.0,0.0,0.0,0.0,,0.0,,Africa,Africa,False,False,False,False,False
Rwanda,RWA,2007,Country or economy,Other fossil,False,0.13,-0.01,-7.143,52.0,0.148,0.03,0.086,-0.006,-6.522,97.295,661.538,Africa,Africa,False,False,False,False,False
Rwanda,RWA,2007,Country or economy,Net imports,False,0.08,0.02,33.333,32.0,9.778,,0.0,0.0,,0.0,0.0,Africa,Africa,False,False,False,False,False
Rwanda,RWA,2007,Country or economy,Wind and solar,True,0.0,0.0,,0.0,0.0,0.0,0.0,0.0,,0.0,,Africa,Africa,False,False,False,False,False
Rwanda,RWA,2007,Country or economy,"Hydro, bioenergy and other renewables",True,0.12,-0.01,-7.692,48.0,-0.148,0.04,0.003,0.0,0.0,3.394,25.0,Africa,Africa,False,False,False,False,False
Rwanda,RWA,2007,Country or economy,Renewables,True,0.12,-0.01,-7.692,48.0,-0.148,0.04,0.003,0.0,0.0,3.394,25.0,Africa,Africa,False,False,False,False,False
Rwanda,RWA,2007,Country or economy,Clean,True,0.12,-0.01,-7.692,48.0,-0.148,0.04,0.003,0.0,0.0,3.394,25.0,Africa,Africa,False,False,False,False,False
Rwanda,RWA,2007,Country or economy,Fossil,True,0.13,-0.01,-7.143,52.0,0.148,0.03,0.086,-0.006,-6.522,97.295,661.538,Africa,Africa,False,False,False,False,False
Rwanda,RWA,2007,Country or economy,Total generation,True,0.25,-0.02,-7.407,100.0,0.0,0.07,0.088,-0.007,-7.368,99.557,352.0,Africa,Africa,False,False,False,False,False
Rwanda,RWA,2007,Country or economy,Demand,True,0.33,0.0,0.0,132.0,9.778,,,,,,,Africa,Africa,False,False,False,False,False
Rwanda,RWA,2008,Country or economy,Solar,False,0.0,0.0,,0.0,0.0,0.0,0.0,0.0,,0.0,,Africa,Africa,False,False,False,False,False
Rwanda,RWA,2008,Country or economy,Wind,False,0.0,0.0,,0.0,0.0,0.0,0.0,0.0,,0.0,,Africa,Africa,False,False,False,False,False
Rwanda,RWA,2008,Country or economy,Hydro,False,0.16,0.04,33.333,55.172,7.172,0.04,0.004,0.001,33.333,4.477,25.0,Africa,Africa,False,False,False,False,False
Rwanda,RWA,2008,Country or economy,Bioenergy,False,0.0,0.0,,0.0,0.0,0.0,0.0,0.0,,0.0,,Africa,Africa,False,False,False,False,False
Rwanda,RWA,2008,Country or economy,Other renewables,False,0.0,0.0,,0.0,0.0,0.0,0.0,0.0,,0.0,,Africa,Africa,False,False,False,False,False
Rwanda,RWA,2008,Country or economy,Nuclear,False,0.0,0.0,,0.0,0.0,0.0,0.0,0.0,,0.0,,Africa,Africa,False,False,False,False,False
Rwanda,RWA,2008,Country or economy,Coal,False,0.0,0.0,,0.0,0.0,0.0,0.0,0.0,,0.0,,Africa,Africa,False,False,False,False,False
Rwanda,RWA,2008,Country or economy,Gas,False,0.0,0.0,,0.0,0.0,0.0,0.0,0.0,,0.0,,Africa,Africa,False,False,False,False,False
Rwanda,RWA,2008,Country or economy,Other fossil,False,0.13,0.0,0.0,44.828,-7.172,0.03,0.086,0.0,0.0,96.26,661.538,Africa,Africa,False,False,False,False,False
Rwanda,RWA,2008,Country or economy,Net imports,False,0.08,0.0,0.0,27.586,-4.414,,0.0,0.0,,0.0,0.0,Africa,Africa,False,False,False,False,False
Rwanda,RWA,2008,Country or economy,Wind and solar,True,0.0,0.0,,0.0,0.0,0.0,0.0,0.0,,0.0,,Africa,Africa,False,False,False,False,False
Rwanda,RWA,2008,Country or economy,"Hydro, bioenergy and other renewables",True,0.16,0.04,33.333,55.172,7.172,0.04,0.004,0.001,33.333,4.477,25.0,Africa,Africa,False,False,False,False,False
Rwanda,RWA,2008,Country or economy,Renewables,True,0.16,0.04,33.333,55.172,7.172,0.04,0.004,0.001,33.333,4.477,25.0,Africa,Africa,False,False,False,False,False
Rwanda,RWA,2008,Country or economy,Clean,True,0.16,0.04,33.333,55.172,7.172,0.04,0.004,0.001,33.333,4.477,25.0,Africa,Africa,False,False,False,False,False
Rwanda,RWA,2008,Country or economy,Fossil,True,0.13,0.0,0.0,44.828,-7.172,0.03,0.086,0.0,0.0,96.26,661.538,Africa,Africa,False,False,False,False,False
Rwanda,RWA,2008,Country or economy,Total generation,True,0.29,0.04,16.0,100.0,0.0,0.07,0.089,0.001,1.136,99.618,306.897,Africa,Africa,False,False,False,False,False
Rwanda,RWA,2008,Country or economy,Demand,True,0.37,0.04,12.121,127.586,-4.414,,,,,,,Africa,Africa,False,False,False,False,False
Rwanda,RWA,2009,Country or economy,Solar,False,0.0,0.0,,0.0,0.0,0.0,0.0,0.0,,0.0,,Africa,Africa,False,False,False,False,False
Rwanda,RWA,2009,Country or economy,Wind,False,0.0,0.0,,0.0,0.0,0.0,0.0,0.0,,0.0,,Africa,Africa,False,False,False,False,False
Rwanda,RWA,2009,Country or economy,Hydro,False,0.16,0.0,0.0,51.613,-3.559,0.04,0.004,0.0,0.0,3.902,25.0,Africa,Africa,False,False,False,False,False
Rwanda,RWA,2009,Country or economy,Bioenergy,False,0.0,0.0,,0.0,0.0,0.0,0.0,0.0,,0.0,,Africa,Africa,False,False,False,False,False
Rwanda,RWA,2009,Country or economy,Other renewables,False,0.0,0.0,,0.0,0.0,0.0,0.0,0.0,,0.0,,Africa,Africa,False,False,False,False,False
Rwanda,RWA,2009,Country or economy,Nuclear,False,0.0,0.0,,0.0,0.0,0.0,0.0,0.0,,0.0,,Africa,Africa,False,False,False,False,False
Rwanda,RWA,2009,Country or economy,Coal,False,0.0,0.0,,0.0,0.0,0.0,0.0,0.0,,0.0,,Africa,Africa,False,False,False,False,False
Rwanda,RWA,2009,Country or economy,Gas,False,0.0,0.0,,0.0,0.0,0.0,0.0,0.0,,0.0,,Africa,Africa,False,False,False,False,False
Rwanda,RWA,2009,Country or economy,Other fossil,False,0.15,0.02,15.385,48.387,3.559,0.05,0.099,0.013,15.116,96.584,660.0,Africa,Africa,False,False,False,False,False
Rwanda,RWA,2009,Country or economy,Net imports,False,0.06,-0.02,-25.0,19.355,-8.231,,0.0,0.0,,0.0,0.0,Africa,Africa,False,False,False,False,False
Rwanda,RWA,2009,Country or economy,Wind and solar,True,0.0,0.0,,0.0,0.0,0.0,0.0,0.0,,0.0,,Africa,Africa,False,False,False,False,False
Rwanda,RWA,2009,Country or economy,"Hydro, bioenergy and other renewables",True,0.16,0.0,0.0,51.613,-3.559,0.04,0.004,0.0,0.0,3.902,25.0,Africa,Africa,False,False,False,False,False
Rwanda,RWA,2009,Country or economy,Renewables,True,0.16,0.0,0.0,51.613,-3.559,0.04,0.004,0.0,0.0,3.902,25.0,Africa,Africa,False,False,False,False,False
Rwanda,RWA,2009,Country or economy,Clean,True,0.16,0.0,0.0,51.613,-3.559,0.04,0.004,0.0,0.0,3.902,25.0,Africa,Africa,False,False,False,False,False
Rwanda,RWA,2009,Country or economy,Fossil,True,0.15,0.02,15.385,48.387,3.559,0.05,0.099,0.013,15.116,96.584,660.0,Africa,Africa,False,False,False,False,False
Rwanda,RWA,2009,Country or economy,Total generation,True,0.31,0.02,6.897,100.0,0.0,0.09,0.103,0.014,15.73,100.486,332.258,Africa,Africa,False,False,False,False,False
Rwanda,RWA,2009,Country or economy,Demand,True,0.37,0.0,0.0,119.355,-8.231,,,,,,,Africa,Africa,False,False,False,False,False
Rwanda,RWA,2010,Country or economy,Solar,False,0.0,0.0,,0.0,0.0,0.0,0.0,0.0,,0.0,,Africa,Africa,False,False,False,False,False
Rwanda,RWA,2010,Country or economy,Wind,False,0.0,0.0,,0.0,0.0,0.0,0.0,0.0,,0.0,,Africa,Africa,False,False,False,False,False
Rwanda,RWA,2010,Country or economy,Hydro,False,0.11,-0.05,-31.25,39.286,-12.327,0.05,0.003,-0.001,-25.0,2.638,27.273,Africa,Africa,False,False,False,False,False
Rwanda,RWA,2010,Country or economy,Bioenergy,False,0.0,0.0,,0.0,0.0,0.0,0.0,0.0,,0.0,,Africa,Africa,False,False,False,False,False
Rwanda,RWA,2010,Country or economy,Other renewables,False,0.0,0.0,,0.0,0.0,0.0,0.0,0.0,,0.0,,Africa,Africa,False,False,False,False,False
Rwanda,RWA,2010,Country or economy,Nuclear,False,0.0,0.0,,0.0,0.0,0.0,0.0,0.0,,0.0,,Africa,Africa,False,False,False,False,False
Rwanda,RWA,2010,Country or economy,Coal,False,0.0,0.0,,0.0,0.0,0.0,0.0,0.0,,0.0,,Africa,Africa,False,False,False,False,False
Rwanda,RWA,2010,Country or economy,Gas,False,0.01,0.01,,3.571,3.571,0.0,0.006,0.006,,5.276,600.0,Africa,Africa,False,False,False,False,False
Rwanda,RWA,2010,Country or economy,Other fossil,False,0.16,0.01,6.667,57.143,8.756,0.05,0.105,0.006,6.061,92.334,656.25,Africa,Africa,False,False,False,False,False
Rwanda,RWA,2010,Country or economy,Net imports,False,0.08,0.02,33.333,28.571,9.216,,0.0,0.0,,0.0,0.0,Africa,Africa,False,False,False,False,False
Rwanda,RWA,2010,Country or economy,Wind and solar,True,0.0,0.0,,0.0,0.0,0.0,0.0,0.0,,0.0,,Africa,Africa,False,False,False,False,False
Rwanda,RWA,2010,Country or economy,"Hydro, bioenergy and other renewables",True,0.11,-0.05,-31.25,39.286,-12.327,0.05,0.003,-0.001,-25.0,2.638,27.273,Africa,Africa,False,False,False,False,False
Rwanda,RWA,2010,Country or economy,Renewables,True,0.11,-0.05,-31.25,39.286,-12.327,0.05,0.003,-0.001,-25.0,2.638,27.273,Africa,Africa,False,False,False,False,False
Rwanda,RWA,2010,Country or economy,Clean,True,0.11,-0.05,-31.25,39.286,-12.327,0.05,0.003,-0.001,-25.0,2.638,27.273,Africa,Africa,False,False,False,False,False
Rwanda,RWA,2010,Country or economy,Fossil,True,0.17,0.02,13.333,60.714,12.327,0.05,0.111,0.012,12.121,97.61,652.941,Africa,Africa,False,False,False,False,False
Rwanda,RWA,2010,Country or economy,Total generation,True,0.28,-0.03,-9.677,100.0,0.0,0.1,0.114,0.011,10.68,100.249,407.143,Africa,Africa,False,False,False,False,False
Rwanda,RWA,2010,Country or economy,Demand,True,0.36,-0.01,-2.703,128.571,9.216,,,,,,,Africa,Africa,False,False,False,False,False
Rwanda,RWA,2011,Country or economy,Solar,False,0.0,0.0,,0.0,0.0,0.0,0.0,0.0,,0.0,,Africa,Africa,False,False,False,False,False
Rwanda,RWA,2011,Country or economy,Wind,False,0.0,0.0,,0.0,0.0,0.0,0.0,0.0,,0.0,,Africa,Africa,False,False,False,False,False
Rwanda,RWA,2011,Country or economy,Hydro,False,0.15,0.04,36.364,42.857,3.571,0.05,0.004,0.001,33.333,2.976,26.667,Africa,Africa,False,False,False,False,False
Rwanda,RWA,2011,Country or economy,Bioenergy,False,0.0,0.0,,0.0,0.0,0.0,0.0,0.0,,0.0,,Africa,Africa,False,False,False,False,False
Rwanda,RWA,2011,Country or economy,Other renewables,False,0.0,0.0,,0.0,0.0,0.0,0.0,0.0,,0.0,,Africa,Africa,False,False,False,False,False
Rwanda,RWA,2011,Country or economy,Nuclear,False,0.0,0.0,,0.0,0.0,0.0,0.0,0.0,,0.0,,Africa,Africa,False,False,False,False,False
Rwanda,RWA,2011,Country or economy,Coal,False,0.0,0.0,,0.0,0.0,0.0,0.0,0.0,,0.0,,Africa,Africa,False,False,False,False,False
Rwanda,RWA,2011,Country or economy,Gas,False,0.01,0.0,0.0,2.857,-0.714,0.0,0.006,0.0,0.0,4.464,600.0,Africa,Africa,False,False,False,False,False
Rwanda,RWA,2011,Country or economy,Other fossil,False,0.19,0.03,18.75,54.286,-2.857,0.05,0.125,0.02,19.048,93.001,657.895,Africa,Africa,False,False,False,False,False
Rwanda,RWA,2011,Country or economy,Net imports,False,0.07,-0.01,-12.5,20.0,-8.571,,0.0,0.0,,0.0,0.0,Africa,Africa,False,False,False,False,False
Rwanda,RWA,2011,Country or economy,Wind and solar,True,0.0,0.0,,0.0,0.0,0.0,0.0,0.0,,0.0,,Africa,Africa,False,False,False,False,False
Rwanda,RWA,2011,Country or economy,"Hydro, bioenergy and other renewables",True,0.15,0.04,36.364,42.857,3.571,0.05,0.004,0.001,33.333,2.976,26.667,Africa,Africa,False,False,False,False,False
Rwanda,RWA,2011,Country or economy,Renewables,True,0.15,0.04,36.364,42.857,3.571,0.05,0.004,0.001,33.333,2.976,26.667,Africa,Africa,False,False,False,False,False
Rwanda,RWA,2011,Country or economy,Clean,True,0.15,0.04,36.364,42.857,3.571,0.05,0.004,0.001,33.333,2.976,26.667,Africa,Africa,False,False,False,False,False
Rwanda,RWA,2011,Country or economy,Fossil,True,0.2,0.03,17.647,57.143,-3.571,0.05,0.131,0.02,18.018,97.465,655.0,Africa,Africa,False,False,False,False,False
Rwanda,RWA,2011,Country or economy,Total generation,True,0.35,0.07,25.0,100.0,0.0,0.1,0.134,0.02,17.544,99.697,382.857,Africa,Africa,False,False,False,False,False
Rwanda,RWA,2011,Country or economy,Demand,True,0.42,0.06,16.667,120.0,-8.571,,,,,,,Africa,Africa,False,False,False,False,False
Rwanda,RWA,2012,Country or economy,Solar,False,0.0,0.0,,0.0,0.0,0.0,0.0,0.0,,0.0,,Africa,Africa,False,False,False,False,False
Rwanda,RWA,2012,Country or economy,Wind,False,0.0,0.0,,0.0,0.0,0.0,0.0,0.0,,0.0,,Africa,Africa,False,False,False,False,False
Rwanda,RWA,2012,Country or economy,Hydro,False,0.18,0.03,20.0,46.154,3.297,0.06,0.004,0.0,0.0,2.823,22.222,Africa,Africa,False,False,False,False,False
Rwanda,RWA,2012,Country or economy,Bioenergy,False,0.0,0.0,,0.0,0.0,0.0,0.0,0.0,,0.0,,Africa,Africa,False,False,False,False,False
Rwanda,RWA,2012,Country or economy,Other renewables,False,0.0,0.0,,0.0,0.0,0.0,0.0,0.0,,0.0,,Africa,Africa,False,False,False,False,False
Rwanda,RWA,2012,Country or economy,Nuclear,False,0.0,0.0,,0.0,0.0,0.0,0.0,0.0,,0.0,,Africa,Africa,False,False,False,False,False
Rwanda,RWA,2012,Country or economy,Coal,False,0.0,0.0,,0.0,0.0,0.0,0.0,0.0,,0.0,,Africa,Africa,False,False,False,False,False
Rwanda,RWA,2012,Country or economy,Gas,False,0.01,0.0,0.0,2.564,-0.293,0.0,0.006,0.0,0.0,4.234,600.0,Africa,Africa,False,False,False,False,False
Rwanda,RWA,2012,Country or economy,Other fossil,False,0.2,0.01,5.263,51.282,-3.004,0.05,0.132,0.007,5.6,93.154,660.0,Africa,Africa,False,False,False,False,False
Rwanda,RWA,2012,Country or economy,Net imports,False,0.09,0.02,28.571,23.077,3.077,,0.0,0.0,,0.0,0.0,Africa,Africa,False,False,False,False,False
Rwanda,RWA,2012,Country or economy,Wind and solar,True,0.0,0.0,,0.0,0.0,0.0,0.0,0.0,,0.0,,Africa,Africa,False,False,False,False,False
Rwanda,RWA,2012,Country or economy,"Hydro, bioenergy and other renewables",True,0.18,0.03,20.0,46.154,3.297,0.06,0.004,0.0,0.0,2.823,22.222,Africa,Africa,False,False,False,False,False
Rwanda,RWA,2012,Country or economy,Renewables,True,0.18,0.03,20.0,46.154,3.297,0.06,0.004,0.0,0.0,2.823,22.222,Africa,Africa,False,False,False,False,False
Rwanda,RWA,2012,Country or economy,Clean,True,0.18,0.03,20.0,46.154,3.297,0.06,0.004,0.0,0.0,2.823,22.222,Africa,Africa,False,False,False,False,False
Rwanda,RWA,2012,Country or economy,Fossil,True,0.21,0.01,5.0,53.846,-3.297,0.05,0.137,0.006,4.58,96.683,652.381,Africa,Africa,False,False,False,False,False
Rwanda,RWA,2012,Country or economy,Total generation,True,0.39,0.04,11.429,100.0,0.0,0.11,0.142,0.008,5.97,100.211,364.103,Africa,Africa,False,False,False,False,False
Rwanda,RWA,2012,Country or economy,Demand,True,0.48,0.06,14.286,123.077,3.077,,,,,,,Africa,Africa,False,False,False,False,False
Rwanda,RWA,2013,Country or economy,Solar,False,0.0,0.0,,0.0,0.0,0.0,0.0,0.0,,0.0,,Africa,Africa,False,False,False,False,False
Rwanda,RWA,2013,Country or economy,Wind,False,0.0,0.0,,0.0,0.0,0.0,0.0,0.0,,0.0,,Africa,Africa,False,False,False,False,False
Rwanda,RWA,2013,Country or economy,Hydro,False,0.15,-0.03,-16.667,40.541,-5.613,0.06,0.004,0.0,0.0,2.711,26.667,Africa,Africa,False,False,False,False,False
Rwanda,RWA,2013,Country or economy,Bioenergy,False,0.0,0.0,,0.0,0.0,0.0,0.0,0.0,,0.0,,Africa,Africa,False,False,False,False,False
Rwanda,RWA,2013,Country or economy,Other renewables,False,0.0,0.0,,0.0,0.0,0.0,0.0,0.0,,0.0,,Africa,Africa,False,False,False,False,False
Rwanda,RWA,2013,Country or economy,Nuclear,False,0.0,0.0,,0.0,0.0,0.0,0.0,0.0,,0.0,,Africa,Africa,False,False,False,False,False
Rwanda,RWA,2013,Country or economy,Coal,False,0.0,0.0,,0.0,0.0,0.0,0.0,0.0,,0.0,,Africa,Africa,False,False,False,False,False
Rwanda,RWA,2013,Country or economy,Gas,False,0.01,0.0,0.0,2.703,0.139,0.0,0.006,0.0,0.0,4.066,600.0,Africa,Africa,False,False,False,False,False
Rwanda,RWA,2013,Country or economy,Other fossil,False,0.21,0.01,5.0,56.757,5.475,0.05,0.138,0.006,4.545,93.516,657.143,Africa,Africa,False,False,False,False,False
Rwanda,RWA,2013,Country or economy,Net imports,False,0.09,0.0,0.0,24.324,1.247,,0.0,0.0,,0.0,0.0,Africa,Africa,False,False,False,False,False
Rwanda,RWA,2013,Country or economy,Wind and solar,True,0.0,0.0,,0.0,0.0,0.0,0.0,0.0,,0.0,,Africa,Africa,False,False,False,False,False
Rwanda,RWA,2013,Country or economy,"Hydro, bioenergy and other renewables",True,0.15,-0.03,-16.667,40.541,-5.613,0.06,0.004,0.0,0.0,2.711,26.667,Africa,Africa,False,False,False,False,False
Rwanda,RWA,2013,Country or economy,Renewables,True,0.15,-0.03,-16.667,40.541,-5.613,0.06,0.004,0.0,0.0,2.711,26.667,Africa,Africa,False,False,False,False,False
Rwanda,RWA,2013,Country or economy,Clean,True,0.15,-0.03,-16.667,40.541,-5.613,0.06,0.004,0.0,0.0,2.711,26.667,Africa,Africa,False,False,False,False,False
Rwanda,RWA,2013,Country or economy,Fossil,True,0.22,0.01,4.762,59.459,5.613,0.05,0.144,0.007,5.109,97.582,654.545,Africa,Africa,False,False,False,False,False
Rwanda,RWA,2013,Country or economy,Total generation,True,0.37,-0.02,-5.128,100.0,0.0,0.11,0.148,0.006,4.225,100.293,400.0,Africa,Africa,False,False,False,False,False
Rwanda,RWA,2013,Country or economy,Demand,True,0.46,-0.02,-4.167,124.324,1.247,,,,,,,Africa,Africa,False,False,False,False,False
Rwanda,RWA,2014,Country or economy,Solar,False,0.0,0.0,,0.0,0.0,0.01,0.0,0.0,,0.0,,Africa,Africa,False,False,False,False,False
Rwanda,RWA,2014,Country or economy,Wind,False,0.0,0.0,,0.0,0.0,0.0,0.0,0.0,,0.0,,Africa,Africa,False,False,False,False,False
Rwanda,RWA,2014,Country or economy,Hydro,False,0.2,0.05,33.333,48.78,8.239,0.07,0.005,0.001,25.0,3.536,25.0,Africa,Africa,False,False,False,False,False
Rwanda,RWA,2014,Country or economy,Bioenergy,False,0.0,0.0,,0.0,0.0,0.0,0.0,0.0,,0.0,,Africa,Africa,False,False,False,False,False
Rwanda,RWA,2014,Country or economy,Other renewables,False,0.0,0.0,,0.0,0.0,0.0,0.0,0.0,,0.0,,Africa,Africa,False,False,False,False,False
Rwanda,RWA,2014,Country or economy,Nuclear,False,0.0,0.0,,0.0,0.0,0.0,0.0,0.0,,0.0,,Africa,Africa,False,False,False,False,False
Rwanda,RWA,2014,Country or economy,Coal,False,0.0,0.0,,0.0,0.0,0.0,0.0,0.0,,0.0,,Africa,Africa,False,False,False,False,False
Rwanda,RWA,2014,Country or economy,Gas,False,0.02,0.01,100.0,4.878,2.175,0.0,0.012,0.006,100.0,8.485,600.0,Africa,Africa,False,False,False,False,False
Rwanda,RWA,2014,Country or economy,Other fossil,False,0.19,-0.02,-9.524,46.341,-10.416,0.05,0.125,-0.013,-9.42,88.389,657.895,Africa,Africa,False,False,False,False,False
Rwanda,RWA,2014,Country or economy,Net imports,False,0.09,0.0,0.0,21.951,-2.373,,0.0,0.0,,0.0,0.0,Africa,Africa,False,False,False,False,False
Rwanda,RWA,2014,Country or economy,Wind and solar,True,0.0,0.0,,0.0,0.0,0.01,0.0,0.0,,0.0,,Africa,Africa,False,False,False,False,False
Rwanda,RWA,2014,Country or economy,"Hydro, bioenergy and other renewables",True,0.2,0.05,33.333,48.78,8.239,0.07,0.005,0.001,25.0,3.536,25.0,Africa,Africa,False,False,False,False,False
Rwanda,RWA,2014,Country or economy,Renewables,True,0.2,0.05,33.333,48.78,8.239,0.08,0.005,0.001,25.0,3.536,25.0,Africa,Africa,False,False,False,False,False
Rwanda,RWA,2014,Country or economy,Clean,True,0.2,0.05,33.333,48.78,8.239,0.08,0.005,0.001,25.0,3.536,25.0,Africa,Africa,False,False,False,False,False
Rwanda,RWA,2014,Country or economy,Fossil,True,0.21,-0.01,-4.545,51.22,-8.239,0.05,0.137,-0.007,-4.861,96.875,652.381,Africa,Africa,False,False,False,False,False
Rwanda,RWA,2014,Country or economy,Total generation,True,0.41,0.04,10.811,100.0,0.0,0.13,0.141,-0.007,-4.73,99.703,343.902,Africa,Africa,False,False,False,False,False
Rwanda,RWA,2014,Country or economy,Demand,True,0.5,0.04,8.696,121.951,-2.373,,,,,,,Africa,Africa,False,False,False,False,False
Rwanda,RWA,2015,Country or economy,Solar,False,0.01,0.01,,1.961,1.961,0.01,0.0,0.0,,0.0,0.0,Africa,Africa,False,False,False,False,False
Rwanda,RWA,2015,Country or economy,Wind,False,0.0,0.0,,0.0,0.0,0.0,0.0,0.0,,0.0,,Africa,Africa,False,False,False,False,False
Rwanda,RWA,2015,Country or economy,Hydro,False,0.28,0.08,40.0,54.902,6.122,0.09,0.007,0.002,40.0,4.655,25.0,Africa,Africa,False,False,False,False,False
Rwanda,RWA,2015,Country or economy,Bioenergy,False,0.0,0.0,,0.0,0.0,0.0,0.0,0.0,,0.0,,Africa,Africa,False,False,False,False,False
Rwanda,RWA,2015,Country or economy,Other renewables,False,0.0,0.0,,0.0,0.0,0.0,0.0,0.0,,0.0,,Africa,Africa,False,False,False,False,False
Rwanda,RWA,2015,Country or economy,Nuclear,False,0.0,0.0,,0.0,0.0,0.0,0.0,0.0,,0.0,,Africa,Africa,False,False,False,False,False
Rwanda,RWA,2015,Country or economy,Coal,False,0.0,0.0,,0.0,0.0,0.0,0.0,0.0,,0.0,,Africa,Africa,False,False,False,False,False
Rwanda,RWA,2015,Country or economy,Gas,False,0.02,0.0,0.0,3.922,-0.956,0.03,0.012,0.0,0.0,7.98,600.0,Africa,Africa,False,False,False,False,False
Rwanda,RWA,2015,Country or economy,Other fossil,False,0.2,0.01,5.263,39.216,-7.125,0.07,0.132,0.007,5.6,87.78,660.0,Africa,Africa,False,False,False,False,False
Rwanda,RWA,2015,Country or economy,Net imports,False,0.08,-0.01,-11.111,15.686,-6.265,,0.0,0.0,,0.0,0.0,Africa,Africa,False,False,False,False,False
Rwanda,RWA,2015,Country or economy,Wind and solar,True,0.01,0.01,,1.961,1.961,0.01,0.0,0.0,,0.0,0.0,Africa,Africa,False,False,False,False,False
Rwanda,RWA,2015,Country or economy,"Hydro, bioenergy and other renewables",True,0.28,0.08,40.0,54.902,6.122,0.09,0.007,0.002,40.0,4.655,25.0,Africa,Africa,False,False,False,False,False
Rwanda,RWA,2015,Country or economy,Renewables,True,0.29,0.09,45.0,56.863,8.083,0.0999999999999999,0.007,0.002,40.0,4.655,24.138,Africa,Africa,False,False,False,False,False
Rwanda,RWA,2015,Country or economy,Clean,True,0.29,0.09,45.0,56.863,8.083,0.0999999999999999,0.007,0.002,40.0,4.655,24.138,Africa,Africa,False,False,False,False,False
Rwanda,RWA,2015,Country or economy,Fossil,True,0.22,0.01,4.762,43.137,-8.083,0.1,0.143,0.006,4.38,95.095,650.0,Africa,Africa,False,False,False,False,False
Rwanda,RWA,2015,Country or economy,Total generation,True,0.51,0.1,24.39,100.0,0.0,0.2,0.15,0.009,6.383,99.75,294.118,Africa,Africa,False,False,False,False,False
Rwanda,RWA,2015,Country or economy,Demand,True,0.59,0.09,18.0,115.686,-6.265,,,,,,,Africa,Africa,False,False,False,False,False
Rwanda,RWA,2016,Country or economy,Solar,False,0.02,0.01,100.0,3.125,1.164,0.01,0.001,0.001,,0.468,50.0,Africa,Africa,False,False,False,False,False
Rwanda,RWA,2016,Country or economy,Wind,False,0.0,0.0,,0.0,0.0,0.0,0.0,0.0,,0.0,,Africa,Africa,False,False,False,False,False
Rwanda,RWA,2016,Country or economy,Hydro,False,0.3,0.02,7.143,46.875,-8.027,0.1,0.007,0.0,0.0,3.277,23.333,Africa,Africa,False,False,False,False,False
Rwanda,RWA,2016,Country or economy,Bioenergy,False,0.0,0.0,,0.0,0.0,0.0,0.0,0.0,,0.0,,Africa,Africa,False,False,False,False,False
Rwanda,RWA,2016,Country or economy,Other renewables,False,0.0,0.0,,0.0,0.0,0.0,0.0,0.0,,0.0,,Africa,Africa,False,False,False,False,False
Rwanda,RWA,2016,Country or economy,Nuclear,False,0.0,0.0,,0.0,0.0,0.0,0.0,0.0,,0.0,,Africa,Africa,False,False,False,False,False
Rwanda,RWA,2016,Country or economy,Coal,False,0.01,0.01,,1.562,1.562,0.01,0.009,0.009,,4.213,900.0,Africa,Africa,False,False,False,False,False
Rwanda,RWA,2016,Country or economy,Gas,False,0.1,0.08,400.0,15.625,11.703,0.03,0.058,0.046,383.333,27.149,580.0,Africa,Africa,False,False,False,False,False
Rwanda,RWA,2016,Country or economy,Other fossil,False,0.21,0.01,5.0,32.812,-6.404,0.07,0.138,0.006,4.545,64.596,657.143,Africa,Africa,False,False,False,False,False
Rwanda,RWA,2016,Country or economy,Net imports,False,0.07,-0.01,-12.5,10.938,-4.748,,0.0,0.0,,0.0,0.0,Africa,Africa,False,False,False,False,False
Rwanda,RWA,2016,Country or economy,Wind and solar,True,0.02,0.01,100.0,3.125,1.164,0.01,0.001,0.001,,0.468,50.0,Africa,Africa,False,False,False,False,False
Rwanda,RWA,2016,Country or economy,"Hydro, bioenergy and other renewables",True,0.3,0.02,7.143,46.875,-8.027,0.1,0.007,0.0,0.0,3.277,23.333,Africa,Africa,False,False,False,False,False
Rwanda,RWA,2016,Country or economy,Renewables,True,0.32,0.03,10.345,50.0,-6.863,0.11,0.008,0.001,14.286,3.745,25.0,Africa,Africa,False,False,False,False,False
Rwanda,RWA,2016,Country or economy,Clean,True,0.32,0.03,10.345,50.0,-6.863,0.11,0.008,0.001,14.286,3.745,25.0,Africa,Africa,False,False,False,False,False
Rwanda,RWA,2016,Country or economy,Fossil,True,0.32,0.1,45.455,50.0,6.863,0.11,0.206,0.063,44.056,96.426,643.75,Africa,Africa,False,False,False,False,False
Rwanda,RWA,2016,Country or economy,Total generation,True,0.64,0.13,25.49,100.0,0.0,0.22,0.214,0.064,42.667,100.17,334.375,Africa,Africa,False,False,False,False,False
Rwanda,RWA,2016,Country or economy,Demand,True,0.71,0.12,20.339,110.938,-4.748,,,,,,,Africa,Africa,False,False,False,False,False
Rwanda,RWA,2017,Country or economy,Solar,False,0.02,0.0,0.0,3.077,-0.048,0.01,0.001,0.0,0.0,0.426,50.0,Africa,Africa,False,False,False,False,False
Rwanda,RWA,2017,Country or economy,Wind,False,0.0,0.0,,0.0,0.0,0.0,0.0,0.0,,0.0,,Africa,Africa,False,False,False,False,False
Rwanda,RWA,2017,Country or economy,Hydro,False,0.28,-0.02,-6.667,43.077,-3.798,0.1,0.007,0.0,0.0,2.983,25.0,Africa,Africa,False,False,False,False,False
Rwanda,RWA,2017,Country or economy,Bioenergy,False,0.0,0.0,,0.0,0.0,0.0,0.0,0.0,,0.0,,Africa,Africa,False,False,False,False,False
Rwanda,RWA,2017,Country or economy,Other renewables,False,0.0,0.0,,0.0,0.0,0.0,0.0,0.0,,0.0,,Africa,Africa,False,False,False,False,False
Rwanda,RWA,2017,Country or economy,Nuclear,False,0.0,0.0,,0.0,0.0,0.0,0.0,0.0,,0.0,,Africa,Africa,False,False,False,False,False
Rwanda,RWA,2017,Country or economy,Coal,False,0.02,0.01,100.0,3.077,1.515,0.01,0.018,0.009,100.0,7.67,900.0,Africa,Africa,False,False,False,False,False
Rwanda,RWA,2017,Country or economy,Gas,False,0.11,0.01,10.0,16.923,1.298,0.03,0.064,0.006,10.345,27.271,581.818,Africa,Africa,False,False,False,False,False
Rwanda,RWA,2017,Country or economy,Other fossil,False,0.22,0.01,4.762,33.846,1.034,0.07,0.145,0.007,5.072,61.786,659.091,Africa,Africa,False,False,False,False,False
Rwanda,RWA,2017,Country or economy,Net imports,False,0.07,0.0,0.0,10.769,-0.169,,0.0,0.0,,0.0,0.0,Africa,Africa,False,False,False,False,False
Rwanda,RWA,2017,Country or economy,Wind and solar,True,0.02,0.0,0.0,3.077,-0.048,0.01,0.001,0.0,0.0,0.426,50.0,Africa,Africa,False,False,False,False,False
Rwanda,RWA,2017,Country or economy,"Hydro, bioenergy and other renewables",True,0.28,-0.02,-6.667,43.077,-3.798,0.1,0.007,0.0,0.0,2.983,25.0,Africa,Africa,False,False,False,False,False
Rwanda,RWA,2017,Country or economy,Renewables,True,0.3,-0.02,-6.25,46.154,-3.846,0.11,0.008,0.0,0.0,3.409,26.667,Africa,Africa,False,False,False,False,False
Rwanda,RWA,2017,Country or economy,Clean,True,0.3,-0.02,-6.25,46.154,-3.846,0.11,0.008,0.0,0.0,3.409,26.667,Africa,Africa,False,False,False,False,False
Rwanda,RWA,2017,Country or economy,Fossil,True,0.35,0.03,9.375,53.846,3.846,0.11,0.227,0.021,10.194,96.727,648.571,Africa,Africa,False,False,False,False,False
Rwanda,RWA,2017,Country or economy,Total generation,True,0.65,0.01,1.562,100.0,0.0,0.22,0.235,0.021,9.813,100.136,361.538,Africa,Africa,False,False,False,False,False
Rwanda,RWA,2017,Country or economy,Demand,True,0.72,0.01,1.408,110.769,-0.169,,,,,,,Africa,Africa,False,False,False,False,False
Rwanda,RWA,2018,Country or economy,Solar,False,0.03,0.01,50.0,3.659,0.582,0.01,0.001,0.0,0.0,0.316,33.333,Africa,Africa,False,False,False,False,False
Rwanda,RWA,2018,Country or economy,Wind,False,0.0,0.0,,0.0,0.0,0.0,0.0,0.0,,0.0,,Africa,Africa,False,False,False,False,False
Rwanda,RWA,2018,Country or economy,Hydro,False,0.31,0.03,10.714,37.805,-5.272,0.1,0.007,0.0,0.0,2.213,22.581,Africa,Africa,False,False,False,False,False
Rwanda,RWA,2018,Country or economy,Bioenergy,False,0.0,0.0,,0.0,0.0,0.0,0.0,0.0,,0.0,,Africa,Africa,False,False,False,False,False
Rwanda,RWA,2018,Country or economy,Other renewables,False,0.0,0.0,,0.0,0.0,0.0,0.0,0.0,,0.0,,Africa,Africa,False,False,False,False,False
Rwanda,RWA,2018,Country or economy,Nuclear,False,0.0,0.0,,0.0,0.0,0.0,0.0,0.0,,0.0,,Africa,Africa,False,False,False,False,False
Rwanda,RWA,2018,Country or economy,Coal,False,0.03,0.01,50.0,3.659,0.582,0.01,0.027,0.009,50.0,8.534,900.0,Africa,Africa,False,False,False,False,False
Rwanda,RWA,2018,Country or economy,Gas,False,0.21,0.1,90.909,25.61,8.687,0.03,0.122,0.058,90.625,38.562,580.952,Africa,Africa,False,False,False,False,False
Rwanda,RWA,2018,Country or economy,Other fossil,False,0.24,0.02,9.091,29.268,-4.578,0.07,0.158,0.013,8.966,49.941,658.333,Africa,Africa,False,False,False,False,False
Rwanda,RWA,2018,Country or economy,Net imports,False,0.09,0.02,28.571,10.976,0.207,,0.0,0.0,,0.0,0.0,Africa,Africa,False,False,False,False,False
Rwanda,RWA,2018,Country or economy,Wind and solar,True,0.03,0.01,50.0,3.659,0.582,0.01,0.001,0.0,0.0,0.316,33.333,Africa,Africa,False,False,False,False,False
Rwanda,RWA,2018,Country or economy,"Hydro, bioenergy and other renewables",True,0.31,0.03,10.714,37.805,-5.272,0.1,0.007,0.0,0.0,2.213,22.581,Africa,Africa,False,False,False,False,False
Rwanda,RWA,2018,Country or economy,Renewables,True,0.34,0.04,13.333,41.463,-4.691,0.11,0.009,0.001,12.5,2.845,26.471,Africa,Africa,False,False,False,False,False
Rwanda,RWA,2018,Country or economy,Clean,True,0.34,0.04,13.333,41.463,-4.691,0.11,0.009,0.001,12.5,2.845,26.471,Africa,Africa,False,False,False,False,False
Rwanda,RWA,2018,Country or economy,Fossil,True,0.48,0.13,37.143,58.537,4.691,0.11,0.308,0.081,35.683,97.353,641.667,Africa,Africa,False,False,False,False,False
Rwanda,RWA,2018,Country or economy,Total generation,True,0.82,0.17,26.154,100.0,0.0,0.22,0.316,0.081,34.468,99.881,385.366,Africa,Africa,False,False,False,False,False
Rwanda,RWA,2018,Country or economy,Demand,True,0.91,0.19,26.389,110.976,0.207,,,,,,,Africa,Africa,False,False,False,False,False
Rwanda,RWA,2019,Country or economy,Solar,False,0.03,0.0,0.0,3.529,-0.13,0.01,0.001,0.0,0.0,0.362,33.333,Africa,Africa,False,False,False,False,False
Rwanda,RWA,2019,Country or economy,Wind,False,0.0,0.0,,0.0,0.0,0.0,0.0,0.0,,0.0,,Africa,Africa,False,False,False,False,False
Rwanda,RWA,2019,Country or economy,Hydro,False,0.4,0.09,29.032,47.059,9.254,0.11,0.01,0.003,42.857,3.617,25.0,Africa,Africa,False,False,False,False,False
Rwanda,RWA,2019,Country or economy,Bioenergy,False,0.0,0.0,,0.0,0.0,0.0,0.0,0.0,,0.0,,Africa,Africa,False,False,False,False,False
Rwanda,RWA,2019,Country or economy,Other renewables,False,0.0,0.0,,0.0,0.0,0.0,0.0,0.0,,0.0,,Africa,Africa,False,False,False,False,False
Rwanda,RWA,2019,Country or economy,Nuclear,False,0.0,0.0,,0.0,0.0,0.0,0.0,0.0,,0.0,,Africa,Africa,False,False,False,False,False
Rwanda,RWA,2019,Country or economy,Coal,False,0.02,-0.01,-33.333,2.353,-1.306,0.01,0.018,-0.009,-33.333,6.51,900.0,Africa,Africa,False,False,False,False,False
Rwanda,RWA,2019,Country or economy,Gas,False,0.21,0.0,0.0,24.706,-0.904,0.03,0.122,0.0,0.0,44.126,580.952,Africa,Africa,False,False,False,False,False
Rwanda,RWA,2019,Country or economy,Other fossil,False,0.19,-0.05,-20.833,22.353,-6.915,0.07,0.125,-0.033,-20.886,45.211,657.895,Africa,Africa,False,False,False,False,False
Rwanda,RWA,2019,Country or economy,Net imports,False,0.03,-0.06,-66.667,3.529,-7.447,,0.0,0.0,,0.0,0.0,Africa,Africa,False,False,False,False,False
Rwanda,RWA,2019,Country or economy,Wind and solar,True,0.03,0.0,0.0,3.529,-0.13,0.01,0.001,0.0,0.0,0.362,33.333,Africa,Africa,False,False,False,False,False
Rwanda,RWA,2019,Country or economy,"Hydro, bioenergy and other renewables",True,0.4,0.09,29.032,47.059,9.254,0.11,0.01,0.003,42.857,3.617,25.0,Africa,Africa,False,False,False,False,False
Rwanda,RWA,2019,Country or economy,Renewables,True,0.43,0.09,26.471,50.588,9.125,0.12,0.011,0.002,22.222,3.979,25.581,Africa,Africa,False,False,False,False,False
Rwanda,RWA,2019,Country or economy,Clean,True,0.43,0.09,26.471,50.588,9.125,0.12,0.011,0.002,22.222,3.979,25.581,Africa,Africa,False,False,False,False,False
Rwanda,RWA,2019,Country or economy,Fossil,True,0.42,-0.06,-12.5,49.412,-9.125,0.11,0.266,-0.042,-13.636,96.209,633.333,Africa,Africa,False,False,False,False,False
Rwanda,RWA,2019,Country or economy,Total generation,True,0.85,0.03,3.659,100.0,0.0,0.23,0.276,-0.04,-12.658,99.826,324.706,Africa,Africa,False,False,False,False,False
Rwanda,RWA,2019,Country or economy,Demand,True,0.88,-0.03,-3.297,103.529,-7.447,,,,,,,Africa,Africa,False,False,False,False,False
Rwanda,RWA,2020,Country or economy,Solar,False,0.03,0.0,0.0,3.371,-0.158,0.01,0.001,0.0,0.0,0.449,33.333,Africa,Africa,False,False,False,False,False
Rwanda,RWA,2020,Country or economy,Wind,False,0.0,0.0,,0.0,0.0,0.0,0.0,0.0,,0.0,,Africa,Africa,False,False,False,False,False
Rwanda,RWA,2020,Country or economy,Hydro,False,0.53,0.13,32.5,59.551,12.492,0.12,0.013,0.003,30.0,5.833,24.528,Africa,Africa,False,False,False,False,False
Rwanda,RWA,2020,Country or economy,Bioenergy,False,0.0,0.0,,0.0,0.0,0.0,0.0,0.0,,0.0,,Africa,Africa,False,False,False,False,False
Rwanda,RWA,2020,Country or economy,Other renewables,False,0.0,0.0,,0.0,0.0,0.0,0.0,0.0,,0.0,,Africa,Africa,False,False,False,False,False
Rwanda,RWA,2020,Country or economy,Nuclear,False,0.0,0.0,,0.0,0.0,0.0,0.0,0.0,,0.0,,Africa,Africa,False,False,False,False,False
Rwanda,RWA,2020,Country or economy,Coal,False,0.03,0.01,50.0,3.371,1.018,0.01,0.027,0.009,50.0,12.116,900.0,Africa,Africa,False,False,False,False,False
Rwanda,RWA,2020,Country or economy,Gas,False,0.21,0.0,0.0,23.596,-1.11,0.03,0.122,0.0,0.0,54.745,580.952,Africa,Africa,False,False,False,False,False
Rwanda,RWA,2020,Country or economy,Other fossil,False,0.09,-0.1,-52.632,10.112,-12.241,0.07,0.059,-0.066,-52.8,26.475,655.556,Africa,Africa,False,False,False,False,False
Rwanda,RWA,2020,Country or economy,Net imports,False,0.02,-0.01,-33.333,2.247,-1.282,,0.0,0.0,,0.0,0.0,Africa,Africa,False,False,False,False,False
Rwanda,RWA,2020,Country or economy,Wind and solar,True,0.03,0.0,0.0,3.371,-0.158,0.01,0.001,0.0,0.0,0.449,33.333,Africa,Africa,False,False,False,False,False
Rwanda,RWA,2020,Country or economy,"Hydro, bioenergy and other renewables",True,0.53,0.13,32.5,59.551,12.492,0.12,0.013,0.003,30.0,5.833,24.528,Africa,Africa,False,False,False,False,False
Rwanda,RWA,2020,Country or economy,Renewables,True,0.56,0.13,30.233,62.921,12.333,0.13,0.014,0.003,27.273,6.282,25.0,Africa,Africa,False,False,False,False,False
Rwanda,RWA,2020,Country or economy,Clean,True,0.56,0.13,30.233,62.921,12.333,0.13,0.014,0.003,27.273,6.282,25.0,Africa,Africa,False,False,False,False,False
Rwanda,RWA,2020,Country or economy,Fossil,True,0.33,-0.09,-21.429,37.079,-12.333,0.11,0.209,-0.057,-21.429,93.784,633.333,Africa,Africa,False,False,False,False,False
Rwanda,RWA,2020,Country or economy,Total generation,True,0.89,0.04,4.706,100.0,0.0,0.24,0.223,-0.053,-19.203,100.066,250.562,Africa,Africa,False,False,False,False,False
Rwanda,RWA,2020,Country or economy,Demand,True,0.91,0.03,3.409,102.247,-1.282,,,,,,,Africa,Africa,False,False,False,False,False
Rwanda,RWA,2021,Country or economy,Solar,False,0.04,0.01,33.333,4.0,0.629,0.01,0.002,0.001,100.0,0.719,50.0,Africa,Africa,False,False,False,False,False
Rwanda,RWA,2021,Country or economy,Wind,False,0.0,0.0,,0.0,0.0,0.0,0.0,0.0,,0.0,,Africa,Africa,False,False,False,False,False
Rwanda,RWA,2021,Country or economy,Hydro,False,0.55,0.02,3.774,55.0,-4.551,0.12,0.013,0.0,0.0,4.673,23.636,Africa,Africa,False,False,False,False,False
Rwanda,RWA,2021,Country or economy,Bioenergy,False,0.0,0.0,,0.0,0.0,0.0,0.0,0.0,,0.0,,Africa,Africa,False,False,False,False,False
Rwanda,RWA,2021,Country or economy,Other renewables,False,0.0,0.0,,0.0,0.0,0.0,0.0,0.0,,0.0,,Africa,Africa,False,False,False,False,False
Rwanda,RWA,2021,Country or economy,Nuclear,False,0.0,0.0,,0.0,0.0,0.0,0.0,0.0,,0.0,,Africa,Africa,False,False,False,False,False
Rwanda,RWA,2021,Country or economy,Coal,False,0.04,0.01,33.333,4.0,0.629,0.01,0.036,0.009,33.333,12.941,900.0,Africa,Africa,False,False,False,False,False
Rwanda,RWA,2021,Country or economy,Gas,False,0.22,0.01,4.762,22.0,-1.596,0.03,0.128,0.006,4.918,46.011,581.818,Africa,Africa,False,False,False,False,False
Rwanda,RWA,2021,Country or economy,Other fossil,False,0.15,0.06,66.667,15.0,4.888,0.07,0.099,0.04,67.797,35.587,660.0,Africa,Africa,False,False,False,False,False
Rwanda,RWA,2021,Country or economy,Net imports,False,0.02,0.0,0.0,2.0,-0.247,,0.0,0.0,,0.0,0.0,Africa,Africa,False,False,False,False,False
Rwanda,RWA,2021,Country or economy,Wind and solar,True,0.04,0.01,33.333,4.0,0.629,0.01,0.002,0.001,100.0,0.719,50.0,Africa,Africa,False,False,False,False,False
Rwanda,RWA,2021,Country or economy,"Hydro, bioenergy and other renewables",True,0.55,0.02,3.774,55.0,-4.551,0.12,0.013,0.0,0.0,4.673,23.636,Africa,Africa,False,False,False,False,False
Rwanda,RWA,2021,Country or economy,Renewables,True,0.59,0.03,5.357,59.0,-3.921,0.13,0.015,0.001,7.143,5.392,25.424,Africa,Africa,False,False,False,False,False
Rwanda,RWA,2021,Country or economy,Clean,True,0.59,0.03,5.357,59.0,-3.921,0.13,0.015,0.001,7.143,5.392,25.424,Africa,Africa,False,False,False,False,False
Rwanda,RWA,2021,Country or economy,Fossil,True,0.41,0.08,24.242,41.0,3.921,0.11,0.263,0.054,25.837,94.539,641.463,Africa,Africa,False,False,False,False,False
Rwanda,RWA,2021,Country or economy,Total generation,True,1.0,0.11,12.36,100.0,0.0,0.24,0.278,0.055,24.664,99.93,278.0,Africa,Africa,False,False,False,False,False
Rwanda,RWA,2021,Country or economy,Demand,True,1.02,0.11,12.088,102.0,-0.247,,,,,,,Africa,Africa,False,False,False,False,False
Rwanda,RWA,2022,Country or economy,Solar,False,0.04,0.0,0.0,3.846,-0.154,0.02,0.002,0.0,0.0,0.663,50.0,Africa,Africa,False,False,False,False,False
Rwanda,RWA,2022,Country or economy,Wind,False,0.0,0.0,,0.0,0.0,0.0,0.0,0.0,,0.0,,Africa,Africa,False,False,False,False,False
Rwanda,RWA,2022,Country or economy,Hydro,False,0.56,0.01,1.818,53.846,-1.154,0.12,0.013,0.0,0.0,4.313,23.214,Africa,Africa,False,False,False,False,False
Rwanda,RWA,2022,Country or economy,Bioenergy,False,0.0,0.0,,0.0,0.0,0.0,0.0,0.0,,0.0,,Africa,Africa,False,False,False,False,False
Rwanda,RWA,2022,Country or economy,Other renewables,False,0.0,0.0,,0.0,0.0,0.0,0.0,0.0,,0.0,,Africa,Africa,False,False,False,False,False
Rwanda,RWA,2022,Country or economy,Nuclear,False,0.0,0.0,,0.0,0.0,0.0,0.0,0.0,,0.0,,Africa,Africa,False,False,False,False,False
Rwanda,RWA,2022,Country or economy,Coal,False,0.05,0.01,25.0,4.808,0.808,0.05,0.045,0.009,25.0,14.929,900.0,Africa,Africa,False,False,False,False,False
Rwanda,RWA,2022,Country or economy,Gas,False,0.21,-0.01,-4.545,20.192,-1.808,0.03,0.122,-0.006,-4.688,40.473,580.952,Africa,Africa,False,False,False,False,False
Rwanda,RWA,2022,Country or economy,Other fossil,False,0.18,0.03,20.0,17.308,2.308,0.07,0.118,0.019,19.192,39.146,655.556,Africa,Africa,False,False,False,False,False
Rwanda,RWA,2022,Country or economy,Net imports,False,0.02,0.0,0.0,1.923,-0.077,,0.0,0.0,,0.0,0.0,Africa,Africa,False,False,False,False,False
Rwanda,RWA,2022,Country or economy,Wind and solar,True,0.04,0.0,0.0,3.846,-0.154,0.02,0.002,0.0,0.0,0.663,50.0,Africa,Africa,False,False,False,False,False
Rwanda,RWA,2022,Country or economy,"Hydro, bioenergy and other renewables",True,0.56,0.01,1.818,53.846,-1.154,0.12,0.013,0.0,0.0,4.313,23.214,Africa,Africa,False,False,False,False,False
Rwanda,RWA,2022,Country or economy,Renewables,True,0.6,0.01,1.695,57.692,-1.308,0.1399999999999999,0.015,0.0,0.0,4.976,25.0,Africa,Africa,False,False,False,False,False
Rwanda,RWA,2022,Country or economy,Clean,True,0.6,0.01,1.695,57.692,-1.308,0.1399999999999999,0.015,0.0,0.0,4.976,25.0,Africa,Africa,False,False,False,False,False
Rwanda,RWA,2022,Country or economy,Fossil,True,0.44,0.03,7.317,42.308,1.308,0.15,0.286,0.023,8.745,94.88,650.0,Africa,Africa,False,False,False,False,False
Rwanda,RWA,2022,Country or economy,Total generation,True,1.04,0.04,4.0,100.0,0.0,0.29,0.301,0.023,8.273,99.856,289.423,Africa,Africa,False,False,False,False,False
Rwanda,RWA,2022,Country or economy,Demand,True,1.06,0.04,3.922,101.923,-0.077,,,,,,,Africa,Africa,False,False,False,False,False
Rwanda,RWA,2023,Country or economy,Solar,False,0.04,0.0,0.0,3.636,-0.21,0.02,0.002,0.0,0.0,0.497,50.0,Africa,Africa,False,False,False,False,False
Rwanda,RWA,2023,Country or economy,Wind,False,0.0,0.0,,0.0,0.0,0.0,0.0,0.0,,0.0,,Africa,Africa,False,False,False,False,False
Rwanda,RWA,2023,Country or economy,Hydro,False,0.5,-0.06,-10.714,45.455,-8.391,0.12,0.012,-0.001,-7.692,2.983,24.0,Africa,Africa,False,False,False,False,False
Rwanda,RWA,2023,Country or economy,Bioenergy,False,0.0,0.0,,0.0,0.0,0.0,0.0,0.0,,0.0,,Africa,Africa,False,False,False,False,False
Rwanda,RWA,2023,Country or economy,Other renewables,False,0.0,0.0,,0.0,0.0,0.0,0.0,0.0,,0.0,,Africa,Africa,False,False,False,False,False
Rwanda,RWA,2023,Country or economy,Nuclear,False,0.0,0.0,,0.0,0.0,0.0,0.0,0.0,,0.0,,Africa,Africa,False,False,False,False,False
Rwanda,RWA,2023,Country or economy,Coal,False,0.17,0.12,240.0,15.455,10.647,0.05,0.155,0.11,244.444,38.528,911.765,Africa,Africa,False,False,False,False,False
Rwanda,RWA,2023,Country or economy,Gas,False,0.3,0.09,42.857,27.273,7.081,0.03,0.175,0.053,43.443,43.5,583.333,Africa,Africa,False,False,False,False,False
Rwanda,RWA,2023,Country or economy,Other fossil,False,0.09,-0.09,-50.0,8.182,-9.126,0.07,0.059,-0.059,-50.0,14.666,655.556,Africa,Africa,False,False,False,False,False
Rwanda,RWA,2023,Country or economy,Net imports,False,0.1,0.08,400.0,9.091,7.168,,0.0,0.0,,0.0,0.0,Africa,Africa,False,False,False,False,False
Rwanda,RWA,2023,Country or economy,Wind and solar,True,0.04,0.0,0.0,3.636,-0.21,0.02,0.002,0.0,0.0,0.497,50.0,Africa,Africa,False,False,False,False,False
Rwanda,RWA,2023,Country or economy,"Hydro, bioenergy and other renewables",True,0.5,-0.06,-10.714,45.455,-8.391,0.12,0.012,-0.001,-7.692,2.983,24.0,Africa,Africa,False,False,False,False,False
Rwanda,RWA,2023,Country or economy,Renewables,True,0.54,-0.06,-10.0,49.091,-8.601,0.1399999999999999,0.014,-0.001,-6.667,3.48,25.926,Africa,Africa,False,False,False,False,False
Rwanda,RWA,2023,Country or economy,Clean,True,0.54,-0.06,-10.0,49.091,-8.601,0.1399999999999999,0.014,-0.001,-6.667,3.48,25.926,Africa,Africa,False,False,False,False,False
Rwanda,RWA,2023,Country or economy,Fossil,True,0.56,0.12,27.273,50.909,8.601,0.15,0.389,0.103,36.014,96.693,694.643,Africa,Africa,False,False,False,False,False
Rwanda,RWA,2023,Country or economy,Total generation,True,1.1,0.06,5.769,100.0,0.0,0.29,0.402,0.101,33.555,99.925,365.455,Africa,Africa,False,False,False,False,False
Rwanda,RWA,2023,Country or economy,Demand,True,1.2,0.14,13.208,109.091,7.168,,,,,,,Africa,Africa,False,False,False,False,False
Rwanda,RWA,2024,Country or economy,Solar,False,0.04,0.0,0.0,3.54,-0.096,0.02,0.002,0.0,0.0,0.489,50.0,Africa,Africa,False,False,False,False,False
Rwanda,RWA,2024,Country or economy,Wind,False,0.0,0.0,,0.0,0.0,0.0,0.0,0.0,,0.0,,Africa,Africa,False,False,False,False,False
Rwanda,RWA,2024,Country or economy,Hydro,False,0.52,0.02,4.0,46.018,0.563,0.15,0.012,0.0,0.0,2.932,23.077,Africa,Africa,False,False,False,False,False
Rwanda,RWA,2024,Country or economy,Bioenergy,False,0.0,0.0,,0.0,0.0,0.0,0.0,0.0,,0.0,,Africa,Africa,False,False,False,False,False
Rwanda,RWA,2024,Country or economy,Other renewables,False,0.0,0.0,,0.0,0.0,0.0,0.0,0.0,,0.0,,Africa,Africa,False,False,False,False,False
Rwanda,RWA,2024,Country or economy,Nuclear,False,0.0,0.0,,0.0,0.0,0.0,0.0,0.0,,0.0,,Africa,Africa,False,False,False,False,False
Rwanda,RWA,2024,Country or economy,Coal,False,0.17,0.0,0.0,15.044,-0.411,0.09,0.154,-0.001,-0.645,37.628,905.882,Africa,Africa,False,False,False,False,False
Rwanda,RWA,2024,Country or economy,Gas,False,0.3,0.0,0.0,26.549,-0.724,0.09,0.175,0.0,0.0,42.759,583.333,Africa,Africa,False,False,False,False,False
Rwanda,RWA,2024,Country or economy,Other fossil,False,0.1,0.01,11.111,8.85,0.668,0.04,0.066,0.007,11.864,16.126,660.0,Africa,Africa,False,False,False,False,False
Rwanda,RWA,2024,Country or economy,Net imports,False,0.09,-0.01,-10.0,7.965,-1.126,,0.0,0.0,,0.0,0.0,Africa,Africa,False,False,False,False,False
Rwanda,RWA,2024,Country or economy,Wind and solar,True,0.04,0.0,0.0,3.54,-0.096,0.02,0.002,0.0,0.0,0.489,50.0,Africa,Africa,False,False,False,False,False
Rwanda,RWA,2024,Country or economy,"Hydro, bioenergy and other renewables",True,0.52,0.02,4.0,46.018,0.563,0.15,0.012,0.0,0.0,2.932,23.077,Africa,Africa,False,False,False,False,False
Rwanda,RWA,2024,Country or economy,Renewables,True,0.56,0.02,3.704,49.558,0.467,0.1699999999999999,0.014,0.0,0.0,3.421,25.0,Africa,Africa,False,False,False,False,False
Rwanda,RWA,2024,Country or economy,Clean,True,0.56,0.02,3.704,49.558,0.467,0.1699999999999999,0.014,0.0,0.0,3.421,25.0,Africa,Africa,False,False,False,False,False
Rwanda,RWA,2024,Country or economy,Fossil,True,0.57,0.01,1.786,50.442,-0.467,0.22,0.395,0.006,1.542,96.514,692.982,Africa,Africa,False,False,False,False,False
Rwanda,RWA,2024,Country or economy,Total generation,True,1.13,0.03,2.727,100.0,0.0,0.3899999999999999,0.409,0.007,1.741,99.935,361.947,Africa,Africa,False,False,False,False,False
Rwanda,RWA,2024,Country or economy,Demand,True,1.22,0.02,1.667,107.965,-1.126,,,,,,,Africa,Africa,False,False,False,False,False
Sao Tome and Principe,STP,2000,Country or economy,Solar,False,0.0,,,0.0,,0.0,0.0,,,0.0,,Africa,Africa,False,False,False,False,False
Sao Tome and Principe,STP,2000,Country or economy,Wind,False,0.0,,,0.0,,0.0,0.0,,,0.0,,Africa,Africa,False,False,False,False,False
Sao Tome and Principe,STP,2000,Country or economy,Hydro,False,0.01,,,33.333,,0.0,0.0,,,0.0,0.0,Africa,Africa,False,False,False,False,False
Sao Tome and Principe,STP,2000,Country or economy,Bioenergy,False,0.0,,,0.0,,0.0,0.0,,,0.0,,Africa,Africa,False,False,False,False,False
Sao Tome and Principe,STP,2000,Country or economy,Other renewables,False,0.0,,,0.0,,0.0,0.0,,,0.0,,Africa,Africa,False,False,False,False,False
Sao Tome and Principe,STP,2000,Country or economy,Nuclear,False,0.0,,,0.0,,0.0,0.0,,,0.0,,Africa,Africa,False,False,False,False,False
Sao Tome and Principe,STP,2000,Country or economy,Coal,False,0.0,,,0.0,,,0.0,,,0.0,,Africa,Africa,False,False,False,False,False
Sao Tome and Principe,STP,2000,Country or economy,Gas,False,0.0,,,0.0,,,0.0,,,0.0,,Africa,Africa,False,False,False,False,False
Sao Tome and Principe,STP,2000,Country or economy,Other fossil,False,0.02,,,66.667,,0.0,0.013,,,97.032,650.0,Africa,Africa,False,False,False,False,False
Sao Tome and Principe,STP,2000,Country or economy,Net imports,False,0.0,,,0.0,,,0.0,,,0.0,,Africa,Africa,False,False,False,False,False
Sao Tome and Principe,STP,2000,Country or economy,Wind and solar,True,0.0,,,0.0,,0.0,0.0,,,0.0,,Africa,Africa,False,False,False,False,False
Sao Tome and Principe,STP,2000,Country or economy,"Hydro, bioenergy and other renewables",True,0.01,,,33.333,,0.0,0.0,,,0.0,0.0,Africa,Africa,False,False,False,False,False
Sao Tome and Principe,STP,2000,Country or economy,Renewables,True,0.01,,,33.333,,0.0,0.0,,,0.0,0.0,Africa,Africa,False,False,False,False,False
Sao Tome and Principe,STP,2000,Country or economy,Clean,True,0.01,,,33.333,,0.0,0.0,,,0.0,0.0,Africa,Africa,False,False,False,False,False
Sao Tome and Principe,STP,2000,Country or economy,Fossil,True,0.02,,,66.667,,0.0,0.013,,,97.032,650.0,Africa,Africa,False,False,False,False,False
Sao Tome and Principe,STP,2000,Country or economy,Total generation,True,0.03,,,100.0,,0.0,0.013,,,97.032,433.333,Africa,Africa,False,False,False,False,False
Sao Tome and Principe,STP,2000,Country or economy,Demand,True,0.03,,,100.0,,,,,,,,Africa,Africa,False,False,False,False,False
Sao Tome and Principe,STP,2001,Country or economy,Solar,False,0.0,0.0,,0.0,0.0,0.0,0.0,0.0,,0.0,,Africa,Africa,False,False,False,False,False
Sao Tome and Principe,STP,2001,Country or economy,Wind,False,0.0,0.0,,0.0,0.0,0.0,0.0,0.0,,0.0,,Africa,Africa,False,False,False,False,False
Sao Tome and Principe,STP,2001,Country or economy,Hydro,False,0.0,-0.01,-100.0,0.0,-33.333,0.0,0.0,0.0,,0.0,,Africa,Africa,False,False,False,False,False
Sao Tome and Principe,STP,2001,Country or economy,Bioenergy,False,0.0,0.0,,0.0,0.0,0.0,0.0,0.0,,0.0,,Africa,Africa,False,False,False,False,False
Sao Tome and Principe,STP,2001,Country or economy,Other renewables,False,0.0,0.0,,0.0,0.0,0.0,0.0,0.0,,0.0,,Africa,Africa,False,False,False,False,False
Sao Tome and Principe,STP,2001,Country or economy,Nuclear,False,0.0,0.0,,0.0,0.0,0.0,0.0,0.0,,0.0,,Africa,Africa,False,False,False,False,False
Sao Tome and Principe,STP,2001,Country or economy,Coal,False,0.0,0.0,,0.0,0.0,,0.0,0.0,,0.0,,Africa,Africa,False,False,False,False,False
Sao Tome and Principe,STP,2001,Country or economy,Gas,False,0.0,0.0,,0.0,0.0,,0.0,0.0,,0.0,,Africa,Africa,False,False,False,False,False
Sao Tome and Principe,STP,2001,Country or economy,Other fossil,False,0.02,0.0,0.0,100.0,33.333,0.0,0.013,0.0,0.0,98.784,650.0,Africa,Africa,False,False,False,False,False
Sao Tome and Principe,STP,2001,Country or economy,Net imports,False,0.0,0.0,,0.0,0.0,,0.0,0.0,,0.0,,Africa,Africa,False,False,False,False,False
Sao Tome and Principe,STP,2001,Country or economy,Wind and solar,True,0.0,0.0,,0.0,0.0,0.0,0.0,0.0,,0.0,,Africa,Africa,False,False,False,False,False
Sao Tome and Principe,STP,2001,Country or economy,"Hydro, bioenergy and other renewables",True,0.0,-0.01,-100.0,0.0,-33.333,0.0,0.0,0.0,,0.0,,Africa,Africa,False,False,False,False,False
Sao Tome and Principe,STP,2001,Country or economy,Renewables,True,0.0,-0.01,-100.0,0.0,-33.333,0.0,0.0,0.0,,0.0,,Africa,Africa,False,False,False,False,False
Sao Tome and Principe,STP,2001,Country or economy,Clean,True,0.0,-0.01,-100.0,0.0,-33.333,0.0,0.0,0.0,,0.0,,Africa,Africa,False,False,False,False,False
Sao Tome and Principe,STP,2001,Country or economy,Fossil,True,0.02,0.0,0.0,100.0,33.333,0.0,0.013,0.0,0.0,98.784,650.0,Africa,Africa,False,False,False,False,False
Sao Tome and Principe,STP,2001,Country or economy,Total generation,True,0.02,-0.01,-33.333,100.0,0.0,0.0,0.013,0.0,0.0,98.784,650.0,Africa,Africa,False,False,False,False,False
Sao Tome and Principe,STP,2001,Country or economy,Demand,True,0.02,-0.01,-33.333,100.0,0.0,,,,,,,Africa,Africa,False,False,False,False,False
Sao Tome and Principe,STP,2002,Country or economy,Solar,False,0.0,0.0,,0.0,0.0,0.0,0.0,0.0,,0.0,,Africa,Africa,False,False,False,False,False
Sao Tome and Principe,STP,2002,Country or economy,Wind,False,0.0,0.0,,0.0,0.0,0.0,0.0,0.0,,0.0,,Africa,Africa,False,False,False,False,False
Sao Tome and Principe,STP,2002,Country or economy,Hydro,False,0.01,0.01,,25.0,25.0,0.0,0.0,0.0,,0.0,0.0,Africa,Africa,False,False,False,False,False
Sao Tome and Principe,STP,2002,Country or economy,Bioenergy,False,0.0,0.0,,0.0,0.0,0.0,0.0,0.0,,0.0,,Africa,Africa,False,False,False,False,False
Sao Tome and Principe,STP,2002,Country or economy,Other renewables,False,0.0,0.0,,0.0,0.0,0.0,0.0,0.0,,0.0,,Africa,Africa,False,False,False,False,False
Sao Tome and Principe,STP,2002,Country or economy,Nuclear,False,0.0,0.0,,0.0,0.0,0.0,0.0,0.0,,0.0,,Africa,Africa,False,False,False,False,False
Sao Tome and Principe,STP,2002,Country or economy,Coal,False,0.0,0.0,,0.0,0.0,,0.0,0.0,,0.0,,Africa,Africa,False,False,False,False,False
Sao Tome and Principe,STP,2002,Country or economy,Gas,False,0.0,0.0,,0.0,0.0,,0.0,0.0,,0.0,,Africa,Africa,False,False,False,False,False
Sao Tome and Principe,STP,2002,Country or economy,Other fossil,False,0.03,0.01,50.0,75.0,-25.0,0.0,0.02,0.007,53.846,100.112,666.667,Africa,Africa,False,False,False,False,False
Sao Tome and Principe,STP,2002,Country or economy,Net imports,False,0.0,0.0,,0.0,0.0,,0.0,0.0,,0.0,,Africa,Africa,False,False,False,False,False
Sao Tome and Principe,STP,2002,Country or economy,Wind and solar,True,0.0,0.0,,0.0,0.0,0.0,0.0,0.0,,0.0,,Africa,Africa,False,False,False,False,False
Sao Tome and Principe,STP,2002,Country or economy,"Hydro, bioenergy and other renewables",True,0.01,0.01,,25.0,25.0,0.0,0.0,0.0,,0.0,0.0,Africa,Africa,False,False,False,False,False
Sao Tome and Principe,STP,2002,Country or economy,Renewables,True,0.01,0.01,,25.0,25.0,0.0,0.0,0.0,,0.0,0.0,Africa,Africa,False,False,False,False,False
Sao Tome and Principe,STP,2002,Country or economy,Clean,True,0.01,0.01,,25.0,25.0,0.0,0.0,0.0,,0.0,0.0,Africa,Africa,False,False,False,False,False
Sao Tome and Principe,STP,2002,Country or economy,Fossil,True,0.03,0.01,50.0,75.0,-25.0,0.0,0.02,0.007,53.846,100.112,666.667,Africa,Africa,False,False,False,False,False
Sao Tome and Principe,STP,2002,Country or economy,Total generation,True,0.04,0.02,100.0,100.0,0.0,0.0,0.02,0.007,53.846,100.112,500.0,Africa,Africa,False,False,False,False,False
Sao Tome and Principe,STP,2002,Country or economy,Demand,True,0.04,0.02,100.0,100.0,0.0,,,,,,,Africa,Africa,False,False,False,False,False
Sao Tome and Principe,STP,2003,Country or economy,Solar,False,0.0,0.0,,0.0,0.0,0.0,0.0,0.0,,0.0,,Africa,Africa,False,False,False,False,False
Sao Tome and Principe,STP,2003,Country or economy,Wind,False,0.0,0.0,,0.0,0.0,0.0,0.0,0.0,,0.0,,Africa,Africa,False,False,False,False,False
Sao Tome and Principe,STP,2003,Country or economy,Hydro,False,0.01,0.0,0.0,25.0,0.0,0.0,0.0,0.0,,0.0,0.0,Africa,Africa,False,False,False,False,False
Sao Tome and Principe,STP,2003,Country or economy,Bioenergy,False,0.0,0.0,,0.0,0.0,0.0,0.0,0.0,,0.0,,Africa,Africa,False,False,False,False,False
Sao Tome and Principe,STP,2003,Country or economy,Other renewables,False,0.0,0.0,,0.0,0.0,0.0,0.0,0.0,,0.0,,Africa,Africa,False,False,False,False,False
Sao Tome and Principe,STP,2003,Country or economy,Nuclear,False,0.0,0.0,,0.0,0.0,0.0,0.0,0.0,,0.0,,Africa,Africa,False,False,False,False,False
Sao Tome and Principe,STP,2003,Country or economy,Coal,False,0.0,0.0,,0.0,0.0,,0.0,0.0,,0.0,,Africa,Africa,False,False,False,False,False
Sao Tome and Principe,STP,2003,Country or economy,Gas,False,0.0,0.0,,0.0,0.0,,0.0,0.0,,0.0,,Africa,Africa,False,False,False,False,False
Sao Tome and Principe,STP,2003,Country or economy,Other fossil,False,0.03,0.0,0.0,75.0,0.0,0.0,0.02,0.0,0.0,100.112,666.667,Africa,Africa,False,False,False,False,False
Sao Tome and Principe,STP,2003,Country or economy,Net imports,False,0.0,0.0,,0.0,0.0,,0.0,0.0,,0.0,,Africa,Africa,False,False,False,False,False
Sao Tome and Principe,STP,2003,Country or economy,Wind and solar,True,0.0,0.0,,0.0,0.0,0.0,0.0,0.0,,0.0,,Africa,Africa,False,False,False,False,False
Sao Tome and Principe,STP,2003,Country or economy,"Hydro, bioenergy and other renewables",True,0.01,0.0,0.0,25.0,0.0,0.0,0.0,0.0,,0.0,0.0,Africa,Africa,False,False,False,False,False
Sao Tome and Principe,STP,2003,Country or economy,Renewables,True,0.01,0.0,0.0,25.0,0.0,0.0,0.0,0.0,,0.0,0.0,Africa,Africa,False,False,False,False,False
Sao Tome and Principe,STP,2003,Country or economy,Clean,True,0.01,0.0,0.0,25.0,0.0,0.0,0.0,0.0,,0.0,0.0,Africa,Africa,False,False,False,False,False
Sao Tome and Principe,STP,2003,Country or economy,Fossil,True,0.03,0.0,0.0,75.0,0.0,0.0,0.02,0.0,0.0,100.112,666.667,Africa,Africa,False,False,False,False,False
Sao Tome and Principe,STP,2003,Country or economy,Total generation,True,0.04,0.0,0.0,100.0,0.0,0.0,0.02,0.0,0.0,100.112,500.0,Africa,Africa,False,False,False,False,False
Sao Tome and Principe,STP,2003,Country or economy,Demand,True,0.04,0.0,0.0,100.0,0.0,,,,,,,Africa,Africa,False,False,False,False,False
Sao Tome and Principe,STP,2004,Country or economy,Solar,False,0.0,0.0,,0.0,0.0,0.0,0.0,0.0,,0.0,,Africa,Africa,False,False,False,False,False
Sao Tome and Principe,STP,2004,Country or economy,Wind,False,0.0,0.0,,0.0,0.0,0.0,0.0,0.0,,0.0,,Africa,Africa,False,False,False,False,False
Sao Tome and Principe,STP,2004,Country or economy,Hydro,False,0.01,0.0,0.0,25.0,0.0,0.0,0.0,0.0,,0.0,0.0,Africa,Africa,False,False,False,False,False
Sao Tome and Principe,STP,2004,Country or economy,Bioenergy,False,0.0,0.0,,0.0,0.0,0.0,0.0,0.0,,0.0,,Africa,Africa,False,False,False,False,False
Sao Tome and Principe,STP,2004,Country or economy,Other renewables,False,0.0,0.0,,0.0,0.0,0.0,0.0,0.0,,0.0,,Africa,Africa,False,False,False,False,False
Sao Tome and Principe,STP,2004,Country or economy,Nuclear,False,0.0,0.0,,0.0,0.0,0.0,0.0,0.0,,0.0,,Africa,Africa,False,False,False,False,False
Sao Tome and Principe,STP,2004,Country or economy,Coal,False,0.0,0.0,,0.0,0.0,,0.0,0.0,,0.0,,Africa,Africa,False,False,False,False,False
Sao Tome and Principe,STP,2004,Country or economy,Gas,False,0.0,0.0,,0.0,0.0,,0.0,0.0,,0.0,,Africa,Africa,False,False,False,False,False
Sao Tome and Principe,STP,2004,Country or economy,Other fossil,False,0.03,0.0,0.0,75.0,0.0,0.0,0.02,0.0,0.0,100.112,666.667,Africa,Africa,False,False,False,False,False
Sao Tome and Principe,STP,2004,Country or economy,Net imports,False,0.0,0.0,,0.0,0.0,,0.0,0.0,,0.0,,Africa,Africa,False,False,False,False,False
Sao Tome and Principe,STP,2004,Country or economy,Wind and solar,True,0.0,0.0,,0.0,0.0,0.0,0.0,0.0,,0.0,,Africa,Africa,False,False,False,False,False
Sao Tome and Principe,STP,2004,Country or economy,"Hydro, bioenergy and other renewables",True,0.01,0.0,0.0,25.0,0.0,0.0,0.0,0.0,,0.0,0.0,Africa,Africa,False,False,False,False,False
Sao Tome and Principe,STP,2004,Country or economy,Renewables,True,0.01,0.0,0.0,25.0,0.0,0.0,0.0,0.0,,0.0,0.0,Africa,Africa,False,False,False,False,False
Sao Tome and Principe,STP,2004,Country or economy,Clean,True,0.01,0.0,0.0,25.0,0.0,0.0,0.0,0.0,,0.0,0.0,Africa,Africa,False,False,False,False,False
Sao Tome and Principe,STP,2004,Country or economy,Fossil,True,0.03,0.0,0.0,75.0,0.0,0.0,0.02,0.0,0.0,100.112,666.667,Africa,Africa,False,False,False,False,False
Sao Tome and Principe,STP,2004,Country or economy,Total generation,True,0.04,0.0,0.0,100.0,0.0,0.0,0.02,0.0,0.0,100.112,500.0,Africa,Africa,False,False,False,False,False
Sao Tome and Principe,STP,2004,Country or economy,Demand,True,0.04,0.0,0.0,100.0,0.0,,,,,,,Africa,Africa,False,False,False,False,False
Sao Tome and Principe,STP,2005,Country or economy,Solar,False,0.0,0.0,,0.0,0.0,0.0,0.0,0.0,,0.0,,Africa,Africa,False,False,False,False,False
Sao Tome and Principe,STP,2005,Country or economy,Wind,False,0.0,0.0,,0.0,0.0,0.0,0.0,0.0,,0.0,,Africa,Africa,False,False,False,False,False
Sao Tome and Principe,STP,2005,Country or economy,Hydro,False,0.0,-0.01,-100.0,0.0,-25.0,0.0,0.0,0.0,,0.0,,Africa,Africa,False,False,False,False,False
Sao Tome and Principe,STP,2005,Country or economy,Bioenergy,False,0.0,0.0,,0.0,0.0,0.0,0.0,0.0,,0.0,,Africa,Africa,False,False,False,False,False
Sao Tome and Principe,STP,2005,Country or economy,Other renewables,False,0.0,0.0,,0.0,0.0,0.0,0.0,0.0,,0.0,,Africa,Africa,False,False,False,False,False
Sao Tome and Principe,STP,2005,Country or economy,Nuclear,False,0.0,0.0,,0.0,0.0,0.0,0.0,0.0,,0.0,,Africa,Africa,False,False,False,False,False
Sao Tome and Principe,STP,2005,Country or economy,Coal,False,0.0,0.0,,0.0,0.0,,0.0,0.0,,0.0,,Africa,Africa,False,False,False,False,False
Sao Tome and Principe,STP,2005,Country or economy,Gas,False,0.0,0.0,,0.0,0.0,,0.0,0.0,,0.0,,Africa,Africa,False,False,False,False,False
Sao Tome and Principe,STP,2005,Country or economy,Other fossil,False,0.04,0.01,33.333,100.0,25.0,0.0,0.026,0.006,30.0,98.784,650.0,Africa,Africa,False,False,False,False,False
Sao Tome and Principe,STP,2005,Country or economy,Net imports,False,0.0,0.0,,0.0,0.0,,0.0,0.0,,0.0,,Africa,Africa,False,False,False,False,False
Sao Tome and Principe,STP,2005,Country or economy,Wind and solar,True,0.0,0.0,,0.0,0.0,0.0,0.0,0.0,,0.0,,Africa,Africa,False,False,False,False,False
Sao Tome and Principe,STP,2005,Country or economy,"Hydro, bioenergy and other renewables",True,0.0,-0.01,-100.0,0.0,-25.0,0.0,0.0,0.0,,0.0,,Africa,Africa,False,False,False,False,False
Sao Tome and Principe,STP,2005,Country or economy,Renewables,True,0.0,-0.01,-100.0,0.0,-25.0,0.0,0.0,0.0,,0.0,,Africa,Africa,False,False,False,False,False
Sao Tome and Principe,STP,2005,Country or economy,Clean,True,0.0,-0.01,-100.0,0.0,-25.0,0.0,0.0,0.0,,0.0,,Africa,Africa,False,False,False,False,False
Sao Tome and Principe,STP,2005,Country or economy,Fossil,True,0.04,0.01,33.333,100.0,25.0,0.0,0.026,0.006,30.0,98.784,650.0,Africa,Africa,False,False,False,False,False
Sao Tome and Principe,STP,2005,Country or economy,Total generation,True,0.04,0.0,0.0,100.0,0.0,0.0,0.026,0.006,30.0,98.784,650.0,Africa,Africa,False,False,False,False,False
Sao Tome and Principe,STP,2005,Country or economy,Demand,True,0.04,0.0,0.0,100.0,0.0,,,,,,,Africa,Africa,False,False,False,False,False
Sao Tome and Principe,STP,2006,Country or economy,Solar,False,0.0,0.0,,0.0,0.0,0.0,0.0,0.0,,0.0,,Africa,Africa,False,False,False,False,False
Sao Tome and Principe,STP,2006,Country or economy,Wind,False,0.0,0.0,,0.0,0.0,0.0,0.0,0.0,,0.0,,Africa,Africa,False,False,False,False,False
Sao Tome and Principe,STP,2006,Country or economy,Hydro,False,0.01,0.01,,20.0,20.0,0.0,0.0,0.0,,0.0,0.0,Africa,Africa,False,False,False,False,False
Sao Tome and Principe,STP,2006,Country or economy,Bioenergy,False,0.0,0.0,,0.0,0.0,0.0,0.0,0.0,,0.0,,Africa,Africa,False,False,False,False,False
Sao Tome and Principe,STP,2006,Country or economy,Other renewables,False,0.0,0.0,,0.0,0.0,0.0,0.0,0.0,,0.0,,Africa,Africa,False,False,False,False,False
Sao Tome and Principe,STP,2006,Country or economy,Nuclear,False,0.0,0.0,,0.0,0.0,0.0,0.0,0.0,,0.0,,Africa,Africa,False,False,False,False,False
Sao Tome and Principe,STP,2006,Country or economy,Coal,False,0.0,0.0,,0.0,0.0,,0.0,0.0,,0.0,,Africa,Africa,False,False,False,False,False
Sao Tome and Principe,STP,2006,Country or economy,Gas,False,0.0,0.0,,0.0,0.0,,0.0,0.0,,0.0,,Africa,Africa,False,False,False,False,False
Sao Tome and Principe,STP,2006,Country or economy,Other fossil,False,0.04,0.0,0.0,80.0,-20.0,0.0,0.026,0.0,0.0,97.9,650.0,Africa,Africa,False,False,False,False,False
Sao Tome and Principe,STP,2006,Country or economy,Net imports,False,0.0,0.0,,0.0,0.0,,0.0,0.0,,0.0,,Africa,Africa,False,False,False,False,False
Sao Tome and Principe,STP,2006,Country or economy,Wind and solar,True,0.0,0.0,,0.0,0.0,0.0,0.0,0.0,,0.0,,Africa,Africa,False,False,False,False,False
Sao Tome and Principe,STP,2006,Country or economy,"Hydro, bioenergy and other renewables",True,0.01,0.01,,20.0,20.0,0.0,0.0,0.0,,0.0,0.0,Africa,Africa,False,False,False,False,False
Sao Tome and Principe,STP,2006,Country or economy,Renewables,True,0.01,0.01,,20.0,20.0,0.0,0.0,0.0,,0.0,0.0,Africa,Africa,False,False,False,False,False
Sao Tome and Principe,STP,2006,Country or economy,Clean,True,0.01,0.01,,20.0,20.0,0.0,0.0,0.0,,0.0,0.0,Africa,Africa,False,False,False,False,False
Sao Tome and Principe,STP,2006,Country or economy,Fossil,True,0.04,0.0,0.0,80.0,-20.0,0.0,0.026,0.0,0.0,97.9,650.0,Africa,Africa,False,False,False,False,False
Sao Tome and Principe,STP,2006,Country or economy,Total generation,True,0.05,0.01,25.0,100.0,0.0,0.0,0.027,0.001,3.846,101.666,540.0,Africa,Africa,False,False,False,False,False
Sao Tome and Principe,STP,2006,Country or economy,Demand,True,0.05,0.01,25.0,100.0,0.0,,,,,,,Africa,Africa,False,False,False,False,False
Sao Tome and Principe,STP,2007,Country or economy,Solar,False,0.0,0.0,,0.0,0.0,0.0,0.0,0.0,,0.0,,Africa,Africa,False,False,False,False,False
Sao Tome and Principe,STP,2007,Country or economy,Wind,False,0.0,0.0,,0.0,0.0,0.0,0.0,0.0,,0.0,,Africa,Africa,False,False,False,False,False
Sao Tome and Principe,STP,2007,Country or economy,Hydro,False,0.01,0.0,0.0,20.0,0.0,0.0,0.0,0.0,,0.0,0.0,Africa,Africa,False,False,False,False,False
Sao Tome and Principe,STP,2007,Country or economy,Bioenergy,False,0.0,0.0,,0.0,0.0,0.0,0.0,0.0,,0.0,,Africa,Africa,False,False,False,False,False
Sao Tome and Principe,STP,2007,Country or economy,Other renewables,False,0.0,0.0,,0.0,0.0,0.0,0.0,0.0,,0.0,,Africa,Africa,False,False,False,False,False
Sao Tome and Principe,STP,2007,Country or economy,Nuclear,False,0.0,0.0,,0.0,0.0,0.0,0.0,0.0,,0.0,,Africa,Africa,False,False,False,False,False
Sao Tome and Principe,STP,2007,Country or economy,Coal,False,0.0,0.0,,0.0,0.0,,0.0,0.0,,0.0,,Africa,Africa,False,False,False,False,False
Sao Tome and Principe,STP,2007,Country or economy,Gas,False,0.0,0.0,,0.0,0.0,,0.0,0.0,,0.0,,Africa,Africa,False,False,False,False,False
Sao Tome and Principe,STP,2007,Country or economy,Other fossil,False,0.04,0.0,0.0,80.0,0.0,0.0,0.026,0.0,0.0,97.9,650.0,Africa,Africa,False,False,False,False,False
Sao Tome and Principe,STP,2007,Country or economy,Net imports,False,0.0,0.0,,0.0,0.0,,0.0,0.0,,0.0,,Africa,Africa,False,False,False,False,False
Sao Tome and Principe,STP,2007,Country or economy,Wind and solar,True,0.0,0.0,,0.0,0.0,0.0,0.0,0.0,,0.0,,Africa,Africa,False,False,False,False,False
Sao Tome and Principe,STP,2007,Country or economy,"Hydro, bioenergy and other renewables",True,0.01,0.0,0.0,20.0,0.0,0.0,0.0,0.0,,0.0,0.0,Africa,Africa,False,False,False,False,False
Sao Tome and Principe,STP,2007,Country or economy,Renewables,True,0.01,0.0,0.0,20.0,0.0,0.0,0.0,0.0,,0.0,0.0,Africa,Africa,False,False,False,False,False
Sao Tome and Principe,STP,2007,Country or economy,Clean,True,0.01,0.0,0.0,20.0,0.0,0.0,0.0,0.0,,0.0,0.0,Africa,Africa,False,False,False,False,False
Sao Tome and Principe,STP,2007,Country or economy,Fossil,True,0.04,0.0,0.0,80.0,0.0,0.0,0.026,0.0,0.0,97.9,650.0,Africa,Africa,False,False,False,False,False
Sao Tome and Principe,STP,2007,Country or economy,Total generation,True,0.05,0.0,0.0,100.0,0.0,0.0,0.027,0.0,0.0,101.666,540.0,Africa,Africa,False,False,False,False,False
Sao Tome and Principe,STP,2007,Country or economy,Demand,True,0.05,0.0,0.0,100.0,0.0,,,,,,,Africa,Africa,False,False,False,False,False
Sao Tome and Principe,STP,2008,Country or economy,Solar,False,0.0,0.0,,0.0,0.0,0.0,0.0,0.0,,0.0,,Africa,Africa,False,False,False,False,False
Sao Tome and Principe,STP,2008,Country or economy,Wind,False,0.0,0.0,,0.0,0.0,0.0,0.0,0.0,,0.0,,Africa,Africa,False,False,False,False,False
Sao Tome and Principe,STP,2008,Country or economy,Hydro,False,0.01,0.0,0.0,20.0,0.0,0.0,0.0,0.0,,0.0,0.0,Africa,Africa,False,False,False,False,False
Sao Tome and Principe,STP,2008,Country or economy,Bioenergy,False,0.0,0.0,,0.0,0.0,0.0,0.0,0.0,,0.0,,Africa,Africa,False,False,False,False,False
Sao Tome and Principe,STP,2008,Country or economy,Other renewables,False,0.0,0.0,,0.0,0.0,0.0,0.0,0.0,,0.0,,Africa,Africa,False,False,False,False,False
Sao Tome and Principe,STP,2008,Country or economy,Nuclear,False,0.0,0.0,,0.0,0.0,0.0,0.0,0.0,,0.0,,Africa,Africa,False,False,False,False,False
Sao Tome and Principe,STP,2008,Country or economy,Coal,False,0.0,0.0,,0.0,0.0,,0.0,0.0,,0.0,,Africa,Africa,False,False,False,False,False
Sao Tome and Principe,STP,2008,Country or economy,Gas,False,0.0,0.0,,0.0,0.0,,0.0,0.0,,0.0,,Africa,Africa,False,False,False,False,False
Sao Tome and Principe,STP,2008,Country or economy,Other fossil,False,0.04,0.0,0.0,80.0,0.0,0.0,0.026,0.0,0.0,97.9,650.0,Africa,Africa,False,False,False,False,False
Sao Tome and Principe,STP,2008,Country or economy,Net imports,False,0.0,0.0,,0.0,0.0,,0.0,0.0,,0.0,,Africa,Africa,False,False,False,False,False
Sao Tome and Principe,STP,2008,Country or economy,Wind and solar,True,0.0,0.0,,0.0,0.0,0.0,0.0,0.0,,0.0,,Africa,Africa,False,False,False,False,False
Sao Tome and Principe,STP,2008,Country or economy,"Hydro, bioenergy and other renewables",True,0.01,0.0,0.0,20.0,0.0,0.0,0.0,0.0,,0.0,0.0,Africa,Africa,False,False,False,False,False
Sao Tome and Principe,STP,2008,Country or economy,Renewables,True,0.01,0.0,0.0,20.0,0.0,0.0,0.0,0.0,,0.0,0.0,Africa,Africa,False,False,False,False,False
Sao Tome and Principe,STP,2008,Country or economy,Clean,True,0.01,0.0,0.0,20.0,0.0,0.0,0.0,0.0,,0.0,0.0,Africa,Africa,False,False,False,False,False
Sao Tome and Principe,STP,2008,Country or economy,Fossil,True,0.04,0.0,0.0,80.0,0.0,0.0,0.026,0.0,0.0,97.9,650.0,Africa,Africa,False,False,False,False,False
Sao Tome and Principe,STP,2008,Country or economy,Total generation,True,0.05,0.0,0.0,100.0,0.0,0.0,0.027,0.0,0.0,101.666,540.0,Africa,Africa,False,False,False,False,False
Sao Tome and Principe,STP,2008,Country or economy,Demand,True,0.05,0.0,0.0,100.0,0.0,,,,,,,Africa,Africa,False,False,False,False,False
Sao Tome and Principe,STP,2009,Country or economy,Solar,False,0.0,0.0,,0.0,0.0,0.0,0.0,0.0,,0.0,,Africa,Africa,False,False,False,False,False
Sao Tome and Principe,STP,2009,Country or economy,Wind,False,0.0,0.0,,0.0,0.0,0.0,0.0,0.0,,0.0,,Africa,Africa,False,False,False,False,False
Sao Tome and Principe,STP,2009,Country or economy,Hydro,False,0.01,0.0,0.0,16.667,-3.333,0.0,0.0,0.0,,0.0,0.0,Africa,Africa,False,False,False,False,False
Sao Tome and Principe,STP,2009,Country or economy,Bioenergy,False,0.0,0.0,,0.0,0.0,0.0,0.0,0.0,,0.0,,Africa,Africa,False,False,False,False,False
Sao Tome and Principe,STP,2009,Country or economy,Other renewables,False,0.0,0.0,,0.0,0.0,0.0,0.0,0.0,,0.0,,Africa,Africa,False,False,False,False,False
Sao Tome and Principe,STP,2009,Country or economy,Nuclear,False,0.0,0.0,,0.0,0.0,0.0,0.0,0.0,,0.0,,Africa,Africa,False,False,False,False,False
Sao Tome and Principe,STP,2009,Country or economy,Coal,False,0.0,0.0,,0.0,0.0,,0.0,0.0,,0.0,,Africa,Africa,False,False,False,False,False
Sao Tome and Principe,STP,2009,Country or economy,Gas,False,0.0,0.0,,0.0,0.0,,0.0,0.0,,0.0,,Africa,Africa,False,False,False,False,False
Sao Tome and Principe,STP,2009,Country or economy,Other fossil,False,0.05,0.01,25.0,83.333,3.333,0.01,0.033,0.007,26.923,99.585,660.0,Africa,Africa,False,False,False,False,False
Sao Tome and Principe,STP,2009,Country or economy,Net imports,False,0.0,0.0,,0.0,0.0,,0.0,0.0,,0.0,,Africa,Africa,False,False,False,False,False
Sao Tome and Principe,STP,2009,Country or economy,Wind and solar,True,0.0,0.0,,0.0,0.0,0.0,0.0,0.0,,0.0,,Africa,Africa,False,False,False,False,False
Sao Tome and Principe,STP,2009,Country or economy,"Hydro, bioenergy and other renewables",True,0.01,0.0,0.0,16.667,-3.333,0.0,0.0,0.0,,0.0,0.0,Africa,Africa,False,False,False,False,False
Sao Tome and Principe,STP,2009,Country or economy,Renewables,True,0.01,0.0,0.0,16.667,-3.333,0.0,0.0,0.0,,0.0,0.0,Africa,Africa,False,False,False,False,False
Sao Tome and Principe,STP,2009,Country or economy,Clean,True,0.01,0.0,0.0,16.667,-3.333,0.0,0.0,0.0,,0.0,0.0,Africa,Africa,False,False,False,False,False
Sao Tome and Principe,STP,2009,Country or economy,Fossil,True,0.05,0.01,25.0,83.333,3.333,0.01,0.033,0.007,26.923,99.585,660.0,Africa,Africa,False,False,False,False,False
Sao Tome and Principe,STP,2009,Country or economy,Total generation,True,0.06,0.01,20.0,100.0,0.0,0.01,0.033,0.006,22.222,99.585,550.0,Africa,Africa,False,False,False,False,False
Sao Tome and Principe,STP,2009,Country or economy,Demand,True,0.06,0.01,20.0,100.0,0.0,,,,,,,Africa,Africa,False,False,False,False,False
Sao Tome and Principe,STP,2010,Country or economy,Solar,False,0.0,0.0,,0.0,0.0,0.0,0.0,0.0,,0.0,,Africa,Africa,False,False,False,False,False
Sao Tome and Principe,STP,2010,Country or economy,Wind,False,0.0,0.0,,0.0,0.0,0.0,0.0,0.0,,0.0,,Africa,Africa,False,False,False,False,False
Sao Tome and Principe,STP,2010,Country or economy,Hydro,False,0.0,-0.01,-100.0,0.0,-16.667,0.0,0.0,0.0,,0.0,,Africa,Africa,False,False,False,False,False
Sao Tome and Principe,STP,2010,Country or economy,Bioenergy,False,0.0,0.0,,0.0,0.0,0.0,0.0,0.0,,0.0,,Africa,Africa,False,False,False,False,False
Sao Tome and Principe,STP,2010,Country or economy,Other renewables,False,0.0,0.0,,0.0,0.0,0.0,0.0,0.0,,0.0,,Africa,Africa,False,False,False,False,False
Sao Tome and Principe,STP,2010,Country or economy,Nuclear,False,0.0,0.0,,0.0,0.0,0.0,0.0,0.0,,0.0,,Africa,Africa,False,False,False,False,False
Sao Tome and Principe,STP,2010,Country or economy,Coal,False,0.0,0.0,,0.0,0.0,,0.0,0.0,,0.0,,Africa,Africa,False,False,False,False,False
Sao Tome and Principe,STP,2010,Country or economy,Gas,False,0.0,0.0,,0.0,0.0,,0.0,0.0,,0.0,,Africa,Africa,False,False,False,False,False
Sao Tome and Principe,STP,2010,Country or economy,Other fossil,False,0.05,0.0,0.0,100.0,16.667,0.01,0.033,0.0,0.0,100.304,660.0,Africa,Africa,False,False,False,False,False
Sao Tome and Principe,STP,2010,Country or economy,Net imports,False,0.0,0.0,,0.0,0.0,,0.0,0.0,,0.0,,Africa,Africa,False,False,False,False,False
Sao Tome and Principe,STP,2010,Country or economy,Wind and solar,True,0.0,0.0,,0.0,0.0,0.0,0.0,0.0,,0.0,,Africa,Africa,False,False,False,False,False
Sao Tome and Principe,STP,2010,Country or economy,"Hydro, bioenergy and other renewables",True,0.0,-0.01,-100.0,0.0,-16.667,0.0,0.0,0.0,,0.0,,Africa,Africa,False,False,False,False,False
Sao Tome and Principe,STP,2010,Country or economy,Renewables,True,0.0,-0.01,-100.0,0.0,-16.667,0.0,0.0,0.0,,0.0,,Africa,Africa,False,False,False,False,False
Sao Tome and Principe,STP,2010,Country or economy,Clean,True,0.0,-0.01,-100.0,0.0,-16.667,0.0,0.0,0.0,,0.0,,Africa,Africa,False,False,False,False,False
Sao Tome and Principe,STP,2010,Country or economy,Fossil,True,0.05,0.0,0.0,100.0,16.667,0.01,0.033,0.0,0.0,100.304,660.0,Africa,Africa,False,False,False,False,False
Sao Tome and Principe,STP,2010,Country or economy,Total generation,True,0.05,-0.01,-16.667,100.0,0.0,0.01,0.033,0.0,0.0,100.304,660.0,Africa,Africa,False,False,False,False,False
Sao Tome and Principe,STP,2010,Country or economy,Demand,True,0.05,-0.01,-16.667,100.0,0.0,,,,,,,Africa,Africa,False,False,False,False,False
Sao Tome and Principe,STP,2011,Country or economy,Solar,False,0.0,0.0,,0.0,0.0,0.0,0.0,0.0,,0.0,,Africa,Africa,False,False,False,False,False
Sao Tome and Principe,STP,2011,Country or economy,Wind,False,0.0,0.0,,0.0,0.0,0.0,0.0,0.0,,0.0,,Africa,Africa,False,False,False,False,False
Sao Tome and Principe,STP,2011,Country or economy,Hydro,False,0.01,0.01,,14.286,14.286,0.0,0.0,0.0,,0.0,0.0,Africa,Africa,False,False,False,False,False
Sao Tome and Principe,STP,2011,Country or economy,Bioenergy,False,0.0,0.0,,0.0,0.0,0.0,0.0,0.0,,0.0,,Africa,Africa,False,False,False,False,False
Sao Tome and Principe,STP,2011,Country or economy,Other renewables,False,0.0,0.0,,0.0,0.0,0.0,0.0,0.0,,0.0,,Africa,Africa,False,False,False,False,False
Sao Tome and Principe,STP,2011,Country or economy,Nuclear,False,0.0,0.0,,0.0,0.0,0.0,0.0,0.0,,0.0,,Africa,Africa,False,False,False,False,False
Sao Tome and Principe,STP,2011,Country or economy,Coal,False,0.0,0.0,,0.0,0.0,,0.0,0.0,,0.0,,Africa,Africa,False,False,False,False,False
Sao Tome and Principe,STP,2011,Country or economy,Gas,False,0.0,0.0,,0.0,0.0,,0.0,0.0,,0.0,,Africa,Africa,False,False,False,False,False
Sao Tome and Principe,STP,2011,Country or economy,Other fossil,False,0.06,0.01,20.0,85.714,-14.286,0.01,0.039,0.006,18.182,98.193,650.0,Africa,Africa,False,False,False,False,False
Sao Tome and Principe,STP,2011,Country or economy,Net imports,False,0.0,0.0,,0.0,0.0,,0.0,0.0,,0.0,,Africa,Africa,False,False,False,False,False
Sao Tome and Principe,STP,2011,Country or economy,Wind and solar,True,0.0,0.0,,0.0,0.0,0.0,0.0,0.0,,0.0,,Africa,Africa,False,False,False,False,False
Sao Tome and Principe,STP,2011,Country or economy,"Hydro, bioenergy and other renewables",True,0.01,0.01,,14.286,14.286,0.0,0.0,0.0,,0.0,0.0,Africa,Africa,False,False,False,False,False
Sao Tome and Principe,STP,2011,Country or economy,Renewables,True,0.01,0.01,,14.286,14.286,0.0,0.0,0.0,,0.0,0.0,Africa,Africa,False,False,False,False,False
Sao Tome and Principe,STP,2011,Country or economy,Clean,True,0.01,0.01,,14.286,14.286,0.0,0.0,0.0,,0.0,0.0,Africa,Africa,False,False,False,False,False
Sao Tome and Principe,STP,2011,Country or economy,Fossil,True,0.06,0.01,20.0,85.714,-14.286,0.01,0.039,0.006,18.182,98.193,650.0,Africa,Africa,False,False,False,False,False
Sao Tome and Principe,STP,2011,Country or economy,Total generation,True,0.07,0.02,40.0,100.0,0.0,0.01,0.04,0.007,21.212,100.711,571.429,Africa,Africa,False,False,False,False,False
Sao Tome and Principe,STP,2011,Country or economy,Demand,True,0.07,0.02,40.0,100.0,0.0,,,,,,,Africa,Africa,False,False,False,False,False
Sao Tome and Principe,STP,2012,Country or economy,Solar,False,0.0,0.0,,0.0,0.0,0.0,0.0,0.0,,0.0,,Africa,Africa,False,False,False,False,False
Sao Tome and Principe,STP,2012,Country or economy,Wind,False,0.0,0.0,,0.0,0.0,0.0,0.0,0.0,,0.0,,Africa,Africa,False,False,False,False,False
Sao Tome and Principe,STP,2012,Country or economy,Hydro,False,0.01,0.0,0.0,12.5,-1.786,0.0,0.0,0.0,,0.0,0.0,Africa,Africa,False,False,False,False,False
Sao Tome and Principe,STP,2012,Country or economy,Bioenergy,False,0.0,0.0,,0.0,0.0,0.0,0.0,0.0,,0.0,,Africa,Africa,False,False,False,False,False
Sao Tome and Principe,STP,2012,Country or economy,Other renewables,False,0.0,0.0,,0.0,0.0,0.0,0.0,0.0,,0.0,,Africa,Africa,False,False,False,False,False
Sao Tome and Principe,STP,2012,Country or economy,Nuclear,False,0.0,0.0,,0.0,0.0,0.0,0.0,0.0,,0.0,,Africa,Africa,False,False,False,False,False
Sao Tome and Principe,STP,2012,Country or economy,Coal,False,0.0,0.0,,0.0,0.0,,0.0,0.0,,0.0,,Africa,Africa,False,False,False,False,False
Sao Tome and Principe,STP,2012,Country or economy,Gas,False,0.0,0.0,,0.0,0.0,,0.0,0.0,,0.0,,Africa,Africa,False,False,False,False,False
Sao Tome and Principe,STP,2012,Country or economy,Other fossil,False,0.07,0.01,16.667,87.5,1.786,0.01,0.046,0.007,17.949,99.357,657.143,Africa,Africa,False,False,False,False,False
Sao Tome and Principe,STP,2012,Country or economy,Net imports,False,0.0,0.0,,0.0,0.0,,0.0,0.0,,0.0,,Africa,Africa,False,False,False,False,False
Sao Tome and Principe,STP,2012,Country or economy,Wind and solar,True,0.0,0.0,,0.0,0.0,0.0,0.0,0.0,,0.0,,Africa,Africa,False,False,False,False,False
Sao Tome and Principe,STP,2012,Country or economy,"Hydro, bioenergy and other renewables",True,0.01,0.0,0.0,12.5,-1.786,0.0,0.0,0.0,,0.0,0.0,Africa,Africa,False,False,False,False,False
Sao Tome and Principe,STP,2012,Country or economy,Renewables,True,0.01,0.0,0.0,12.5,-1.786,0.0,0.0,0.0,,0.0,0.0,Africa,Africa,False,False,False,False,False
Sao Tome and Principe,STP,2012,Country or economy,Clean,True,0.01,0.0,0.0,12.5,-1.786,0.0,0.0,0.0,,0.0,0.0,Africa,Africa,False,False,False,False,False
Sao Tome and Principe,STP,2012,Country or economy,Fossil,True,0.07,0.01,16.667,87.5,1.786,0.01,0.046,0.007,17.949,99.357,657.143,Africa,Africa,False,False,False,False,False
Sao Tome and Principe,STP,2012,Country or economy,Total generation,True,0.08,0.01,14.286,100.0,0.0,0.01,0.046,0.006,15.0,99.357,575.0,Africa,Africa,False,False,False,False,False
Sao Tome and Principe,STP,2012,Country or economy,Demand,True,0.08,0.01,14.286,100.0,0.0,,,,,,,Africa,Africa,False,False,False,False,False
Sao Tome and Principe,STP,2013,Country or economy,Solar,False,0.0,0.0,,0.0,0.0,0.0,0.0,0.0,,0.0,,Africa,Africa,False,False,False,False,False
Sao Tome and Principe,STP,2013,Country or economy,Wind,False,0.0,0.0,,0.0,0.0,0.0,0.0,0.0,,0.0,,Africa,Africa,False,False,False,False,False
Sao Tome and Principe,STP,2013,Country or economy,Hydro,False,0.01,0.0,0.0,14.286,1.786,0.0,0.0,0.0,,0.0,0.0,Africa,Africa,False,False,False,False,False
Sao Tome and Principe,STP,2013,Country or economy,Bioenergy,False,0.0,0.0,,0.0,0.0,0.0,0.0,0.0,,0.0,,Africa,Africa,False,False,False,False,False
Sao Tome and Principe,STP,2013,Country or economy,Other renewables,False,0.0,0.0,,0.0,0.0,0.0,0.0,0.0,,0.0,,Africa,Africa,False,False,False,False,False
Sao Tome and Principe,STP,2013,Country or economy,Nuclear,False,0.0,0.0,,0.0,0.0,0.0,0.0,0.0,,0.0,,Africa,Africa,False,False,False,False,False
Sao Tome and Principe,STP,2013,Country or economy,Coal,False,0.0,0.0,,0.0,0.0,,0.0,0.0,,0.0,,Africa,Africa,False,False,False,False,False
Sao Tome and Principe,STP,2013,Country or economy,Gas,False,0.0,0.0,,0.0,0.0,,0.0,0.0,,0.0,,Africa,Africa,False,False,False,False,False
Sao Tome and Principe,STP,2013,Country or economy,Other fossil,False,0.06,-0.01,-14.286,85.714,-1.786,0.01,0.039,-0.007,-15.217,98.193,650.0,Africa,Africa,False,False,False,False,False
Sao Tome and Principe,STP,2013,Country or economy,Net imports,False,0.0,0.0,,0.0,0.0,,0.0,0.0,,0.0,,Africa,Africa,False,False,False,False,False
Sao Tome and Principe,STP,2013,Country or economy,Wind and solar,True,0.0,0.0,,0.0,0.0,0.0,0.0,0.0,,0.0,,Africa,Africa,False,False,False,False,False
Sao Tome and Principe,STP,2013,Country or economy,"Hydro, bioenergy and other renewables",True,0.01,0.0,0.0,14.286,1.786,0.0,0.0,0.0,,0.0,0.0,Africa,Africa,False,False,False,False,False
Sao Tome and Principe,STP,2013,Country or economy,Renewables,True,0.01,0.0,0.0,14.286,1.786,0.0,0.0,0.0,,0.0,0.0,Africa,Africa,False,False,False,False,False
Sao Tome and Principe,STP,2013,Country or economy,Clean,True,0.01,0.0,0.0,14.286,1.786,0.0,0.0,0.0,,0.0,0.0,Africa,Africa,False,False,False,False,False
Sao Tome and Principe,STP,2013,Country or economy,Fossil,True,0.06,-0.01,-14.286,85.714,-1.786,0.01,0.039,-0.007,-15.217,98.193,650.0,Africa,Africa,False,False,False,False,False
Sao Tome and Principe,STP,2013,Country or economy,Total generation,True,0.07,-0.01,-12.5,100.0,0.0,0.01,0.04,-0.006,-13.043,100.711,571.429,Africa,Africa,False,False,False,False,False
Sao Tome and Principe,STP,2013,Country or economy,Demand,True,0.07,-0.01,-12.5,100.0,0.0,,,,,,,Africa,Africa,False,False,False,False,False
Sao Tome and Principe,STP,2014,Country or economy,Solar,False,0.0,0.0,,0.0,0.0,0.0,0.0,0.0,,0.0,,Africa,Africa,False,False,False,False,False
Sao Tome and Principe,STP,2014,Country or economy,Wind,False,0.0,0.0,,0.0,0.0,0.0,0.0,0.0,,0.0,,Africa,Africa,False,False,False,False,False
Sao Tome and Principe,STP,2014,Country or economy,Hydro,False,0.01,0.0,0.0,12.5,-1.786,0.0,0.0,0.0,,0.0,0.0,Africa,Africa,False,False,False,False,False
Sao Tome and Principe,STP,2014,Country or economy,Bioenergy,False,0.0,0.0,,0.0,0.0,0.0,0.0,0.0,,0.0,,Africa,Africa,False,False,False,False,False
Sao Tome and Principe,STP,2014,Country or economy,Other renewables,False,0.0,0.0,,0.0,0.0,0.0,0.0,0.0,,0.0,,Africa,Africa,False,False,False,False,False
Sao Tome and Principe,STP,2014,Country or economy,Nuclear,False,0.0,0.0,,0.0,0.0,0.0,0.0,0.0,,0.0,,Africa,Africa,False,False,False,False,False
Sao Tome and Principe,STP,2014,Country or economy,Coal,False,0.0,0.0,,0.0,0.0,,0.0,0.0,,0.0,,Africa,Africa,False,False,False,False,False
Sao Tome and Principe,STP,2014,Country or economy,Gas,False,0.0,0.0,,0.0,0.0,,0.0,0.0,,0.0,,Africa,Africa,False,False,False,False,False
Sao Tome and Principe,STP,2014,Country or economy,Other fossil,False,0.07,0.01,16.667,87.5,1.786,0.02,0.046,0.007,17.949,99.357,657.143,Africa,Africa,False,False,False,False,False
Sao Tome and Principe,STP,2014,Country or economy,Net imports,False,0.0,0.0,,0.0,0.0,,0.0,0.0,,0.0,,Africa,Africa,False,False,False,False,False
Sao Tome and Principe,STP,2014,Country or economy,Wind and solar,True,0.0,0.0,,0.0,0.0,0.0,0.0,0.0,,0.0,,Africa,Africa,False,False,False,False,False
Sao Tome and Principe,STP,2014,Country or economy,"Hydro, bioenergy and other renewables",True,0.01,0.0,0.0,12.5,-1.786,0.0,0.0,0.0,,0.0,0.0,Africa,Africa,False,False,False,False,False
Sao Tome and Principe,STP,2014,Country or economy,Renewables,True,0.01,0.0,0.0,12.5,-1.786,0.0,0.0,0.0,,0.0,0.0,Africa,Africa,False,False,False,False,False
Sao Tome and Principe,STP,2014,Country or economy,Clean,True,0.01,0.0,0.0,12.5,-1.786,0.0,0.0,0.0,,0.0,0.0,Africa,Africa,False,False,False,False,False
Sao Tome and Principe,STP,2014,Country or economy,Fossil,True,0.07,0.01,16.667,87.5,1.786,0.02,0.046,0.007,17.949,99.357,657.143,Africa,Africa,False,False,False,False,False
Sao Tome and Principe,STP,2014,Country or economy,Total generation,True,0.08,0.01,14.286,100.0,0.0,0.02,0.046,0.006,15.0,99.357,575.0,Africa,Africa,False,False,False,False,False
Sao Tome and Principe,STP,2014,Country or economy,Demand,True,0.08,0.01,14.286,100.0,0.0,,,,,,,Africa,Africa,False,False,False,False,False
Sao Tome and Principe,STP,2015,Country or economy,Solar,False,0.0,0.0,,0.0,0.0,0.0,0.0,0.0,,0.0,,Africa,Africa,False,False,False,False,False
Sao Tome and Principe,STP,2015,Country or economy,Wind,False,0.0,0.0,,0.0,0.0,0.0,0.0,0.0,,0.0,,Africa,Africa,False,False,False,False,False
Sao Tome and Principe,STP,2015,Country or economy,Hydro,False,0.01,0.0,0.0,10.0,-2.5,0.0,0.0,0.0,,0.0,0.0,Africa,Africa,False,False,False,False,False
Sao Tome and Principe,STP,2015,Country or economy,Bioenergy,False,0.0,0.0,,0.0,0.0,0.0,0.0,0.0,,0.0,,Africa,Africa,False,False,False,False,False
Sao Tome and Principe,STP,2015,Country or economy,Other renewables,False,0.0,0.0,,0.0,0.0,0.0,0.0,0.0,,0.0,,Africa,Africa,False,False,False,False,False
Sao Tome and Principe,STP,2015,Country or economy,Nuclear,False,0.0,0.0,,0.0,0.0,0.0,0.0,0.0,,0.0,,Africa,Africa,False,False,False,False,False
Sao Tome and Principe,STP,2015,Country or economy,Coal,False,0.0,0.0,,0.0,0.0,,0.0,0.0,,0.0,,Africa,Africa,False,False,False,False,False
Sao Tome and Principe,STP,2015,Country or economy,Gas,False,0.0,0.0,,0.0,0.0,,0.0,0.0,,0.0,,Africa,Africa,False,False,False,False,False
Sao Tome and Principe,STP,2015,Country or economy,Other fossil,False,0.09,0.02,28.571,90.0,2.5,0.02,0.059,0.013,28.261,99.23,655.556,Africa,Africa,False,False,False,False,False
Sao Tome and Principe,STP,2015,Country or economy,Net imports,False,0.0,0.0,,0.0,0.0,,0.0,0.0,,0.0,,Africa,Africa,False,False,False,False,False
Sao Tome and Principe,STP,2015,Country or economy,Wind and solar,True,0.0,0.0,,0.0,0.0,0.0,0.0,0.0,,0.0,,Africa,Africa,False,False,False,False,False
Sao Tome and Principe,STP,2015,Country or economy,"Hydro, bioenergy and other renewables",True,0.01,0.0,0.0,10.0,-2.5,0.0,0.0,0.0,,0.0,0.0,Africa,Africa,False,False,False,False,False
Sao Tome and Principe,STP,2015,Country or economy,Renewables,True,0.01,0.0,0.0,10.0,-2.5,0.0,0.0,0.0,,0.0,0.0,Africa,Africa,False,False,False,False,False
Sao Tome and Principe,STP,2015,Country or economy,Clean,True,0.01,0.0,0.0,10.0,-2.5,0.0,0.0,0.0,,0.0,0.0,Africa,Africa,False,False,False,False,False
Sao Tome and Principe,STP,2015,Country or economy,Fossil,True,0.09,0.02,28.571,90.0,2.5,0.02,0.059,0.013,28.261,99.23,655.556,Africa,Africa,False,False,False,False,False
Sao Tome and Principe,STP,2015,Country or economy,Total generation,True,0.1,0.02,25.0,100.0,0.0,0.02,0.059,0.013,28.261,99.23,590.0,Africa,Africa,False,False,False,False,False
Sao Tome and Principe,STP,2015,Country or economy,Demand,True,0.1,0.02,25.0,100.0,0.0,,,,,,,Africa,Africa,False,False,False,False,False
Sao Tome and Principe,STP,2016,Country or economy,Solar,False,0.0,0.0,,0.0,0.0,0.0,0.0,0.0,,0.0,,Africa,Africa,False,False,False,False,False
Sao Tome and Principe,STP,2016,Country or economy,Wind,False,0.0,0.0,,0.0,0.0,0.0,0.0,0.0,,0.0,,Africa,Africa,False,False,False,False,False
Sao Tome and Principe,STP,2016,Country or economy,Hydro,False,0.01,0.0,0.0,9.091,-0.909,0.0,0.0,0.0,,0.0,0.0,Africa,Africa,False,False,False,False,False
Sao Tome and Principe,STP,2016,Country or economy,Bioenergy,False,0.0,0.0,,0.0,0.0,0.0,0.0,0.0,,0.0,,Africa,Africa,False,False,False,False,False
Sao Tome and Principe,STP,2016,Country or economy,Other renewables,False,0.0,0.0,,0.0,0.0,0.0,0.0,0.0,,0.0,,Africa,Africa,False,False,False,False,False
Sao Tome and Principe,STP,2016,Country or economy,Nuclear,False,0.0,0.0,,0.0,0.0,0.0,0.0,0.0,,0.0,,Africa,Africa,False,False,False,False,False
Sao Tome and Principe,STP,2016,Country or economy,Coal,False,0.0,0.0,,0.0,0.0,,0.0,0.0,,0.0,,Africa,Africa,False,False,False,False,False
Sao Tome and Principe,STP,2016,Country or economy,Gas,False,0.0,0.0,,0.0,0.0,,0.0,0.0,,0.0,,Africa,Africa,False,False,False,False,False
Sao Tome and Principe,STP,2016,Country or economy,Other fossil,False,0.1,0.01,11.111,90.909,0.909,0.03,0.066,0.007,11.864,99.943,660.0,Africa,Africa,False,False,False,False,False
Sao Tome and Principe,STP,2016,Country or economy,Net imports,False,0.0,0.0,,0.0,0.0,,0.0,0.0,,0.0,,Africa,Africa,False,False,False,False,False
Sao Tome and Principe,STP,2016,Country or economy,Wind and solar,True,0.0,0.0,,0.0,0.0,0.0,0.0,0.0,,0.0,,Africa,Africa,False,False,False,False,False
Sao Tome and Principe,STP,2016,Country or economy,"Hydro, bioenergy and other renewables",True,0.01,0.0,0.0,9.091,-0.909,0.0,0.0,0.0,,0.0,0.0,Africa,Africa,False,False,False,False,False
Sao Tome and Principe,STP,2016,Country or economy,Renewables,True,0.01,0.0,0.0,9.091,-0.909,0.0,0.0,0.0,,0.0,0.0,Africa,Africa,False,False,False,False,False
Sao Tome and Principe,STP,2016,Country or economy,Clean,True,0.01,0.0,0.0,9.091,-0.909,0.0,0.0,0.0,,0.0,0.0,Africa,Africa,False,False,False,False,False
Sao Tome and Principe,STP,2016,Country or economy,Fossil,True,0.1,0.01,11.111,90.909,0.909,0.03,0.066,0.007,11.864,99.943,660.0,Africa,Africa,False,False,False,False,False
Sao Tome and Principe,STP,2016,Country or economy,Total generation,True,0.11,0.01,10.0,100.0,0.0,0.03,0.066,0.007,11.864,99.943,600.0,Africa,Africa,False,False,False,False,False
Sao Tome and Principe,STP,2016,Country or economy,Demand,True,0.11,0.01,10.0,100.0,0.0,,,,,,,Africa,Africa,False,False,False,False,False
Sao Tome and Principe,STP,2017,Country or economy,Solar,False,0.0,0.0,,0.0,0.0,0.0,0.0,0.0,,0.0,,Africa,Africa,False,False,False,False,False
Sao Tome and Principe,STP,2017,Country or economy,Wind,False,0.0,0.0,,0.0,0.0,0.0,0.0,0.0,,0.0,,Africa,Africa,False,False,False,False,False
Sao Tome and Principe,STP,2017,Country or economy,Hydro,False,0.0,-0.01,-100.0,0.0,-9.091,0.0,0.0,0.0,,0.0,,Africa,Africa,False,False,False,False,False
Sao Tome and Principe,STP,2017,Country or economy,Bioenergy,False,0.0,0.0,,0.0,0.0,0.0,0.0,0.0,,0.0,,Africa,Africa,False,False,False,False,False
Sao Tome and Principe,STP,2017,Country or economy,Other renewables,False,0.0,0.0,,0.0,0.0,0.0,0.0,0.0,,0.0,,Africa,Africa,False,False,False,False,False
Sao Tome and Principe,STP,2017,Country or economy,Nuclear,False,0.0,0.0,,0.0,0.0,0.0,0.0,0.0,,0.0,,Africa,Africa,False,False,False,False,False
Sao Tome and Principe,STP,2017,Country or economy,Coal,False,0.0,0.0,,0.0,0.0,,0.0,0.0,,0.0,,Africa,Africa,False,False,False,False,False
Sao Tome and Principe,STP,2017,Country or economy,Gas,False,0.0,0.0,,0.0,0.0,,0.0,0.0,,0.0,,Africa,Africa,False,False,False,False,False
Sao Tome and Principe,STP,2017,Country or economy,Other fossil,False,0.1,0.0,0.0,100.0,9.091,0.03,0.066,0.0,0.0,100.304,660.0,Africa,Africa,False,False,False,False,False
Sao Tome and Principe,STP,2017,Country or economy,Net imports,False,0.0,0.0,,0.0,0.0,,0.0,0.0,,0.0,,Africa,Africa,False,False,False,False,False
Sao Tome and Principe,STP,2017,Country or economy,Wind and solar,True,0.0,0.0,,0.0,0.0,0.0,0.0,0.0,,0.0,,Africa,Africa,False,False,False,False,False
Sao Tome and Principe,STP,2017,Country or economy,"Hydro, bioenergy and other renewables",True,0.0,-0.01,-100.0,0.0,-9.091,0.0,0.0,0.0,,0.0,,Africa,Africa,False,False,False,False,False
Sao Tome and Principe,STP,2017,Country or economy,Renewables,True,0.0,-0.01,-100.0,0.0,-9.091,0.0,0.0,0.0,,0.0,,Africa,Africa,False,False,False,False,False
Sao Tome and Principe,STP,2017,Country or economy,Clean,True,0.0,-0.01,-100.0,0.0,-9.091,0.0,0.0,0.0,,0.0,,Africa,Africa,False,False,False,False,False
Sao Tome and Principe,STP,2017,Country or economy,Fossil,True,0.1,0.0,0.0,100.0,9.091,0.03,0.066,0.0,0.0,100.304,660.0,Africa,Africa,False,False,False,False,False
Sao Tome and Principe,STP,2017,Country or economy,Total generation,True,0.1,-0.01,-9.091,100.0,0.0,0.03,0.066,0.0,0.0,100.304,660.0,Africa,Africa,False,False,False,False,False
Sao Tome and Principe,STP,2017,Country or economy,Demand,True,0.1,-0.01,-9.091,100.0,0.0,,,,,,,Africa,Africa,False,False,False,False,False
Sao Tome and Principe,STP,2018,Country or economy,Solar,False,0.0,0.0,,0.0,0.0,0.0,0.0,0.0,,0.0,,Africa,Africa,False,False,False,False,False
Sao Tome and Principe,STP,2018,Country or economy,Wind,False,0.0,0.0,,0.0,0.0,0.0,0.0,0.0,,0.0,,Africa,Africa,False,False,False,False,False
Sao Tome and Principe,STP,2018,Country or economy,Hydro,False,0.0,0.0,,0.0,0.0,0.0,0.0,0.0,,0.0,,Africa,Africa,False,False,False,False,False
Sao Tome and Principe,STP,2018,Country or economy,Bioenergy,False,0.0,0.0,,0.0,0.0,0.0,0.0,0.0,,0.0,,Africa,Africa,False,False,False,False,False
Sao Tome and Principe,STP,2018,Country or economy,Other renewables,False,0.0,0.0,,0.0,0.0,0.0,0.0,0.0,,0.0,,Africa,Africa,False,False,False,False,False
Sao Tome and Principe,STP,2018,Country or economy,Nuclear,False,0.0,0.0,,0.0,0.0,0.0,0.0,0.0,,0.0,,Africa,Africa,False,False,False,False,False
Sao Tome and Principe,STP,2018,Country or economy,Coal,False,0.0,0.0,,0.0,0.0,,0.0,0.0,,0.0,,Africa,Africa,False,False,False,False,False
Sao Tome and Principe,STP,2018,Country or economy,Gas,False,0.0,0.0,,0.0,0.0,,0.0,0.0,,0.0,,Africa,Africa,False,False,False,False,False
Sao Tome and Principe,STP,2018,Country or economy,Other fossil,False,0.1,0.0,0.0,100.0,0.0,0.03,0.066,0.0,0.0,100.304,660.0,Africa,Africa,False,False,False,False,False
Sao Tome and Principe,STP,2018,Country or economy,Net imports,False,0.0,0.0,,0.0,0.0,,0.0,0.0,,0.0,,Africa,Africa,False,False,False,False,False
Sao Tome and Principe,STP,2018,Country or economy,Wind and solar,True,0.0,0.0,,0.0,0.0,0.0,0.0,0.0,,0.0,,Africa,Africa,False,False,False,False,False
Sao Tome and Principe,STP,2018,Country or economy,"Hydro, bioenergy and other renewables",True,0.0,0.0,,0.0,0.0,0.0,0.0,0.0,,0.0,,Africa,Africa,False,False,False,False,False
Sao Tome and Principe,STP,2018,Country or economy,Renewables,True,0.0,0.0,,0.0,0.0,0.0,0.0,0.0,,0.0,,Africa,Africa,False,False,False,False,False
Sao Tome and Principe,STP,2018,Country or economy,Clean,True,0.0,0.0,,0.0,0.0,0.0,0.0,0.0,,0.0,,Africa,Africa,False,False,False,False,False
Sao Tome and Principe,STP,2018,Country or economy,Fossil,True,0.1,0.0,0.0,100.0,0.0,0.03,0.066,0.0,0.0,100.304,660.0,Africa,Africa,False,False,False,False,False
Sao Tome and Principe,STP,2018,Country or economy,Total generation,True,0.1,0.0,0.0,100.0,0.0,0.03,0.066,0.0,0.0,100.304,660.0,Africa,Africa,False,False,False,False,False
Sao Tome and Principe,STP,2018,Country or economy,Demand,True,0.1,0.0,0.0,100.0,0.0,,,,,,,Africa,Africa,False,False,False,False,False
Sao Tome and Principe,STP,2019,Country or economy,Solar,False,0.0,0.0,,0.0,0.0,0.0,0.0,0.0,,0.0,,Africa,Africa,False,False,False,False,False
Sao Tome and Principe,STP,2019,Country or economy,Wind,False,0.0,0.0,,0.0,0.0,0.0,0.0,0.0,,0.0,,Africa,Africa,False,False,False,False,False
Sao Tome and Principe,STP,2019,Country or economy,Hydro,False,0.01,0.01,,9.091,9.091,0.0,0.0,0.0,,0.0,0.0,Africa,Africa,False,False,False,False,False
Sao Tome and Principe,STP,2019,Country or economy,Bioenergy,False,0.0,0.0,,0.0,0.0,0.0,0.0,0.0,,0.0,,Africa,Africa,False,False,False,False,False
Sao Tome and Principe,STP,2019,Country or economy,Other renewables,False,0.0,0.0,,0.0,0.0,0.0,0.0,0.0,,0.0,,Africa,Africa,False,False,False,False,False
Sao Tome and Principe,STP,2019,Country or economy,Nuclear,False,0.0,0.0,,0.0,0.0,0.0,0.0,0.0,,0.0,,Africa,Africa,False,False,False,False,False
Sao Tome and Principe,STP,2019,Country or economy,Coal,False,0.0,0.0,,0.0,0.0,,0.0,0.0,,0.0,,Africa,Africa,False,False,False,False,False
Sao Tome and Principe,STP,2019,Country or economy,Gas,False,0.0,0.0,,0.0,0.0,,0.0,0.0,,0.0,,Africa,Africa,False,False,False,False,False
Sao Tome and Principe,STP,2019,Country or economy,Other fossil,False,0.1,0.0,0.0,90.909,-9.091,0.03,0.066,0.0,0.0,99.943,660.0,Africa,Africa,False,False,False,False,False
Sao Tome and Principe,STP,2019,Country or economy,Net imports,False,0.0,0.0,,0.0,0.0,,0.0,0.0,,0.0,,Africa,Africa,False,False,False,False,False
Sao Tome and Principe,STP,2019,Country or economy,Wind and solar,True,0.0,0.0,,0.0,0.0,0.0,0.0,0.0,,0.0,,Africa,Africa,False,False,False,False,False
Sao Tome and Principe,STP,2019,Country or economy,"Hydro, bioenergy and other renewables",True,0.01,0.01,,9.091,9.091,0.0,0.0,0.0,,0.0,0.0,Africa,Africa,False,False,False,False,False
Sao Tome and Principe,STP,2019,Country or economy,Renewables,True,0.01,0.01,,9.091,9.091,0.0,0.0,0.0,,0.0,0.0,Africa,Africa,False,False,False,False,False
Sao Tome and Principe,STP,2019,Country or economy,Clean,True,0.01,0.01,,9.091,9.091,0.0,0.0,0.0,,0.0,0.0,Africa,Africa,False,False,False,False,False
Sao Tome and Principe,STP,2019,Country or economy,Fossil,True,0.1,0.0,0.0,90.909,-9.091,0.03,0.066,0.0,0.0,99.943,660.0,Africa,Africa,False,False,False,False,False
Sao Tome and Principe,STP,2019,Country or economy,Total generation,True,0.11,0.01,10.0,100.0,0.0,0.03,0.066,0.0,0.0,99.943,600.0,Africa,Africa,False,False,False,False,False
Sao Tome and Principe,STP,2019,Country or economy,Demand,True,0.11,0.01,10.0,100.0,0.0,,,,,,,Africa,Africa,False,False,False,False,False
Sao Tome and Principe,STP,2020,Country or economy,Solar,False,0.0,0.0,,0.0,0.0,0.0,0.0,0.0,,0.0,,Africa,Africa,False,False,False,False,False
Sao Tome and Principe,STP,2020,Country or economy,Wind,False,0.0,0.0,,0.0,0.0,0.0,0.0,0.0,,0.0,,Africa,Africa,False,False,False,False,False
Sao Tome and Principe,STP,2020,Country or economy,Hydro,False,0.01,0.0,0.0,9.091,0.0,0.0,0.0,0.0,,0.0,0.0,Africa,Africa,False,False,False,False,False
Sao Tome and Principe,STP,2020,Country or economy,Bioenergy,False,0.0,0.0,,0.0,0.0,0.0,0.0,0.0,,0.0,,Africa,Africa,False,False,False,False,False
Sao Tome and Principe,STP,2020,Country or economy,Other renewables,False,0.0,0.0,,0.0,0.0,0.0,0.0,0.0,,0.0,,Africa,Africa,False,False,False,False,False
Sao Tome and Principe,STP,2020,Country or economy,Nuclear,False,0.0,0.0,,0.0,0.0,0.0,0.0,0.0,,0.0,,Africa,Africa,False,False,False,False,False
Sao Tome and Principe,STP,2020,Country or economy,Coal,False,0.0,0.0,,0.0,0.0,,0.0,0.0,,0.0,,Africa,Africa,False,False,False,False,False
Sao Tome and Principe,STP,2020,Country or economy,Gas,False,0.0,0.0,,0.0,0.0,,0.0,0.0,,0.0,,Africa,Africa,False,False,False,False,False
Sao Tome and Principe,STP,2020,Country or economy,Other fossil,False,0.1,0.0,0.0,90.909,0.0,0.03,0.066,0.0,0.0,99.943,660.0,Africa,Africa,False,False,False,False,False
Sao Tome and Principe,STP,2020,Country or economy,Net imports,False,0.0,0.0,,0.0,0.0,,0.0,0.0,,0.0,,Africa,Africa,False,False,False,False,False
Sao Tome and Principe,STP,2020,Country or economy,Wind and solar,True,0.0,0.0,,0.0,0.0,0.0,0.0,0.0,,0.0,,Africa,Africa,False,False,False,False,False
Sao Tome and Principe,STP,2020,Country or economy,"Hydro, bioenergy and other renewables",True,0.01,0.0,0.0,9.091,0.0,0.0,0.0,0.0,,0.0,0.0,Africa,Africa,False,False,False,False,False
Sao Tome and Principe,STP,2020,Country or economy,Renewables,True,0.01,0.0,0.0,9.091,0.0,0.0,0.0,0.0,,0.0,0.0,Africa,Africa,False,False,False,False,False
Sao Tome and Principe,STP,2020,Country or economy,Clean,True,0.01,0.0,0.0,9.091,0.0,0.0,0.0,0.0,,0.0,0.0,Africa,Africa,False,False,False,False,False
Sao Tome and Principe,STP,2020,Country or economy,Fossil,True,0.1,0.0,0.0,90.909,0.0,0.03,0.066,0.0,0.0,99.943,660.0,Africa,Africa,False,False,False,False,False
Sao Tome and Principe,STP,2020,Country or economy,Total generation,True,0.11,0.0,0.0,100.0,0.0,0.03,0.066,0.0,0.0,99.943,600.0,Africa,Africa,False,False,False,False,False
Sao Tome and Principe,STP,2020,Country or economy,Demand,True,0.11,0.0,0.0,100.0,0.0,,,,,,,Africa,Africa,False,False,False,False,False
Sao Tome and Principe,STP,2021,Country or economy,Solar,False,0.0,0.0,,0.0,0.0,0.0,0.0,0.0,,0.0,,Africa,Africa,False,False,False,False,False
Sao Tome and Principe,STP,2021,Country or economy,Wind,False,0.0,0.0,,0.0,0.0,0.0,0.0,0.0,,0.0,,Africa,Africa,False,False,False,False,False
Sao Tome and Principe,STP,2021,Country or economy,Hydro,False,0.01,0.0,0.0,9.091,0.0,0.0,0.0,0.0,,0.0,0.0,Africa,Africa,False,False,False,False,False
Sao Tome and Principe,STP,2021,Country or economy,Bioenergy,False,0.0,0.0,,0.0,0.0,0.0,0.0,0.0,,0.0,,Africa,Africa,False,False,False,False,False
Sao Tome and Principe,STP,2021,Country or economy,Other renewables,False,0.0,0.0,,0.0,0.0,0.0,0.0,0.0,,0.0,,Africa,Africa,False,False,False,False,False
Sao Tome and Principe,STP,2021,Country or economy,Nuclear,False,0.0,0.0,,0.0,0.0,0.0,0.0,0.0,,0.0,,Africa,Africa,False,False,False,False,False
Sao Tome and Principe,STP,2021,Country or economy,Coal,False,0.0,0.0,,0.0,0.0,,0.0,0.0,,0.0,,Africa,Africa,False,False,False,False,False
Sao Tome and Principe,STP,2021,Country or economy,Gas,False,0.0,0.0,,0.0,0.0,,0.0,0.0,,0.0,,Africa,Africa,False,False,False,False,False
Sao Tome and Principe,STP,2021,Country or economy,Other fossil,False,0.1,0.0,0.0,90.909,0.0,0.03,0.066,0.0,0.0,99.943,660.0,Africa,Africa,False,False,False,False,False
Sao Tome and Principe,STP,2021,Country or economy,Net imports,False,0.0,0.0,,0.0,0.0,,0.0,0.0,,0.0,,Africa,Africa,False,False,False,False,False
Sao Tome and Principe,STP,2021,Country or economy,Wind and solar,True,0.0,0.0,,0.0,0.0,0.0,0.0,0.0,,0.0,,Africa,Africa,False,False,False,False,False
Sao Tome and Principe,STP,2021,Country or economy,"Hydro, bioenergy and other renewables",True,0.01,0.0,0.0,9.091,0.0,0.0,0.0,0.0,,0.0,0.0,Africa,Africa,False,False,False,False,False
Sao Tome and Principe,STP,2021,Country or economy,Renewables,True,0.01,0.0,0.0,9.091,0.0,0.0,0.0,0.0,,0.0,0.0,Africa,Africa,False,False,False,False,False
Sao Tome and Principe,STP,2021,Country or economy,Clean,True,0.01,0.0,0.0,9.091,0.0,0.0,0.0,0.0,,0.0,0.0,Africa,Africa,False,False,False,False,False
Sao Tome and Principe,STP,2021,Country or economy,Fossil,True,0.1,0.0,0.0,90.909,0.0,0.03,0.066,0.0,0.0,99.943,660.0,Africa,Africa,False,False,False,False,False
Sao Tome and Principe,STP,2021,Country or economy,Total generation,True,0.11,0.0,0.0,100.0,0.0,0.03,0.066,0.0,0.0,99.943,600.0,Africa,Africa,False,False,False,False,False
Sao Tome and Principe,STP,2021,Country or economy,Demand,True,0.11,0.0,0.0,100.0,0.0,,,,,,,Africa,Africa,False,False,False,False,False
Sao Tome and Principe,STP,2022,Country or economy,Solar,False,0.0,0.0,,0.0,0.0,0.0,0.0,0.0,,0.0,,Africa,Africa,False,False,False,False,False
Sao Tome and Principe,STP,2022,Country or economy,Wind,False,0.0,0.0,,0.0,0.0,0.0,0.0,0.0,,0.0,,Africa,Africa,False,False,False,False,False
Sao Tome and Principe,STP,2022,Country or economy,Hydro,False,0.01,0.0,0.0,11.111,2.02,0.0,0.0,0.0,,0.0,0.0,Africa,Africa,False,False,False,False,False
Sao Tome and Principe,STP,2022,Country or economy,Bioenergy,False,0.0,0.0,,0.0,0.0,0.0,0.0,0.0,,0.0,,Africa,Africa,False,False,False,False,False
Sao Tome and Principe,STP,2022,Country or economy,Other renewables,False,0.0,0.0,,0.0,0.0,0.0,0.0,0.0,,0.0,,Africa,Africa,False,False,False,False,False
Sao Tome and Principe,STP,2022,Country or economy,Nuclear,False,0.0,0.0,,0.0,0.0,0.0,0.0,0.0,,0.0,,Africa,Africa,False,False,False,False,False
Sao Tome and Principe,STP,2022,Country or economy,Coal,False,0.0,0.0,,0.0,0.0,,0.0,0.0,,0.0,,Africa,Africa,False,False,False,False,False
Sao Tome and Principe,STP,2022,Country or economy,Gas,False,0.0,0.0,,0.0,0.0,,0.0,0.0,,0.0,,Africa,Africa,False,False,False,False,False
Sao Tome and Principe,STP,2022,Country or economy,Other fossil,False,0.08,-0.02,-20.0,88.889,-2.02,0.03,0.053,-0.013,-19.697,100.231,662.5,Africa,Africa,False,False,False,False,False
Sao Tome and Principe,STP,2022,Country or economy,Net imports,False,0.0,0.0,,0.0,0.0,,0.0,0.0,,0.0,,Africa,Africa,False,False,False,False,False
Sao Tome and Principe,STP,2022,Country or economy,Wind and solar,True,0.0,0.0,,0.0,0.0,0.0,0.0,0.0,,0.0,,Africa,Africa,False,False,False,False,False
Sao Tome and Principe,STP,2022,Country or economy,"Hydro, bioenergy and other renewables",True,0.01,0.0,0.0,11.111,2.02,0.0,0.0,0.0,,0.0,0.0,Africa,Africa,False,False,False,False,False
Sao Tome and Principe,STP,2022,Country or economy,Renewables,True,0.01,0.0,0.0,11.111,2.02,0.0,0.0,0.0,,0.0,0.0,Africa,Africa,False,False,False,False,False
Sao Tome and Principe,STP,2022,Country or economy,Clean,True,0.01,0.0,0.0,11.111,2.02,0.0,0.0,0.0,,0.0,0.0,Africa,Africa,False,False,False,False,False
Sao Tome and Principe,STP,2022,Country or economy,Fossil,True,0.08,-0.02,-20.0,88.889,-2.02,0.03,0.053,-0.013,-19.697,100.231,662.5,Africa,Africa,False,False,False,False,False
Sao Tome and Principe,STP,2022,Country or economy,Total generation,True,0.09,-0.02,-18.182,100.0,0.0,0.03,0.053,-0.013,-19.697,100.231,588.889,Africa,Africa,False,False,False,False,False
Sao Tome and Principe,STP,2022,Country or economy,Demand,True,0.09,-0.02,-18.182,100.0,0.0,,,,,,,Africa,Africa,False,False,False,False,False
Sao Tome and Principe,STP,2023,Country or economy,Solar,False,0.0,0.0,,0.0,0.0,0.0,0.0,0.0,,0.0,,Africa,Africa,False,False,False,False,False
Sao Tome and Principe,STP,2023,Country or economy,Wind,False,0.0,0.0,,0.0,0.0,0.0,0.0,0.0,,0.0,,Africa,Africa,False,False,False,False,False
Sao Tome and Principe,STP,2023,Country or economy,Hydro,False,0.01,0.0,0.0,11.111,0.0,0.0,0.0,0.0,,0.0,0.0,Africa,Africa,False,False,False,False,False
Sao Tome and Principe,STP,2023,Country or economy,Bioenergy,False,0.0,0.0,,0.0,0.0,0.0,0.0,0.0,,0.0,,Africa,Africa,False,False,False,False,False
Sao Tome and Principe,STP,2023,Country or economy,Other renewables,False,0.0,0.0,,0.0,0.0,0.0,0.0,0.0,,0.0,,Africa,Africa,False,False,False,False,False
Sao Tome and Principe,STP,2023,Country or economy,Nuclear,False,0.0,0.0,,0.0,0.0,0.0,0.0,0.0,,0.0,,Africa,Africa,False,False,False,False,False
Sao Tome and Principe,STP,2023,Country or economy,Coal,False,0.0,0.0,,0.0,0.0,,0.0,0.0,,0.0,,Africa,Africa,False,False,False,False,False
Sao Tome and Principe,STP,2023,Country or economy,Gas,False,0.0,0.0,,0.0,0.0,,0.0,0.0,,0.0,,Africa,Africa,False,False,False,False,False
Sao Tome and Principe,STP,2023,Country or economy,Other fossil,False,0.08,0.0,0.0,88.889,0.0,0.03,0.053,0.0,0.0,100.231,662.5,Africa,Africa,False,False,False,False,False
Sao Tome and Principe,STP,2023,Country or economy,Net imports,False,0.0,0.0,,0.0,0.0,,0.0,0.0,,0.0,,Africa,Africa,False,False,False,False,False
Sao Tome and Principe,STP,2023,Country or economy,Wind and solar,True,0.0,0.0,,0.0,0.0,0.0,0.0,0.0,,0.0,,Africa,Africa,False,False,False,False,False
Sao Tome and Principe,STP,2023,Country or economy,"Hydro, bioenergy and other renewables",True,0.01,0.0,0.0,11.111,0.0,0.0,0.0,0.0,,0.0,0.0,Africa,Africa,False,False,False,False,False
Sao Tome and Principe,STP,2023,Country or economy,Renewables,True,0.01,0.0,0.0,11.111,0.0,0.0,0.0,0.0,,0.0,0.0,Africa,Africa,False,False,False,False,False
Sao Tome and Principe,STP,2023,Country or economy,Clean,True,0.01,0.0,0.0,11.111,0.0,0.0,0.0,0.0,,0.0,0.0,Africa,Africa,False,False,False,False,False
Sao Tome and Principe,STP,2023,Country or economy,Fossil,True,0.08,0.0,0.0,88.889,0.0,0.03,0.053,0.0,0.0,100.231,662.5,Africa,Africa,False,False,False,False,False
Sao Tome and Principe,STP,2023,Country or economy,Total generation,True,0.09,0.0,0.0,100.0,0.0,0.03,0.053,0.0,0.0,100.231,588.889,Africa,Africa,False,False,False,False,False
Sao Tome and Principe,STP,2023,Country or economy,Demand,True,0.09,0.0,0.0,100.0,0.0,,,,,,,Africa,Africa,False,False,False,False,False
